{"@context":"http://greendelta.github.io/olca-schema/context.jsonld","@type":"UnitGroup","@id":"af16ae7e-3e04-408a-b8ae-5b3666dbe7f9","name":"Units of vehicle transport","version":"00.00.000","category":{"@type":"Category","@id":"00d44049-4768-313c-b2a5-c2d545f8e0ec","name":"Technical unit groups"},"units":[{"@type":"Unit","@id":"19a89180-e40c-4f6b-bcd3-d7347566d1e7","name":"v*km","description":"Vehicle-kilometer","version":"00.00.000","referenceUnit":true,"conversionFactor":1.0,"synonyms":["vkm"]}],"defaultFlowProperty":{"@type":"FlowProperty","@id":"ecbe0a5d-f397-4b74-993d-32d231e4bcf9","name":"Vehicle transport"}}