{"@context":"http://greendelta.github.io/olca-schema/context.jsonld","@type":"Process","@id":"2b091e0d-d0de-31a1-89db-3f51a9c5cf12","name":"Electricity, nuclear, at power plant","description":"\nImportant note: although most of the data in the US LCI database has \nundergone some sort of review, the database as a whole has not yet \nundergone a formal validation process.\nPlease email comments to lci@nrel.gov.","version":"00.00.002","lastChange":"2019-07-22T17:03:09.962-04:00","category":{"@type":"Category","@id":"22b8f169-c337-3c11-98a7-cc688afb99b3","name":"2211: Electric Power Generation, Transmission and Distribution","categoryPath":["22: Utilities"],"categoryType":"Process"},"processType":"UNIT_PROCESS","defaultAllocationMethod":"NO_ALLOCATION","infrastructureProcess":false,"location":{"@type":"Location","@id":"b320e7db-c758-3ba6-8839-81eb83c9d7d7","name":"Northern America"},"processDocumentation":{"@type":"ProcessDocumentation","technologyDescription":"Representative of light water reactors in use in the United States as of 2000.","restrictionsDescription":"All information can be accessed by everybody.","copyright":false,"validFrom":"1996-12-31-05:00","validUntil":"2002-12-31-05:00","creationDate":"2013-10-22T11:03:44-04:00","geographyDescription":"United States","dataDocumentor":{"@type":"Actor","@id":"c5006977-fdaf-3b1c-8000-cd7ebc9d2b62","name":"Franklin Associates"},"dataGenerator":{"@type":"Actor","@id":"c5006977-fdaf-3b1c-8000-cd7ebc9d2b62","name":"Franklin Associates"},"publication":{"@type":"Source","@id":"aa2a8b76-f8d4-376a-8e2d-9d08cd7e303e","name":"Franklin Associates (2004) Uranium Fuel Consumption"},"sources":[{"@type":"Source","@id":"3cfcf6f5-b7c4-3c3d-86a5-7478e165ec22","name":"Finch, W.I. "},{"@type":"Source","@id":"87d24665-74f3-36f9-9042-4d68756b35c9","name":"Energy Information Administration "},{"@type":"Source","@id":"3c45cb6d-ff05-3a41-88a4-d746c0f17ec8","name":"Energy Information Administration "},{"@type":"Source","@id":"10411864-7742-39f8-b6f4-df0f2622755e","name":"WISE Uranium Project "},{"@type":"Source","@id":"aa2a8b76-f8d4-376a-8e2d-9d08cd7e303e","name":"Franklin Associates (2004) Uranium Fuel Consumption"}]},"lastInternalId":0,"exchanges":[{"@type":"Exchange","avoidedProduct":false,"input":false,"amount":1.0,"internalId":1,"flow":{"@type":"Flow","@id":"9e321869-bd1f-3c93-8528-8f198de2fa2b","name":"Electricity, nuclear, at power plant","categoryPath":["Technosphere Flows","22: Utilities","2211: Electric Power Generation, Transmission and Distribution"],"flowType":"PRODUCT_FLOW","location":"RNA","refUnit":"MJ"},"unit":{"@type":"Unit","@id":"86ad2244-1f0e-4912-af53-7865283103e4","name":"kWh"},"flowProperty":{"@type":"FlowProperty","@id":"f6811440-ee37-11de-8a39-0800200c9a66","name":"Energy","categoryPath":["Technical flow properties"]},"quantitativeReference":true},{"@type":"Exchange","avoidedProduct":false,"input":true,"amount":3.0391E-6,"internalId":2,"defaultProvider":{"@type":"Process","@id":"a626a6b9-3877-36f5-ac98-f5844b6348dd","name":"Fuel grade uranium, at regional storage","categoryPath":["31-33: Manufacturing","3251: Basic Chemical Manufacturing"],"processType":"UNIT_PROCESS","location":"RNA"},"flow":{"@type":"Flow","@id":"64e4081e-3bbf-3576-ad3e-d760aa93c187","name":"Fuel grade uranium, at regional storage","categoryPath":["Technosphere Flows","31-33: Manufacturing","3251: Basic Chemical Manufacturing"],"flowType":"PRODUCT_FLOW","location":"RNA","refUnit":"kg"},"unit":{"@type":"Unit","@id":"20aadc24-a391-41cf-b340-3e4529f44bde","name":"kg"},"flowProperty":{"@type":"FlowProperty","@id":"93a60a56-a3c8-11da-a746-0800200b9a66","name":"Mass","categoryPath":["Technical flow properties"]}}]}