{"@context":"http://greendelta.github.io/olca-schema/context.jsonld","@type":"Process","@id":"ee8077d4-d28c-46c4-9f15-5b22bce6063d","name":"Natural gas, at processing, production mixture, to consumer, kg","description":"This process combines natural gas extracted by conventional and unconventional means for processing, based on their percentage share in the US natural gas production mix. The percentages are based on EIA 2014 for each of the extraction type which Franklin Associates summed up to calculate the total percentages for conventional and shale gas extraction in the US natural gas production mix. The data module also apportions environmental emissions according to the percent share of conventional and unconventional natural gas.","version":"00.00.019","lastChange":"2020-07-02T04:21:53.570-04:00","category":{"@type":"Category","@id":"b22278b5-8607-3d1e-8456-ef3fd9a84857","name":"2111: Oil and Gas Extraction","categoryPath":["21: Mining, Quarrying, and Oil and Gas Extraction"],"categoryType":"Process"},"processType":"UNIT_PROCESS","defaultAllocationMethod":"NO_ALLOCATION","infrastructureProcess":false,"location":{"@type":"Location","@id":"0b3b97fa-6688-3c56-88ee-4ae80ec0c3c2","name":"United States"},"processDocumentation":{"@type":"ProcessDocumentation","timeDescription":"GREET 2017","technologyDescription":"US natural gas production mix","dataCollectionDescription":"GREET 2017","completenessDescription":"TREATMENT OF MISSING ENVIRONMENTAL DATA: Elementary flows are cut-off at less than 1% based on environmental relevance.\r\nTREATMENT OF MISSING TECHNOSPHERE DATA: Intermediate flows are cut-off is at 1%  based on environmental relevance.\r\nMASS BALANCE: The mass balance was calculated by a straight comparison of inputs and outputs","dataSelectionDescription":"This process combines the sources of natural gasextraction based on their percentage share in the US natural gas production mix. The percentages are based on EIA 2014 for each of the extraction type which Franklin Associates summed up to calculate the total percentages for conventional and shale gas extraction in the US natural gas production mix. ","reviewDetails":"Internal review of data entry proofreading, mass balance verification and data documentation.","dataTreatmentDescription":"The data module also apportions environmental emissions according to the percent share of conventional and unconventional natural gas.","inventoryMethodDescription":"LCI method was attributional. Compatible with TRACI","modelingConstantsDescription":"For the natural gas, at processing, production mix, to consumer, unit process, the inputs are natural gas, at processing, conventional and natural gas, at processing, shale gas unit processes with data from GREET 2017.","samplingDescription":"BOUNDARY CONDITIONS: The system boundary includes (1) natural gas extraction (2) energy inputs for the process, and (3) water inputs for the process.\r\nDATA COLLECTION: A weighted average was calculated from the processing data for conventionally and unconventionally extracted natural gas and used to develop the composite produced natural gas process. \r\nUNCERTAINTY ESTIMATION: All data were carefully evaluated before compiling the production-weighted average data sets used to generate results. No uncertainty analysis was carried out due to the lack of uncertainty data or probability distributions for key parameters, which are often only available as single point estimates from the producers.\r\n","restrictionsDescription":"These U.S. LCI Database Project data (\"Data\") are provided by the National Renewable Energy Laboratory (\"NREL\"), operated by the Alliance for Sustainable Energy, LLC (\"Alliance\") for the US Department of Energy (\"DOE\") under Contract No. DE-AC36-08GO28308. The United States Government (the \"Government\") retains and the user acknowledges that the Government retains a non-exclusive, paid-up, irrevocable, worldwide license to publish or reproduce the published form of these data, or allow others to do so, for Government purposes.\r\n\r\nAccess to and use of these Data shall impose the following obligations on the user, as set forth in this Agreement. The user is granted the right, without any fee or cost, to use, copy, modify, alter, enhance and distribute these Data for any purpose whatsoever, provided that this entire notice appears in all copies of the Data. Any modification, alteration or enhancement of these data shall be identified and documented by the user. Further, the user agrees to credit the DOE/NREL/Alliance in any publication that results from the use of these Data. The names DOE/NREL/Alliance, however, may not be used in any advertising or publicity to endorse or promote any products or commercial entities unless specific written permission is obtained from DOE/NREL/Alliance. The user also understands that DOE/NREL/Alliance is not obligated to provide the user with any support, consulting, training or assistance of any kind with regard to the use of these Data or to provide the user with any updates, revisions or new versions of these Data.\r\n\r\nYOU AGREE TO INDEMNIFY THE GOVERNMENT AND DOE/NREL/ALLIANCE, AND ITS SUBSIDIARIES, AFFILIATES, OFFICERS, AGENTS, AND EMPLOYEES AGAINST ANY CLAIM OR DEMAND, INCLUDING REASONABLE ATTORNEYS\u0027 FEES, RELATED TO YOUR USE OF THESE DATA. THESE DATA ARE PROVIDED BY DOE/NREL/ALLIANCE \"AS IS\" AND ANY EXPRESS OR IMPLIED WARRANTIES, INCLUDING BUT NOT LIMITED TO, THE IMPLIED WARRANTIES OF MERCHANTABILITY AND FITNESS FOR A PARTICULAR PURPOSE ARE DISCLAIMED. IN NO EVENT SHALL THE GOVERNMENT OR DOE/NREL/ALLIANCE BE LIABLE FOR ANY SPECIAL, INDIRECT OR CONSEQUENTIAL DAMAGES OR ANY DAMAGES WHATSOEVER, INCLUDING BUT NOT LIMITED TO CLAIMS ASSOCIATED WITH THE LOSS OF DATA OR PROFITS, WHICH MAY RESULT FROM AN ACTION IN CONTRACT, NEGLIGENCE OR OTHER TORTIOUS CLAIM THAT ARISES OUT OF OR IN CONNECTION WITH THE ACCESS, USE OR PERFORMANCE OF THESE DATA.","copyright":false,"validFrom":"2013-12-31-05:00","validUntil":"2014-11-30-05:00","creationDate":"2019-03-08T16:30:18.062-05:00","intendedApplication":"\"Accounting, with system-external interactions\" - The intended application is a purely descriptive accounting / documentation of the analysed system including existing interactions with other systems in the LCI model. These data are an update to a previously published dataset which is a generic unit process data.","projectDescription":"These data are an update to a previously published dataset which is a generic unit process data.","geographyDescription":"US natural gas production mix","reviewer":{"@type":"Actor","@id":"38e67478-a915-43d9-ad67-e25db79a4acc","name":"Franklin Associates, A Division of ERG"},"dataDocumentor":{"@type":"Actor","@id":"38e67478-a915-43d9-ad67-e25db79a4acc","name":"Franklin Associates, A Division of ERG"},"dataGenerator":{"@type":"Actor","@id":"38e67478-a915-43d9-ad67-e25db79a4acc","name":"Franklin Associates, A Division of ERG"},"dataSetOwner":{"@type":"Actor","@id":"38e67478-a915-43d9-ad67-e25db79a4acc","name":"Franklin Associates, A Division of ERG"},"sources":[{"@type":"Source","@id":"c011f41f-2586-45aa-96f8-4d61150136ad","name":"ANL (2017) GREET 2017"},{"@type":"Source","@id":"6a1bdfd4-f69f-4aab-b9b2-38fc99b0c0a4","name":"US EIA (2014). Natural Gas Gross Withdrawls \u0026 Production"}]},"dqSystem":{"@type":"DQSystem","@id":"70bf370f-9912-4ec1-baa3-fbd4eaf85a10","name":"US EPA - Process Pedigree Matrix"},"dqEntry":"(4;1)","lastInternalId":3,"exchanges":[{"@type":"Exchange","avoidedProduct":false,"input":false,"amount":1.0,"internalId":1,"flow":{"@type":"Flow","@id":"1a30ee75-215c-47ab-8927-8d15cdf63407","name":"Natural gas, at processing, composite, kg","categoryPath":["Technosphere Flows","21: Mining, Quarrying, and Oil and Gas Extraction","2111: Oil and Gas Extraction"],"flowType":"PRODUCT_FLOW","refUnit":"kg"},"unit":{"@type":"Unit","@id":"20aadc24-a391-41cf-b340-3e4529f44bde","name":"kg"},"flowProperty":{"@type":"FlowProperty","@id":"93a60a56-a3c8-11da-a746-0800200b9a66","name":"Mass","categoryPath":["Technical flow properties"]},"quantitativeReference":true},{"@type":"Exchange","avoidedProduct":false,"input":true,"amount":0.51,"internalId":2,"defaultProvider":{"@type":"Process","@id":"8dcef86f-cf2c-4207-91aa-1398401fe8b7","name":"Natural gas, at processing, conventional, kg","categoryPath":["21: Mining, Quarrying, and Oil and Gas Extraction","2111: Oil and Gas Extraction"],"processType":"UNIT_PROCESS","location":"US"},"flow":{"@type":"Flow","@id":"7445d544-fd68-4cb8-9f75-00428a6b4c98","name":"Natural gas, at processing, conventional, kg","categoryPath":["Technosphere Flows","21: Mining, Quarrying, and Oil and Gas Extraction","2111: Oil and Gas Extraction"],"flowType":"PRODUCT_FLOW","refUnit":"kg"},"unit":{"@type":"Unit","@id":"20aadc24-a391-41cf-b340-3e4529f44bde","name":"kg"},"flowProperty":{"@type":"FlowProperty","@id":"93a60a56-a3c8-11da-a746-0800200b9a66","name":"Mass","categoryPath":["Technical flow properties"]}},{"@type":"Exchange","avoidedProduct":false,"input":true,"amount":0.49,"internalId":3,"defaultProvider":{"@type":"Process","@id":"7bfdfa88-b857-4a4a-bbb9-3f51ddc15d30","name":"Natural gas, at processing, shale, kg","categoryPath":["21: Mining, Quarrying, and Oil and Gas Extraction","2111: Oil and Gas Extraction"],"processType":"UNIT_PROCESS","location":"US"},"flow":{"@type":"Flow","@id":"5fad297f-057e-468c-8ae1-bd4ef37514f3","name":"Natural gas, at processing, shale, kg","categoryPath":["Technosphere Flows","21: Mining, Quarrying, and Oil and Gas Extraction","2111: Oil and Gas Extraction"],"flowType":"PRODUCT_FLOW","refUnit":"kg"},"unit":{"@type":"Unit","@id":"20aadc24-a391-41cf-b340-3e4529f44bde","name":"kg"},"flowProperty":{"@type":"FlowProperty","@id":"93a60a56-a3c8-11da-a746-0800200b9a66","name":"Mass","categoryPath":["Technical flow properties"]}}]}