{"@context":"http://greendelta.github.io/olca-schema/context.jsonld","@type":"Source","@id":"88f7af3b-b2d0-3ff8-bc8d-8175438699f3","name":"LCA Digital Commons Unit Process Data: field crop production, Version 1 2012","description":"project report","version":"00.00.000","url":"dx.doi.org/10.15482/USDA.ADC/1226080","textReference":"Cooper, J.S., E. Kahn, M. Noon (2012) LCA Digital Commons Unit Process Data: field crop production, Version 1, prepared for the United States Department of Agriculture National Agricultural Library under specific cooperative agreement 58-8201-0-149 2012"}