{"@context":"http://greendelta.github.io/olca-schema/context.jsonld","@type":"Flow","@id":"06581fb2-1de0-3e78-8298-f37605dea142","name":"Electricity, at grid","version":"00.00.006","lastChange":"2019-09-19T13:17:38.482-04:00","category":{"@type":"Category","@id":"5112b1c6-9166-3f13-b704-9ecf268d0f9f","name":"2211: Electric Power Generation, Transmission and Distribution","categoryPath":["Technosphere Flows","22: Utilities"],"categoryType":"Flow"},"flowType":"PRODUCT_FLOW","infrastructureFlow":false,"location":{"@type":"Location","@id":"b320e7db-c758-3ba6-8839-81eb83c9d7d7","name":"Northern America"},"flowProperties":[{"@type":"FlowPropertyFactor","referenceFlowProperty":true,"flowProperty":{"@type":"FlowProperty","@id":"f6811440-ee37-11de-8a39-0800200c9a66","name":"Energy","categoryPath":["Technical flow properties"]},"conversionFactor":1.0}]}