{"@context":"http://greendelta.github.io/olca-schema/context.jsonld","@type":"Flow","@id":"17f224af-6c5a-39df-892e-ea4c10be928a","name":"Uranium oxide","description":"From FedElemFlowList_1.0.1.1. Flow Class: Geological. Preferred flow.","version":"01.00.001","lastChange":"2020-02-21T09:11:46.902-05:00","category":{"@type":"Category","@id":"bd53d429-278a-3bc7-aa05-bd6de6aaa76a","name":"ground","categoryPath":["Elementary flows","resource"],"categoryType":"Flow"},"flowType":"ELEMENTARY_FLOW","cas":"1344-59-8","formula":"U3O8","infrastructureFlow":false,"flowProperties":[{"@type":"FlowPropertyFactor","referenceFlowProperty":true,"flowProperty":{"@type":"FlowProperty","@id":"f6811440-ee37-11de-8a39-0800200c9a66","name":"Energy","categoryPath":["Technical flow properties"]},"conversionFactor":1.0}]}