{"@context":"http://greendelta.github.io/olca-schema/context.jsonld","@type":"Flow","@id":"1d674722-7562-4360-8677-93bf36a9a57a","name":"Natural gas, at extraction, coal bed methane, kg","description":"This flow provides natural gas extracted from coal bed methane.","version":"00.00.007","lastChange":"2019-10-02T13:24:14.945-04:00","category":{"@type":"Category","@id":"be53b4a2-856a-3235-8a18-5a03ed69f80a","name":"2111: Oil and Gas Extraction","categoryPath":["Technosphere Flows","21: Mining, Quarrying, and Oil and Gas Extraction"],"categoryType":"Flow"},"flowType":"PRODUCT_FLOW","infrastructureFlow":false,"flowProperties":[{"@type":"FlowPropertyFactor","referenceFlowProperty":true,"flowProperty":{"@type":"FlowProperty","@id":"93a60a56-a3c8-11da-a746-0800200b9a66","name":"Mass","categoryPath":["Technical flow properties"]},"conversionFactor":1.0}]}