{"@context":"http://greendelta.github.io/olca-schema/context.jsonld","@type":"Flow","@id":"38b7760e-42fa-3d33-b91c-67d348d99097","name":"Magnesium","description":"From FedElemFlowList_1.0.1.1. Flow Class: Chemicals. Not a preferred flow.","version":"01.00.001","lastChange":"2020-02-21T09:11:41.153-05:00","category":{"@type":"Category","@id":"377c08bc-8c6e-3536-89ab-ae479326c8d4","name":"air","categoryPath":["Elementary flows","emission"],"categoryType":"Flow"},"flowType":"ELEMENTARY_FLOW","cas":"7439-95-4","formula":"Mg","infrastructureFlow":false,"flowProperties":[{"@type":"FlowPropertyFactor","referenceFlowProperty":true,"flowProperty":{"@type":"FlowProperty","@id":"93a60a56-a3c8-11da-a746-0800200b9a66","name":"Mass","categoryPath":["Technical flow properties"]},"conversionFactor":1.0}]}