{"@context":"http://greendelta.github.io/olca-schema/context.jsonld","@type":"Flow","@id":"4f1bfabb-f0d3-3f1f-a905-2fd9b36bbfa0","name":"Petroleum coke, at refinery","version":"00.00.003","lastChange":"2019-09-19T13:45:07.495-04:00","category":{"@type":"Category","@id":"fad87d56-559c-3cfe-9da7-5c02c4ca5355","name":"3241: Petroleum and Coal Products Manufacturing","categoryPath":["Technosphere Flows","31-33: Manufacturing"],"categoryType":"Flow"},"flowType":"PRODUCT_FLOW","infrastructureFlow":false,"location":{"@type":"Location","@id":"b320e7db-c758-3ba6-8839-81eb83c9d7d7","name":"Northern America"},"flowProperties":[{"@type":"FlowPropertyFactor","referenceFlowProperty":true,"flowProperty":{"@type":"FlowProperty","@id":"93a60a56-a3c8-11da-a746-0800200b9a66","name":"Mass","categoryPath":["Technical flow properties"]},"conversionFactor":1.0}]}