{"@context":"http://greendelta.github.io/olca-schema/context.jsonld","@type":"Flow","@id":"5f96ad43-abab-3b62-bcf8-c71f9d6c7881","name":"Petroleum refining coproduct, at refinery","description":"Mass (0.0515 kg/kg output from \u0027Petroleum refining, at refinery\u0027 used for allocation at petroleum refining. For internal offgas or material use. Specific Gravity: 0.74 at 68 ° F (USCG, 1999)","version":"00.00.007","lastChange":"2020-09-08T16:41:19.424-04:00","category":{"@type":"Category","@id":"fad87d56-559c-3cfe-9da7-5c02c4ca5355","name":"3241: Petroleum and Coal Products Manufacturing","categoryPath":["Technosphere Flows","31-33: Manufacturing"],"categoryType":"Flow"},"flowType":"PRODUCT_FLOW","cas":"CAS 8030-30-6","synonyms":"Naphtha, PETROLEUM NAPHTHA, Petroleum distillates; petroleum ether; includes clay-treated light naphthenic [64742-45-6]; low boiling [68477-31-6]; petroleum extracts [64742-06-9]; petroleum base oil [64742-46-7]; petroleum 50 thinner, petroleum spirits [64475-85-0], Soltrol, VM\u0026P naphtha [8032-32-4]; Ligroine, and paint solvent; petroleum paraffins C5-C20 [64771-72-8]; hydrotreated light naphthenic [64742-53-6]; solvent refined light naphthenic [64741-97-5]; and machine coolant 1","infrastructureFlow":false,"location":{"@type":"Location","@id":"b320e7db-c758-3ba6-8839-81eb83c9d7d7","name":"Northern America"},"flowProperties":[{"@type":"FlowPropertyFactor","flowProperty":{"@type":"FlowProperty","@id":"93a60a56-a3c8-22da-a746-0800200c9a66","name":"Volume","categoryPath":["Technical flow properties"]},"conversionFactor":0.001351351},{"@type":"FlowPropertyFactor","referenceFlowProperty":true,"flowProperty":{"@type":"FlowProperty","@id":"93a60a56-a3c8-11da-a746-0800200b9a66","name":"Mass","categoryPath":["Technical flow properties"]},"conversionFactor":1.0}]}