{"@context":"http://greendelta.github.io/olca-schema/context.jsonld","@type":"Flow","@id":"64e4081e-3bbf-3576-ad3e-d760aa93c187","name":"Fuel grade uranium, at regional storage","version":"00.00.003","lastChange":"2019-09-19T13:46:11.137-04:00","category":{"@type":"Category","@id":"2665bab2-c905-3680-8ad7-16954f1ea251","name":"3251: Basic Chemical Manufacturing","categoryPath":["Technosphere Flows","31-33: Manufacturing"],"categoryType":"Flow"},"flowType":"PRODUCT_FLOW","infrastructureFlow":false,"location":{"@type":"Location","@id":"b320e7db-c758-3ba6-8839-81eb83c9d7d7","name":"Northern America"},"flowProperties":[{"@type":"FlowPropertyFactor","referenceFlowProperty":true,"flowProperty":{"@type":"FlowProperty","@id":"93a60a56-a3c8-11da-a746-0800200b9a66","name":"Mass","categoryPath":["Technical flow properties"]},"conversionFactor":1.0}]}