{"@context":"http://greendelta.github.io/olca-schema/context.jsonld","@type":"Flow","@id":"6c65fc34-c25e-3eb4-bc92-15bbfc457725","name":"Transport, ocean freighter, diesel powered","version":"00.00.003","lastChange":"2019-09-19T14:23:24.111-04:00","category":{"@type":"Category","@id":"85eec124-8c41-32f8-b7d6-9d109ac2d4af","name":"4831: Deep Sea, Coastal, and Great Lakes Water Transportation","categoryPath":["Technosphere Flows","48-49: Transportation and Warehousing"],"categoryType":"Flow"},"flowType":"PRODUCT_FLOW","infrastructureFlow":false,"location":{"@type":"Location","@id":"0b3b97fa-6688-3c56-88ee-4ae80ec0c3c2","name":"United States"},"flowProperties":[{"@type":"FlowPropertyFactor","referenceFlowProperty":true,"flowProperty":{"@type":"FlowProperty","@id":"838aaa20-0117-11db-92e3-0800200c9a66","name":"Goods transport (mass*distance)","categoryPath":["Technical flow properties"]},"conversionFactor":1.0}]}