{"@context":"http://greendelta.github.io/olca-schema/context.jsonld","@type":"Flow","@id":"7445d544-fd68-4cb8-9f75-00428a6b4c98","name":"Natural gas, at processing, conventional, kg","description":"Conventional natural gas processing uses extracted natural gas by conventional technologies, and processes it to yield a marketable product. This flow provides natural gas extracted by conventional means.","version":"00.00.008","lastChange":"2019-10-02T13:23:09.053-04:00","category":{"@type":"Category","@id":"be53b4a2-856a-3235-8a18-5a03ed69f80a","name":"2111: Oil and Gas Extraction","categoryPath":["Technosphere Flows","21: Mining, Quarrying, and Oil and Gas Extraction"],"categoryType":"Flow"},"flowType":"PRODUCT_FLOW","cas":"","formula":"","infrastructureFlow":false,"flowProperties":[{"@type":"FlowPropertyFactor","referenceFlowProperty":true,"flowProperty":{"@type":"FlowProperty","@id":"93a60a56-a3c8-11da-a746-0800200b9a66","name":"Mass","categoryPath":["Technical flow properties"]},"conversionFactor":1.0}]}