{"@context":"http://greendelta.github.io/olca-schema/context.jsonld","@type":"Flow","@id":"7b8d7c56-1021-37b6-be2c-3c92d8b9f026","name":"Electricity, other gases, unspecified,  at power plant","description":"CUTOFF flow","version":"00.00.004","category":{"@type":"Category","@id":"1a656790-0bd7-3fbc-b193-50dfbba1e8a0","name":"CUTOFF Flows","categoryPath":["Technosphere Flows"],"categoryType":"Flow"},"flowType":"PRODUCT_FLOW","cas":"NaN","formula":"NaN","infrastructureFlow":false,"flowProperties":[{"@type":"FlowPropertyFactor","referenceFlowProperty":true,"flowProperty":{"@type":"FlowProperty","@id":"f6811440-ee37-11de-8a39-0800200c9a66","name":"Energy","categoryPath":["Technical flow properties"]},"conversionFactor":1.0}]}