{"@context":"http://greendelta.github.io/olca-schema/context.jsonld","@type":"Flow","@id":"813325ee-9eb4-3825-9280-bee7b1a2e9a8","name":"Liquefied petroleum gas, at refinery","version":"00.00.004","lastChange":"2020-06-27T14:24:09.708-04:00","category":{"@type":"Category","@id":"fad87d56-559c-3cfe-9da7-5c02c4ca5355","name":"3241: Petroleum and Coal Products Manufacturing","categoryPath":["Technosphere Flows","31-33: Manufacturing"],"categoryType":"Flow"},"flowType":"PRODUCT_FLOW","infrastructureFlow":false,"location":{"@type":"Location","@id":"b320e7db-c758-3ba6-8839-81eb83c9d7d7","name":"Northern America"},"flowProperties":[{"@type":"FlowPropertyFactor","flowProperty":{"@type":"FlowProperty","@id":"93a60a56-a3c8-11da-a746-0800200b9a66","name":"Mass","categoryPath":["Technical flow properties"]},"conversionFactor":543.4782609},{"@type":"FlowPropertyFactor","referenceFlowProperty":true,"flowProperty":{"@type":"FlowProperty","@id":"93a60a56-a3c8-22da-a746-0800200c9a66","name":"Volume","categoryPath":["Technical flow properties"]},"conversionFactor":1.0}]}