{"@context":"http://greendelta.github.io/olca-schema/context.jsonld","@type":"Flow","@id":"81fab966-bdc6-3429-8d8b-3d2bd057f928","name":"Sodium(I)","description":"From FedElemFlowList_1.0.1.1. Flow Class: Chemicals. Not a preferred flow.","version":"01.00.001","lastChange":"2020-02-21T09:11:46.258-05:00","category":{"@type":"Category","@id":"4d599e48-40f7-33ea-8c13-b39bc7fc2fd6","name":"water","categoryPath":["Elementary flows","emission"],"categoryType":"Flow"},"flowType":"ELEMENTARY_FLOW","cas":"17341-25-2","formula":"[Na+]","infrastructureFlow":false,"flowProperties":[{"@type":"FlowPropertyFactor","referenceFlowProperty":true,"flowProperty":{"@type":"FlowProperty","@id":"93a60a56-a3c8-11da-a746-0800200b9a66","name":"Mass","categoryPath":["Technical flow properties"]},"conversionFactor":1.0}]}