{"@context":"http://greendelta.github.io/olca-schema/context.jsonld","@type":"Flow","@id":"9a474c27-63f9-3d0d-a74c-465fd97400e7","name":"Manganese","description":"From FedElemFlowList_1.0. Flow Class: Chemicals. Not a preferred flow.","version":"01.00.000","lastChange":"2019-09-11T10:11:18.312-04:00","category":{"@type":"Category","@id":"377c08bc-8c6e-3536-89ab-ae479326c8d4","name":"air","categoryPath":["Elementary flows","emission"],"categoryType":"Flow"},"flowType":"ELEMENTARY_FLOW","cas":"7439-96-5","formula":"Mn","infrastructureFlow":false,"flowProperties":[{"@type":"FlowPropertyFactor","referenceFlowProperty":true,"flowProperty":{"@type":"FlowProperty","@id":"93a60a56-a3c8-11da-a746-0800200b9a66","name":"Mass","categoryPath":["Technical flow properties"]},"conversionFactor":1.0}]}