{"@context":"http://greendelta.github.io/olca-schema/context.jsonld","@type":"Flow","@id":"ad1bd08b-d640-3605-803e-988d109197e0","name":"Natural gas","description":"From FedElemFlowList_1.0. Flow Class: Geological. Preferred flow.","version":"01.00.000","lastChange":"2019-09-11T10:21:52.892-04:00","category":{"@type":"Category","@id":"84c79538-e399-3cc1-86cd-9d69fb188a78","name":"subterranean","categoryPath":["Elementary flows","resource","air"],"categoryType":"Flow"},"flowType":"ELEMENTARY_FLOW","cas":"8006-61-9","infrastructureFlow":false,"flowProperties":[{"@type":"FlowPropertyFactor","referenceFlowProperty":true,"flowProperty":{"@type":"FlowProperty","@id":"f6811440-ee37-11de-8a39-0800200c9a66","name":"Energy","categoryPath":["Technical flow properties"]},"conversionFactor":1.0},{"@type":"FlowPropertyFactor","flowProperty":{"@type":"FlowProperty","@id":"93a60a56-a3c8-11da-a746-0800200b9a66","name":"Mass","categoryPath":["Technical flow properties"]},"conversionFactor":0.0191}]}