{"@context":"http://greendelta.github.io/olca-schema/context.jsonld","@type":"Flow","@id":"bc661fdc-7c3a-3ce3-81dd-7c3ac1f859a8","name":"2-Chloroacetophenone","description":"From FedElemFlowList_1.0. Flow Class: Chemicals. Not a preferred flow.","version":"01.00.000","lastChange":"2019-09-11T10:11:10.869-04:00","category":{"@type":"Category","@id":"e415bd6a-96e2-3c0b-beaf-91b244f94b30","name":"stratosphere","categoryPath":["Elementary flows","emission","air"],"categoryType":"Flow"},"flowType":"ELEMENTARY_FLOW","cas":"532-27-4","formula":"C8H7ClO","infrastructureFlow":false,"flowProperties":[{"@type":"FlowPropertyFactor","referenceFlowProperty":true,"flowProperty":{"@type":"FlowProperty","@id":"93a60a56-a3c8-11da-a746-0800200b9a66","name":"Mass","categoryPath":["Technical flow properties"]},"conversionFactor":1.0}]}