{"@context":"http://greendelta.github.io/olca-schema/context.jsonld","@type":"Flow","@id":"cf3a10a8-cc6a-3bf5-ada3-b2626091ed50","name":"Ammonium chloride","description":"From FedElemFlowList_1.0.1.1. Flow Class: Chemicals. Not a preferred flow.","version":"01.00.001","lastChange":"2020-02-21T09:11:41.403-05:00","category":{"@type":"Category","@id":"377c08bc-8c6e-3536-89ab-ae479326c8d4","name":"air","categoryPath":["Elementary flows","emission"],"categoryType":"Flow"},"flowType":"ELEMENTARY_FLOW","cas":"12125-02-9","formula":"ClH4N","infrastructureFlow":false,"flowProperties":[{"@type":"FlowPropertyFactor","referenceFlowProperty":true,"flowProperty":{"@type":"FlowProperty","@id":"93a60a56-a3c8-11da-a746-0800200b9a66","name":"Mass","categoryPath":["Technical flow properties"]},"conversionFactor":1.0}]}