{"@context":"http://greendelta.github.io/olca-schema/context.jsonld","@type":"Flow","@id":"cf99fc3b-5c94-31ca-a16b-c6c1f48b5054","name":"Radionuclides","description":"From FedElemFlowList_1.0.1.1. Flow Class: Groups. Not a preferred flow.","version":"01.00.001","lastChange":"2020-02-21T09:11:47.574-05:00","category":{"@type":"Category","@id":"4d599e48-40f7-33ea-8c13-b39bc7fc2fd6","name":"water","categoryPath":["Elementary flows","emission"],"categoryType":"Flow"},"flowType":"ELEMENTARY_FLOW","infrastructureFlow":false,"flowProperties":[{"@type":"FlowPropertyFactor","referenceFlowProperty":true,"flowProperty":{"@type":"FlowProperty","@id":"93a60a56-a3c8-17da-a746-0800200c9a66","name":"Radioactivity","categoryPath":["Technical flow properties"]},"conversionFactor":1.0}]}