{"@context":"http://greendelta.github.io/olca-schema/context.jsonld","@type":"Flow","@id":"e2eb491c-78ff-3123-9e42-494c7d199b44","name":"Water","description":"From FedElemFlowList_1.0. Flow Class: Water. Not a preferred flow.","version":"01.00.000","lastChange":"2019-09-11T10:22:01.414-04:00","category":{"@type":"Category","@id":"ba518acf-67c1-38c4-9f6a-ec4876dc9aa5","name":"water","categoryPath":["Elementary flows","resource"],"categoryType":"Flow"},"flowType":"ELEMENTARY_FLOW","cas":"7732190","formula":"H2O","infrastructureFlow":false,"flowProperties":[{"@type":"FlowPropertyFactor","flowProperty":{"@type":"FlowProperty","@id":"93a60a56-a3c8-22da-a746-0800200c9a66","name":"Volume","categoryPath":["Technical flow properties"]},"conversionFactor":0.001},{"@type":"FlowPropertyFactor","referenceFlowProperty":true,"flowProperty":{"@type":"FlowProperty","@id":"93a60a56-a3c8-11da-a746-0800200b9a66","name":"Mass","categoryPath":["Technical flow properties"]},"conversionFactor":1.0}]}