{"@context":"http://greendelta.github.io/olca-schema/context.jsonld","@type":"Flow","@id":"e344d353-61b8-3be6-a2a5-fd5ee93d8a89","name":"Coal, bituminous","description":"From FedElemFlowList_1.0. Flow Class: Geological. Not a preferred flow.","version":"01.00.000","lastChange":"2019-09-11T10:21:52.813-04:00","category":{"@type":"Category","@id":"bd53d429-278a-3bc7-aa05-bd6de6aaa76a","name":"ground","categoryPath":["Elementary flows","resource"],"categoryType":"Flow"},"flowType":"ELEMENTARY_FLOW","infrastructureFlow":false,"flowProperties":[{"@type":"FlowPropertyFactor","flowProperty":{"@type":"FlowProperty","@id":"93a60a56-a3c8-11da-a746-0800200b9a66","name":"Mass","categoryPath":["Technical flow properties"]},"conversionFactor":0.0367},{"@type":"FlowPropertyFactor","referenceFlowProperty":true,"flowProperty":{"@type":"FlowProperty","@id":"f6811440-ee37-11de-8a39-0800200c9a66","name":"Energy","categoryPath":["Technical flow properties"]},"conversionFactor":1.0}]}