{"@context":"http://greendelta.github.io/olca-schema/context.jsonld","@type":"ProductSystem","@id":"13d46019-284d-4d30-809b-597bf396d2ea","name":"winter wheat; at harvest; at farm; wet basis","description":"This product system represents a set of connected unit processes for the production of one unit of referenced product. All unit processes in the system are consistent with the geographical and temporal specificity of the reference unit process.","version":"00.00.000","referenceProcess":{"@type":"Process","@id":"a85fd7ae-4a7b-318c-8405-9e7632088531","name":"winter wheat; at harvest; at farm; wet basis"},"referenceExchange":{"@type":"Exchange","internalId":1,"name":"winter wheat; at harvest; at farm; wet basis"},"targetFlowProperty":{"@type":"FlowProperty","@id":"93a60a56-a3c8-11da-a746-0800200b9a66","name":"Mass"},"targetUnit":{"@type":"Unit","@id":"20aadc24-a391-41cf-b340-3e4529f44bde","name":"kg"},"targetAmount":1.0,"processes":[{"@type":"Process","@id":"67116887-c345-33b2-be64-4a5d19023e50","name":"apply fertilizer; with incorporation, self-propelled broadcast sprayer, winter wheat; at farm"},{"@type":"Process","@id":"6c1fde46-647d-344e-a501-3f4ddbe05504","name":"operation of Broadcast sprayer; for growing winter wheat; at farm; 250HP, 90 ft wide"},{"@type":"Process","@id":"dc497f77-aa4b-3f5b-c307-19d7a3071c0b","name":"work; sprayers for growing win wheat, 2014 fleet, all fuels; 175-300HP"},{"@type":"Process","@id":"b4666e46-0fe4-332b-a729-0b4a04cb64d6","name":"operation of Chisel plow (Chisel, st. pt.); for growing winter wheat; at farm; 310HP tractor, 36 ft wide"},{"@type":"Process","@id":"57f131f7-9d77-9b82-c661-c7ef1165c44f","name":"work; ag. tractors for growing win wheat, 2014 fleet, all fuels; 300-600HP"},{"@type":"Process","@id":"d5a8c303-4556-3cec-aaaf-567284e09ee2","name":"operation of Chisel plow (Chisel, st. pt.); for growing winter wheat; at farm; 225HP tractor, 28 ft wide"},{"@type":"Process","@id":"c65a6541-ad3e-17c0-ba58-4fd8475bdd38","name":"work; ag. tractors for growing win wheat, 2014 fleet, all fuels; 175-300HP"},{"@type":"Process","@id":"af1a6b39-575e-39cf-9228-9120f9c6fab6","name":"operation of Broadcast sprayer; for growing winter wheat; at farm; 125HP, 60 ft wide"},{"@type":"Process","@id":"97ad956b-836e-494c-e8d5-53bd23f36d7c","name":"work; sprayers for growing win wheat, 2014 fleet, all fuels; 100-175HP"},{"@type":"Process","@id":"b1db10ad-9222-3ad4-b3e1-6e0bd6460b74","name":"operation of Chisel plow (Chisel, st. pt.); for growing winter wheat; at farm; 155HP tractor, 20 ft wide"},{"@type":"Process","@id":"9b44d38c-1818-3f78-d3a4-0500c2652c35","name":"work; ag. tractors for growing win wheat, 2014 fleet, all fuels; 100-175HP"},{"@type":"Process","@id":"80fb5d41-1fb7-3a9b-b72c-8cb6c21e929f","name":"apply fertilizer; with incorporation, drawn broadcast sprayer, winter wheat; at farm"},{"@type":"Process","@id":"34ca4d58-c035-3e7d-b529-43fd6cdaa2f7","name":"operation of Broadcast sprayer; for growing winter wheat; at farm; 60HP tractor, 37 ft wide"},{"@type":"Process","@id":"22f4d9e8-ffb0-fc1c-8844-6b74c4d55178","name":"work; ag. tractors for growing win wheat, 2014 fleet, all fuels; 50-100HP"},{"@type":"Process","@id":"9a3f9bd8-f975-394a-8f0e-0f6ac6a9d282","name":"operation of Broadcast sprayer; for growing winter wheat; at farm; 170HP tractor, 55 ft wide"},{"@type":"Process","@id":"82e2e317-5de4-35d6-9d74-02ef72be4254","name":"operation of Broadcast sprayer; for growing winter wheat; at farm; 150HP tractor, 51 ft wide"},{"@type":"Process","@id":"72ebb5e4-6515-d2e6-726e-2ee730ef06e4","name":"work; other ag. equip. for win wheat harvest, 2014 fleet, all fuels; 300-600HP"},{"@type":"Process","@id":"5f4e1dac-ed9f-3bc1-a973-f3612c82fa37","name":"operation of Harvester w/ pickup head (Forage harvester); for harvesting winter wheat; at farm; 315HP, 12 ft wide"},{"@type":"Process","@id":"a5e97a63-8488-3369-91c8-be0a0b4fff70","name":"harvest; self-propelled forage harvester, winter wheat residue; at farm"},{"@type":"Process","@id":"1219a0df-3f72-3f1d-9525-a22f3cb58891","name":"apply pesticide; broadcast with incorporation, self-propelled sprayer, winter wheat; at farm"},{"@type":"Process","@id":"9d047d55-6b6a-35ba-aa4a-549c99649b6b","name":"apply fertilizer; no broadcast, spot sprayer, winter wheat; at farm"},{"@type":"Process","@id":"f8f43f49-d36b-3f20-a3f4-adc16a7be69d","name":"operation of Spot sprayer; for growing winter wheat; at farm; 170HP tractor, 40 ft wide"},{"@type":"Process","@id":"735e57e6-7271-3404-b1a0-ae54157b26ec","name":"apply liming materials; spreader and chisel plow, winter wheat; at farm"},{"@type":"Process","@id":"a4a0dba1-7a5a-3a3d-be72-362e85810adb","name":"operation of Dry spreader; for growing winter wheat; at farm; 240HP tractor, 38 ft wide"},{"@type":"Process","@id":"d834d25f-231d-38cd-9ba8-c73a62862260","name":"operation of Dry spreader; for growing winter wheat; at farm; 190HP tractor, 31 ft wide"},{"@type":"Process","@id":"fde0ef84-5b07-3378-9c88-5ea00efd1846","name":"operation of Dry spreader; for growing winter wheat; at farm; 280HP tractor, 44 ft wide"},{"@type":"Process","@id":"2d969af2-6bf3-3e6e-803d-b546734753db","name":"apply fertilizer; without incorporation, drawn broadcast sprayer, winter wheat; at farm"},{"@type":"Process","@id":"6986d607-3356-3482-a730-d58ad6555c91","name":"operation of Forage harvester; for harvesting winter wheat; at farm; 100HP tractor, 6 ft wide"},{"@type":"Process","@id":"add05597-6103-924c-3b10-77ee0d25bbf9","name":"work; ag. tractors for win wheat harvest, 2014 fleet, all fuels; 50-100HP"},{"@type":"Process","@id":"27a1d175-5020-3dfa-8f44-aea8ff96804a","name":"harvest; drawn forage harvester, winter wheat residue; at farm"},{"@type":"Process","@id":"4edc8f7b-9746-337f-92a0-7198945c0f8a","name":"apply pesticide; broadcast without incorporation, self-propelled sprayer, winter wheat; at farm"},{"@type":"Process","@id":"1471e695-a03d-3e06-ba8b-4cedeb9bfe78","name":"apply pesticide; broadcast by air, winter wheat; at farm"},{"@type":"Process","@id":"4557f7b1-b4ab-37ae-94f2-ea88e9c9c770","name":"apply pesticide; broadcast with incorporation, drawn sprayer, winter wheat; at farm"},{"@type":"Process","@id":"3909b4d1-3cc6-3084-826c-ec395cf166f8","name":"apply pesticide; broadcast without incorporation, drawn sprayer, winter wheat; at farm"},{"@type":"Process","@id":"2ce2432e-5cf5-3873-8900-b5eaa4b7c06a","name":"harvest; combine with cart, winter wheat; at farm"},{"@type":"Process","@id":"f3474c0a-cc6e-34bf-b72f-fa76da84872f","name":"operation of Combine w/ grain head; for harvesting winter wheat; at farm; 275HP, 20 ft wide"},{"@type":"Process","@id":"44636971-e7f3-9ce7-474f-a8594853a572","name":"work; combines for win wheat harvest, 2014 fleet, all fuels; 175-300HP"},{"@type":"Process","@id":"bb0262cb-c171-3c59-ba85-8c21cb2b2b83","name":"operation of Combine w/ grain head; for harvesting winter wheat; at farm; 220HP, 20 ft wide"},{"@type":"Process","@id":"81a8a23b-0cb7-38a3-b0c6-351a655b1998","name":"operation of Wheat-sorghum grain cart; for harvesting winter wheat; at farm; 190HP tractor, 500 bu"},{"@type":"Process","@id":"366d688c-b490-f6ff-b666-25998cf5ecd2","name":"work; ag. tractors for win wheat harvest, 2014 fleet, all fuels; 175-300HP"},{"@type":"Process","@id":"ba91f78b-c797-38bd-b48b-55587d7c7f8c","name":"operation of Wheat-sorghum grain cart; for harvesting winter wheat; at farm; 190HP tractor, 1000 bu"},{"@type":"Process","@id":"37c522e5-a4d6-3c93-b16d-89cb67955110","name":"operation of Wheat-sorghum grain cart; for harvesting winter wheat; at farm; 190HP tractor, 700 bu"},{"@type":"Process","@id":"44e622dd-a34d-3c4c-bee2-37b6e7ec1b63","name":"apply pesticide; directed spray, winter wheat; at farm"},{"@type":"Process","@id":"1f3ed70b-b113-373e-8fc3-747b286dafe0","name":"operation of Directed sprayer; for growing winter wheat; at farm; 170HP tractor, R8-8"},{"@type":"Process","@id":"5159b020-9a5b-38bb-ad54-7916982b0aa6","name":"operation of Header-Wheat-sorghum; for harvesting winter wheat; at farm; 265HP tractor, 22 ft wide"},{"@type":"Process","@id":"224a7d47-a1a3-398e-a8ca-0c6863a8f230","name":"harvest; wheat header with cart, winter wheat; at farm"},{"@type":"Process","@id":"f2e37dc0-8975-30d2-8ebe-51aeae19350d","name":"operation of Header-Wheat-sorghum; for harvesting winter wheat; at farm; 325HP tractor, 25 ft wide"},{"@type":"Process","@id":"5bb512d3-d090-789e-d7db-9f84e5ea43ed","name":"work; ag. tractors for win wheat harvest, 2014 fleet, all fuels; 300-600HP"},{"@type":"Process","@id":"56db06bc-11d2-39ea-8170-55a1a451757a","name":"operation of Band sprayer; for growing winter wheat; at farm; 170HP tractor, 50 ft wide"},{"@type":"Process","@id":"0ce2d58e-84bf-3691-ac5c-ada0e82f241b","name":"apply fertilizer; no broadcast, band sprayer, winter wheat; at farm"},{"@type":"Process","@id":"b652ad05-d0c3-38e7-bda1-fb70bf0bca78","name":"apply fertilizer; no broadcast, directed sprayer, winter wheat; at farm"},{"@type":"Process","@id":"b707e961-4369-341a-a5c3-0321f8b697eb","name":"apply pesticide; foliar, winter wheat; at farm"},{"@type":"Process","@id":"c0a3c06d-17d6-3aa8-9b61-4be30e08fb3f","name":"apply fertilizer; without incorporation, fertilizer spreader, winter wheat; at farm"},{"@type":"Process","@id":"c1fb773e-544e-3cb3-8ad8-cd2ba794e4ed","name":"apply fertilizer; with incorporation, fertilizer spreader, winter wheat; at farm"},{"@type":"Process","@id":"5c86c736-7526-366c-bd26-92a08894503d","name":"operation of Header-Draper; for harvesting winter wheat; at farm; 325HP tractor, 30 ft wide"},{"@type":"Process","@id":"cdccacda-b93e-3f2e-9fe0-62b09ec63d79","name":"harvest; draper header with cart, winter wheat; at farm"},{"@type":"Process","@id":"ce3837a2-6c7d-382a-9474-bf893801544f","name":"apply fertilizer; without incorporation, self-propelled broadcast sprayer, winter wheat; at farm"},{"@type":"Process","@id":"91057ffa-a177-3342-9041-5b6c038ffddf","name":"operation of Tandem disk (Disk, tandem heavy primary op.); for growing winter wheat; at farm; 210HP tractor, 26 ft wide"},{"@type":"Process","@id":"38c147eb-d26e-3ed7-88d1-3cc0ecab45ce","name":"operation of Tandem disk (Disk, tandem heavy primary op.); for growing winter wheat; at farm; 90HP tractor, 11 ft wide"},{"@type":"Process","@id":"27987360-dec1-387e-9577-f16dff59a190","name":"operation of Tandem disk (Disk, tandem heavy primary op.); for growing winter wheat; at farm; 145HP tractor, 15 ft wide"},{"@type":"Process","@id":"7d8c3c55-c7ea-3178-b57d-00562778f439","name":"operation of Tandem disk (Disk, tandem secondary op.); for growing winter wheat; at farm; 175HP tractor, 26 ft wide"},{"@type":"Process","@id":"0618ecb2-35ab-37ed-8198-674177c58ada","name":"operation of Tandem disk (Disk, tandem secondary op.); for growing winter wheat; at farm; 120HP tractor, 15 ft wide"},{"@type":"Process","@id":"1c4d3fc1-1ae3-34ae-bcee-fa7782ab3f85","name":"operation of Tandem disk (Disk, tandem secondary op.); for growing winter wheat; at farm; 75HP tractor, 11 ft wide"},{"@type":"Process","@id":"f84ecdcf-4ae3-3cb7-8cf9-e65d66a597c0","name":"apply liming materials; spreader and tandem disks, winter wheat; at farm"},{"@type":"Process","@id":"a85fd7ae-4a7b-318c-8405-9e7632088531","name":"winter wheat; at harvest; at farm; wet basis"}],"processLinks":[{"@type":"ProcessLink","provider":{"@type":"Process","@id":"4557f7b1-b4ab-37ae-94f2-ea88e9c9c770","name":"apply pesticide; broadcast with incorporation, drawn sprayer, winter wheat; at farm"},"flow":{"@type":"Flow","@id":"2e2f84dd-80ab-3124-a074-da9555bcaf6b","name":"apply pesticide; broadcast with incorporation, drawn sprayer, winter wheat; at farm"},"process":{"@type":"Process","@id":"a85fd7ae-4a7b-318c-8405-9e7632088531","name":"winter wheat; at harvest; at farm; wet basis"},"exchange":{"@type":"Exchange","internalId":147,"name":"apply pesticide; broadcast with incorporation, drawn sprayer, winter wheat; at farm"}},{"@type":"ProcessLink","provider":{"@type":"Process","@id":"0618ecb2-35ab-37ed-8198-674177c58ada","name":"operation of Tandem disk (Disk, tandem secondary op.); for growing winter wheat; at farm; 120HP tractor, 15 ft wide"},"flow":{"@type":"Flow","@id":"b2b5d5b0-cb7f-3ff8-9b7b-f29e2b61da49","name":"operation of Tandem disk (Disk, tandem secondary op.); for growing winter wheat; at farm; 120HP tractor, 15 ft wide"},"process":{"@type":"Process","@id":"f84ecdcf-4ae3-3cb7-8cf9-e65d66a597c0","name":"apply liming materials; spreader and tandem disks, winter wheat; at farm"},"exchange":{"@type":"Exchange","internalId":2,"name":"operation of Tandem disk (Disk, tandem secondary op.); for growing winter wheat; at farm; 120HP tractor, 15 ft wide"}},{"@type":"ProcessLink","provider":{"@type":"Process","@id":"d834d25f-231d-38cd-9ba8-c73a62862260","name":"operation of Dry spreader; for growing winter wheat; at farm; 190HP tractor, 31 ft wide"},"flow":{"@type":"Flow","@id":"55d79cd0-ce1e-38e3-8f53-7d856c06c15d","name":"operation of Dry spreader; for growing winter wheat; at farm; 190HP tractor, 31 ft wide"},"process":{"@type":"Process","@id":"c1fb773e-544e-3cb3-8ad8-cd2ba794e4ed","name":"apply fertilizer; with incorporation, fertilizer spreader, winter wheat; at farm"},"exchange":{"@type":"Exchange","internalId":4,"name":"operation of Dry spreader; for growing winter wheat; at farm; 190HP tractor, 31 ft wide"}},{"@type":"ProcessLink","provider":{"@type":"Process","@id":"d834d25f-231d-38cd-9ba8-c73a62862260","name":"operation of Dry spreader; for growing winter wheat; at farm; 190HP tractor, 31 ft wide"},"flow":{"@type":"Flow","@id":"55d79cd0-ce1e-38e3-8f53-7d856c06c15d","name":"operation of Dry spreader; for growing winter wheat; at farm; 190HP tractor, 31 ft wide"},"process":{"@type":"Process","@id":"735e57e6-7271-3404-b1a0-ae54157b26ec","name":"apply liming materials; spreader and chisel plow, winter wheat; at farm"},"exchange":{"@type":"Exchange","internalId":3,"name":"operation of Dry spreader; for growing winter wheat; at farm; 190HP tractor, 31 ft wide"}},{"@type":"ProcessLink","provider":{"@type":"Process","@id":"d834d25f-231d-38cd-9ba8-c73a62862260","name":"operation of Dry spreader; for growing winter wheat; at farm; 190HP tractor, 31 ft wide"},"flow":{"@type":"Flow","@id":"55d79cd0-ce1e-38e3-8f53-7d856c06c15d","name":"operation of Dry spreader; for growing winter wheat; at farm; 190HP tractor, 31 ft wide"},"process":{"@type":"Process","@id":"f84ecdcf-4ae3-3cb7-8cf9-e65d66a597c0","name":"apply liming materials; spreader and tandem disks, winter wheat; at farm"},"exchange":{"@type":"Exchange","internalId":8,"name":"operation of Dry spreader; for growing winter wheat; at farm; 190HP tractor, 31 ft wide"}},{"@type":"ProcessLink","provider":{"@type":"Process","@id":"d834d25f-231d-38cd-9ba8-c73a62862260","name":"operation of Dry spreader; for growing winter wheat; at farm; 190HP tractor, 31 ft wide"},"flow":{"@type":"Flow","@id":"55d79cd0-ce1e-38e3-8f53-7d856c06c15d","name":"operation of Dry spreader; for growing winter wheat; at farm; 190HP tractor, 31 ft wide"},"process":{"@type":"Process","@id":"c0a3c06d-17d6-3aa8-9b61-4be30e08fb3f","name":"apply fertilizer; without incorporation, fertilizer spreader, winter wheat; at farm"},"exchange":{"@type":"Exchange","internalId":2,"name":"operation of Dry spreader; for growing winter wheat; at farm; 190HP tractor, 31 ft wide"}},{"@type":"ProcessLink","provider":{"@type":"Process","@id":"f2e37dc0-8975-30d2-8ebe-51aeae19350d","name":"operation of Header-Wheat-sorghum; for harvesting winter wheat; at farm; 325HP tractor, 25 ft wide"},"flow":{"@type":"Flow","@id":"10ff30ff-7b4e-3cc4-ae34-9585705878bd","name":"operation of Header-Wheat-sorghum; for harvesting winter wheat; at farm; 325HP tractor, 25 ft wide"},"process":{"@type":"Process","@id":"224a7d47-a1a3-398e-a8ca-0c6863a8f230","name":"harvest; wheat header with cart, winter wheat; at farm"},"exchange":{"@type":"Exchange","internalId":7,"name":"operation of Header-Wheat-sorghum; for harvesting winter wheat; at farm; 325HP tractor, 25 ft wide"}},{"@type":"ProcessLink","provider":{"@type":"Process","@id":"735e57e6-7271-3404-b1a0-ae54157b26ec","name":"apply liming materials; spreader and chisel plow, winter wheat; at farm"},"flow":{"@type":"Flow","@id":"b511992e-a71e-3db1-9aa0-181ec196fdc6","name":"apply liming materials; spreader and chisel plow, winter wheat; at farm"},"process":{"@type":"Process","@id":"a85fd7ae-4a7b-318c-8405-9e7632088531","name":"winter wheat; at harvest; at farm; wet basis"},"exchange":{"@type":"Exchange","internalId":828,"name":"apply liming materials; spreader and chisel plow, winter wheat; at farm"}},{"@type":"ProcessLink","provider":{"@type":"Process","@id":"38c147eb-d26e-3ed7-88d1-3cc0ecab45ce","name":"operation of Tandem disk (Disk, tandem heavy primary op.); for growing winter wheat; at farm; 90HP tractor, 11 ft wide"},"flow":{"@type":"Flow","@id":"85ab8873-0f09-392c-a65e-7bfb580d4e61","name":"operation of Tandem disk (Disk, tandem heavy primary op.); for growing winter wheat; at farm; 90HP tractor, 11 ft wide"},"process":{"@type":"Process","@id":"f84ecdcf-4ae3-3cb7-8cf9-e65d66a597c0","name":"apply liming materials; spreader and tandem disks, winter wheat; at farm"},"exchange":{"@type":"Exchange","internalId":9,"name":"operation of Tandem disk (Disk, tandem heavy primary op.); for growing winter wheat; at farm; 90HP tractor, 11 ft wide"}},{"@type":"ProcessLink","provider":{"@type":"Process","@id":"81a8a23b-0cb7-38a3-b0c6-351a655b1998","name":"operation of Wheat-sorghum grain cart; for harvesting winter wheat; at farm; 190HP tractor, 500 bu"},"flow":{"@type":"Flow","@id":"4c340e9e-9255-33a8-a11f-91292d6e016f","name":"operation of Wheat-sorghum grain cart; for harvesting winter wheat; at farm; 190HP tractor, 500 bu"},"process":{"@type":"Process","@id":"224a7d47-a1a3-398e-a8ca-0c6863a8f230","name":"harvest; wheat header with cart, winter wheat; at farm"},"exchange":{"@type":"Exchange","internalId":3,"name":"operation of Wheat-sorghum grain cart; for harvesting winter wheat; at farm; 190HP tractor, 500 bu"}},{"@type":"ProcessLink","provider":{"@type":"Process","@id":"81a8a23b-0cb7-38a3-b0c6-351a655b1998","name":"operation of Wheat-sorghum grain cart; for harvesting winter wheat; at farm; 190HP tractor, 500 bu"},"flow":{"@type":"Flow","@id":"4c340e9e-9255-33a8-a11f-91292d6e016f","name":"operation of Wheat-sorghum grain cart; for harvesting winter wheat; at farm; 190HP tractor, 500 bu"},"process":{"@type":"Process","@id":"cdccacda-b93e-3f2e-9fe0-62b09ec63d79","name":"harvest; draper header with cart, winter wheat; at farm"},"exchange":{"@type":"Exchange","internalId":7,"name":"operation of Wheat-sorghum grain cart; for harvesting winter wheat; at farm; 190HP tractor, 500 bu"}},{"@type":"ProcessLink","provider":{"@type":"Process","@id":"81a8a23b-0cb7-38a3-b0c6-351a655b1998","name":"operation of Wheat-sorghum grain cart; for harvesting winter wheat; at farm; 190HP tractor, 500 bu"},"flow":{"@type":"Flow","@id":"4c340e9e-9255-33a8-a11f-91292d6e016f","name":"operation of Wheat-sorghum grain cart; for harvesting winter wheat; at farm; 190HP tractor, 500 bu"},"process":{"@type":"Process","@id":"2ce2432e-5cf5-3873-8900-b5eaa4b7c06a","name":"harvest; combine with cart, winter wheat; at farm"},"exchange":{"@type":"Exchange","internalId":5,"name":"operation of Wheat-sorghum grain cart; for harvesting winter wheat; at farm; 190HP tractor, 500 bu"}},{"@type":"ProcessLink","provider":{"@type":"Process","@id":"f84ecdcf-4ae3-3cb7-8cf9-e65d66a597c0","name":"apply liming materials; spreader and tandem disks, winter wheat; at farm"},"flow":{"@type":"Flow","@id":"42951c99-fc6a-3d36-a882-a49e6e5824ab","name":"apply liming materials; spreader and tandem disks, winter wheat; at farm"},"process":{"@type":"Process","@id":"a85fd7ae-4a7b-318c-8405-9e7632088531","name":"winter wheat; at harvest; at farm; wet basis"},"exchange":{"@type":"Exchange","internalId":520,"name":"apply liming materials; spreader and tandem disks, winter wheat; at farm"}},{"@type":"ProcessLink","provider":{"@type":"Process","@id":"37c522e5-a4d6-3c93-b16d-89cb67955110","name":"operation of Wheat-sorghum grain cart; for harvesting winter wheat; at farm; 190HP tractor, 700 bu"},"flow":{"@type":"Flow","@id":"f6fbd373-283d-3781-81f8-f026360f1225","name":"operation of Wheat-sorghum grain cart; for harvesting winter wheat; at farm; 190HP tractor, 700 bu"},"process":{"@type":"Process","@id":"224a7d47-a1a3-398e-a8ca-0c6863a8f230","name":"harvest; wheat header with cart, winter wheat; at farm"},"exchange":{"@type":"Exchange","internalId":4,"name":"operation of Wheat-sorghum grain cart; for harvesting winter wheat; at farm; 190HP tractor, 700 bu"}},{"@type":"ProcessLink","provider":{"@type":"Process","@id":"37c522e5-a4d6-3c93-b16d-89cb67955110","name":"operation of Wheat-sorghum grain cart; for harvesting winter wheat; at farm; 190HP tractor, 700 bu"},"flow":{"@type":"Flow","@id":"f6fbd373-283d-3781-81f8-f026360f1225","name":"operation of Wheat-sorghum grain cart; for harvesting winter wheat; at farm; 190HP tractor, 700 bu"},"process":{"@type":"Process","@id":"cdccacda-b93e-3f2e-9fe0-62b09ec63d79","name":"harvest; draper header with cart, winter wheat; at farm"},"exchange":{"@type":"Exchange","internalId":2,"name":"operation of Wheat-sorghum grain cart; for harvesting winter wheat; at farm; 190HP tractor, 700 bu"}},{"@type":"ProcessLink","provider":{"@type":"Process","@id":"37c522e5-a4d6-3c93-b16d-89cb67955110","name":"operation of Wheat-sorghum grain cart; for harvesting winter wheat; at farm; 190HP tractor, 700 bu"},"flow":{"@type":"Flow","@id":"f6fbd373-283d-3781-81f8-f026360f1225","name":"operation of Wheat-sorghum grain cart; for harvesting winter wheat; at farm; 190HP tractor, 700 bu"},"process":{"@type":"Process","@id":"2ce2432e-5cf5-3873-8900-b5eaa4b7c06a","name":"harvest; combine with cart, winter wheat; at farm"},"exchange":{"@type":"Exchange","internalId":7,"name":"operation of Wheat-sorghum grain cart; for harvesting winter wheat; at farm; 190HP tractor, 700 bu"}},{"@type":"ProcessLink","provider":{"@type":"Process","@id":"b1db10ad-9222-3ad4-b3e1-6e0bd6460b74","name":"operation of Chisel plow (Chisel, st. pt.); for growing winter wheat; at farm; 155HP tractor, 20 ft wide"},"flow":{"@type":"Flow","@id":"1ad7912c-6de8-3df3-a81d-951a5cdbbd2d","name":"operation of Chisel plow (Chisel, st. pt.); for growing winter wheat; at farm; 155HP tractor, 20 ft wide"},"process":{"@type":"Process","@id":"c1fb773e-544e-3cb3-8ad8-cd2ba794e4ed","name":"apply fertilizer; with incorporation, fertilizer spreader, winter wheat; at farm"},"exchange":{"@type":"Exchange","internalId":3,"name":"operation of Chisel plow (Chisel, st. pt.); for growing winter wheat; at farm; 155HP tractor, 20 ft wide"}},{"@type":"ProcessLink","provider":{"@type":"Process","@id":"b1db10ad-9222-3ad4-b3e1-6e0bd6460b74","name":"operation of Chisel plow (Chisel, st. pt.); for growing winter wheat; at farm; 155HP tractor, 20 ft wide"},"flow":{"@type":"Flow","@id":"1ad7912c-6de8-3df3-a81d-951a5cdbbd2d","name":"operation of Chisel plow (Chisel, st. pt.); for growing winter wheat; at farm; 155HP tractor, 20 ft wide"},"process":{"@type":"Process","@id":"735e57e6-7271-3404-b1a0-ae54157b26ec","name":"apply liming materials; spreader and chisel plow, winter wheat; at farm"},"exchange":{"@type":"Exchange","internalId":4,"name":"operation of Chisel plow (Chisel, st. pt.); for growing winter wheat; at farm; 155HP tractor, 20 ft wide"}},{"@type":"ProcessLink","provider":{"@type":"Process","@id":"b1db10ad-9222-3ad4-b3e1-6e0bd6460b74","name":"operation of Chisel plow (Chisel, st. pt.); for growing winter wheat; at farm; 155HP tractor, 20 ft wide"},"flow":{"@type":"Flow","@id":"1ad7912c-6de8-3df3-a81d-951a5cdbbd2d","name":"operation of Chisel plow (Chisel, st. pt.); for growing winter wheat; at farm; 155HP tractor, 20 ft wide"},"process":{"@type":"Process","@id":"4557f7b1-b4ab-37ae-94f2-ea88e9c9c770","name":"apply pesticide; broadcast with incorporation, drawn sprayer, winter wheat; at farm"},"exchange":{"@type":"Exchange","internalId":3,"name":"operation of Chisel plow (Chisel, st. pt.); for growing winter wheat; at farm; 155HP tractor, 20 ft wide"}},{"@type":"ProcessLink","provider":{"@type":"Process","@id":"b1db10ad-9222-3ad4-b3e1-6e0bd6460b74","name":"operation of Chisel plow (Chisel, st. pt.); for growing winter wheat; at farm; 155HP tractor, 20 ft wide"},"flow":{"@type":"Flow","@id":"1ad7912c-6de8-3df3-a81d-951a5cdbbd2d","name":"operation of Chisel plow (Chisel, st. pt.); for growing winter wheat; at farm; 155HP tractor, 20 ft wide"},"process":{"@type":"Process","@id":"80fb5d41-1fb7-3a9b-b72c-8cb6c21e929f","name":"apply fertilizer; with incorporation, drawn broadcast sprayer, winter wheat; at farm"},"exchange":{"@type":"Exchange","internalId":4,"name":"operation of Chisel plow (Chisel, st. pt.); for growing winter wheat; at farm; 155HP tractor, 20 ft wide"}},{"@type":"ProcessLink","provider":{"@type":"Process","@id":"b1db10ad-9222-3ad4-b3e1-6e0bd6460b74","name":"operation of Chisel plow (Chisel, st. pt.); for growing winter wheat; at farm; 155HP tractor, 20 ft wide"},"flow":{"@type":"Flow","@id":"1ad7912c-6de8-3df3-a81d-951a5cdbbd2d","name":"operation of Chisel plow (Chisel, st. pt.); for growing winter wheat; at farm; 155HP tractor, 20 ft wide"},"process":{"@type":"Process","@id":"1219a0df-3f72-3f1d-9525-a22f3cb58891","name":"apply pesticide; broadcast with incorporation, self-propelled sprayer, winter wheat; at farm"},"exchange":{"@type":"Exchange","internalId":6,"name":"operation of Chisel plow (Chisel, st. pt.); for growing winter wheat; at farm; 155HP tractor, 20 ft wide"}},{"@type":"ProcessLink","provider":{"@type":"Process","@id":"b1db10ad-9222-3ad4-b3e1-6e0bd6460b74","name":"operation of Chisel plow (Chisel, st. pt.); for growing winter wheat; at farm; 155HP tractor, 20 ft wide"},"flow":{"@type":"Flow","@id":"1ad7912c-6de8-3df3-a81d-951a5cdbbd2d","name":"operation of Chisel plow (Chisel, st. pt.); for growing winter wheat; at farm; 155HP tractor, 20 ft wide"},"process":{"@type":"Process","@id":"67116887-c345-33b2-be64-4a5d19023e50","name":"apply fertilizer; with incorporation, self-propelled broadcast sprayer, winter wheat; at farm"},"exchange":{"@type":"Exchange","internalId":7,"name":"operation of Chisel plow (Chisel, st. pt.); for growing winter wheat; at farm; 155HP tractor, 20 ft wide"}},{"@type":"ProcessLink","provider":{"@type":"Process","@id":"c1fb773e-544e-3cb3-8ad8-cd2ba794e4ed","name":"apply fertilizer; with incorporation, fertilizer spreader, winter wheat; at farm"},"flow":{"@type":"Flow","@id":"82a521d9-1985-3c12-8567-568be823e7f2","name":"apply fertilizer; with incorporation, fertilizer spreader, winter wheat; at farm"},"process":{"@type":"Process","@id":"a85fd7ae-4a7b-318c-8405-9e7632088531","name":"winter wheat; at harvest; at farm; wet basis"},"exchange":{"@type":"Exchange","internalId":570,"name":"apply fertilizer; with incorporation, fertilizer spreader, winter wheat; at farm"}},{"@type":"ProcessLink","provider":{"@type":"Process","@id":"5bb512d3-d090-789e-d7db-9f84e5ea43ed","name":"work; ag. tractors for win wheat harvest, 2014 fleet, all fuels; 300-600HP"},"flow":{"@type":"Flow","@id":"ee42a336-177a-3304-849c-47f5096a8eab","name":"work; ag. tractors for win wheat harvest, 2014 fleet, all fuels; 300-600HP"},"process":{"@type":"Process","@id":"5c86c736-7526-366c-bd26-92a08894503d","name":"operation of Header-Draper; for harvesting winter wheat; at farm; 325HP tractor, 30 ft wide"},"exchange":{"@type":"Exchange","internalId":2,"name":"work; ag. tractors for win wheat harvest, 2014 fleet, all fuels; 300-600HP"}},{"@type":"ProcessLink","provider":{"@type":"Process","@id":"5bb512d3-d090-789e-d7db-9f84e5ea43ed","name":"work; ag. tractors for win wheat harvest, 2014 fleet, all fuels; 300-600HP"},"flow":{"@type":"Flow","@id":"ee42a336-177a-3304-849c-47f5096a8eab","name":"work; ag. tractors for win wheat harvest, 2014 fleet, all fuels; 300-600HP"},"process":{"@type":"Process","@id":"f2e37dc0-8975-30d2-8ebe-51aeae19350d","name":"operation of Header-Wheat-sorghum; for harvesting winter wheat; at farm; 325HP tractor, 25 ft wide"},"exchange":{"@type":"Exchange","internalId":3,"name":"work; ag. tractors for win wheat harvest, 2014 fleet, all fuels; 300-600HP"}},{"@type":"ProcessLink","provider":{"@type":"Process","@id":"bb0262cb-c171-3c59-ba85-8c21cb2b2b83","name":"operation of Combine w/ grain head; for harvesting winter wheat; at farm; 220HP, 20 ft wide"},"flow":{"@type":"Flow","@id":"6a0497dd-1ba6-3948-93a2-e26d1be2612b","name":"operation of Combine w/ grain head; for harvesting winter wheat; at farm; 220HP, 20 ft wide"},"process":{"@type":"Process","@id":"2ce2432e-5cf5-3873-8900-b5eaa4b7c06a","name":"harvest; combine with cart, winter wheat; at farm"},"exchange":{"@type":"Exchange","internalId":3,"name":"operation of Combine w/ grain head; for harvesting winter wheat; at farm; 220HP, 20 ft wide"}},{"@type":"ProcessLink","provider":{"@type":"Process","@id":"27987360-dec1-387e-9577-f16dff59a190","name":"operation of Tandem disk (Disk, tandem heavy primary op.); for growing winter wheat; at farm; 145HP tractor, 15 ft wide"},"flow":{"@type":"Flow","@id":"999155c9-9675-3546-ad66-e242a97f8358","name":"operation of Tandem disk (Disk, tandem heavy primary op.); for growing winter wheat; at farm; 145HP tractor, 15 ft wide"},"process":{"@type":"Process","@id":"f84ecdcf-4ae3-3cb7-8cf9-e65d66a597c0","name":"apply liming materials; spreader and tandem disks, winter wheat; at farm"},"exchange":{"@type":"Exchange","internalId":10,"name":"operation of Tandem disk (Disk, tandem heavy primary op.); for growing winter wheat; at farm; 145HP tractor, 15 ft wide"}},{"@type":"ProcessLink","provider":{"@type":"Process","@id":"a5e97a63-8488-3369-91c8-be0a0b4fff70","name":"harvest; self-propelled forage harvester, winter wheat residue; at farm"},"flow":{"@type":"Flow","@id":"87b04583-7d9b-3d10-a7cc-39c47318cf40","name":"harvest; self-propelled forage harvester, winter wheat residue; at farm"},"process":{"@type":"Process","@id":"a85fd7ae-4a7b-318c-8405-9e7632088531","name":"winter wheat; at harvest; at farm; wet basis"},"exchange":{"@type":"Exchange","internalId":756,"name":"harvest; self-propelled forage harvester, winter wheat residue; at farm"}},{"@type":"ProcessLink","provider":{"@type":"Process","@id":"1219a0df-3f72-3f1d-9525-a22f3cb58891","name":"apply pesticide; broadcast with incorporation, self-propelled sprayer, winter wheat; at farm"},"flow":{"@type":"Flow","@id":"9c86204a-2105-3dfa-8da0-a8e7484105c1","name":"apply pesticide; broadcast with incorporation, self-propelled sprayer, winter wheat; at farm"},"process":{"@type":"Process","@id":"a85fd7ae-4a7b-318c-8405-9e7632088531","name":"winter wheat; at harvest; at farm; wet basis"},"exchange":{"@type":"Exchange","internalId":112,"name":"apply pesticide; broadcast with incorporation, self-propelled sprayer, winter wheat; at farm"}},{"@type":"ProcessLink","provider":{"@type":"Process","@id":"f3474c0a-cc6e-34bf-b72f-fa76da84872f","name":"operation of Combine w/ grain head; for harvesting winter wheat; at farm; 275HP, 20 ft wide"},"flow":{"@type":"Flow","@id":"9207c987-8d42-3075-885d-9c36ee2127fa","name":"operation of Combine w/ grain head; for harvesting winter wheat; at farm; 275HP, 20 ft wide"},"process":{"@type":"Process","@id":"2ce2432e-5cf5-3873-8900-b5eaa4b7c06a","name":"harvest; combine with cart, winter wheat; at farm"},"exchange":{"@type":"Exchange","internalId":4,"name":"operation of Combine w/ grain head; for harvesting winter wheat; at farm; 275HP, 20 ft wide"}},{"@type":"ProcessLink","provider":{"@type":"Process","@id":"cdccacda-b93e-3f2e-9fe0-62b09ec63d79","name":"harvest; draper header with cart, winter wheat; at farm"},"flow":{"@type":"Flow","@id":"2754087e-3cf8-3b31-a6d0-6245124a0fb8","name":"harvest; draper header with cart, winter wheat; at farm"},"process":{"@type":"Process","@id":"a85fd7ae-4a7b-318c-8405-9e7632088531","name":"winter wheat; at harvest; at farm; wet basis"},"exchange":{"@type":"Exchange","internalId":599,"name":"harvest; draper header with cart, winter wheat; at farm"}},{"@type":"ProcessLink","provider":{"@type":"Process","@id":"5159b020-9a5b-38bb-ad54-7916982b0aa6","name":"operation of Header-Wheat-sorghum; for harvesting winter wheat; at farm; 265HP tractor, 22 ft wide"},"flow":{"@type":"Flow","@id":"ec797a35-9513-3d46-be72-6cdde7f1b104","name":"operation of Header-Wheat-sorghum; for harvesting winter wheat; at farm; 265HP tractor, 22 ft wide"},"process":{"@type":"Process","@id":"224a7d47-a1a3-398e-a8ca-0c6863a8f230","name":"harvest; wheat header with cart, winter wheat; at farm"},"exchange":{"@type":"Exchange","internalId":2,"name":"operation of Header-Wheat-sorghum; for harvesting winter wheat; at farm; 265HP tractor, 22 ft wide"}},{"@type":"ProcessLink","provider":{"@type":"Process","@id":"1471e695-a03d-3e06-ba8b-4cedeb9bfe78","name":"apply pesticide; broadcast by air, winter wheat; at farm"},"flow":{"@type":"Flow","@id":"46aac73c-8f45-3640-8eca-c7b5f47aeeef","name":"apply pesticide; broadcast by air, winter wheat; at farm"},"process":{"@type":"Process","@id":"a85fd7ae-4a7b-318c-8405-9e7632088531","name":"winter wheat; at harvest; at farm; wet basis"},"exchange":{"@type":"Exchange","internalId":774,"name":"apply pesticide; broadcast by air, winter wheat; at farm"}},{"@type":"ProcessLink","provider":{"@type":"Process","@id":"ba91f78b-c797-38bd-b48b-55587d7c7f8c","name":"operation of Wheat-sorghum grain cart; for harvesting winter wheat; at farm; 190HP tractor, 1000 bu"},"flow":{"@type":"Flow","@id":"7554e6d0-ce84-32b3-adff-5412ad554f21","name":"operation of Wheat-sorghum grain cart; for harvesting winter wheat; at farm; 190HP tractor, 1000 bu"},"process":{"@type":"Process","@id":"224a7d47-a1a3-398e-a8ca-0c6863a8f230","name":"harvest; wheat header with cart, winter wheat; at farm"},"exchange":{"@type":"Exchange","internalId":6,"name":"operation of Wheat-sorghum grain cart; for harvesting winter wheat; at farm; 190HP tractor, 1000 bu"}},{"@type":"ProcessLink","provider":{"@type":"Process","@id":"ba91f78b-c797-38bd-b48b-55587d7c7f8c","name":"operation of Wheat-sorghum grain cart; for harvesting winter wheat; at farm; 190HP tractor, 1000 bu"},"flow":{"@type":"Flow","@id":"7554e6d0-ce84-32b3-adff-5412ad554f21","name":"operation of Wheat-sorghum grain cart; for harvesting winter wheat; at farm; 190HP tractor, 1000 bu"},"process":{"@type":"Process","@id":"cdccacda-b93e-3f2e-9fe0-62b09ec63d79","name":"harvest; draper header with cart, winter wheat; at farm"},"exchange":{"@type":"Exchange","internalId":4,"name":"operation of Wheat-sorghum grain cart; for harvesting winter wheat; at farm; 190HP tractor, 1000 bu"}},{"@type":"ProcessLink","provider":{"@type":"Process","@id":"ba91f78b-c797-38bd-b48b-55587d7c7f8c","name":"operation of Wheat-sorghum grain cart; for harvesting winter wheat; at farm; 190HP tractor, 1000 bu"},"flow":{"@type":"Flow","@id":"7554e6d0-ce84-32b3-adff-5412ad554f21","name":"operation of Wheat-sorghum grain cart; for harvesting winter wheat; at farm; 190HP tractor, 1000 bu"},"process":{"@type":"Process","@id":"2ce2432e-5cf5-3873-8900-b5eaa4b7c06a","name":"harvest; combine with cart, winter wheat; at farm"},"exchange":{"@type":"Exchange","internalId":6,"name":"operation of Wheat-sorghum grain cart; for harvesting winter wheat; at farm; 190HP tractor, 1000 bu"}},{"@type":"ProcessLink","provider":{"@type":"Process","@id":"97ad956b-836e-494c-e8d5-53bd23f36d7c","name":"work; sprayers for growing win wheat, 2014 fleet, all fuels; 100-175HP"},"flow":{"@type":"Flow","@id":"de93f927-c996-380f-8af0-2ab507b2f7aa","name":"work; sprayers for growing win wheat, 2014 fleet, all fuels; 100-175HP"},"process":{"@type":"Process","@id":"af1a6b39-575e-39cf-9228-9120f9c6fab6","name":"operation of Broadcast sprayer; for growing winter wheat; at farm; 125HP, 60 ft wide"},"exchange":{"@type":"Exchange","internalId":2,"name":"work; sprayers for growing win wheat, 2014 fleet, all fuels; 100-175HP"}},{"@type":"ProcessLink","provider":{"@type":"Process","@id":"366d688c-b490-f6ff-b666-25998cf5ecd2","name":"work; ag. tractors for win wheat harvest, 2014 fleet, all fuels; 175-300HP"},"flow":{"@type":"Flow","@id":"ded40634-77b5-35fc-b275-e787178720ce","name":"work; ag. tractors for win wheat harvest, 2014 fleet, all fuels; 175-300HP"},"process":{"@type":"Process","@id":"81a8a23b-0cb7-38a3-b0c6-351a655b1998","name":"operation of Wheat-sorghum grain cart; for harvesting winter wheat; at farm; 190HP tractor, 500 bu"},"exchange":{"@type":"Exchange","internalId":6,"name":"work; ag. tractors for win wheat harvest, 2014 fleet, all fuels; 175-300HP"}},{"@type":"ProcessLink","provider":{"@type":"Process","@id":"366d688c-b490-f6ff-b666-25998cf5ecd2","name":"work; ag. tractors for win wheat harvest, 2014 fleet, all fuels; 175-300HP"},"flow":{"@type":"Flow","@id":"ded40634-77b5-35fc-b275-e787178720ce","name":"work; ag. tractors for win wheat harvest, 2014 fleet, all fuels; 175-300HP"},"process":{"@type":"Process","@id":"5159b020-9a5b-38bb-ad54-7916982b0aa6","name":"operation of Header-Wheat-sorghum; for harvesting winter wheat; at farm; 265HP tractor, 22 ft wide"},"exchange":{"@type":"Exchange","internalId":5,"name":"work; ag. tractors for win wheat harvest, 2014 fleet, all fuels; 175-300HP"}},{"@type":"ProcessLink","provider":{"@type":"Process","@id":"366d688c-b490-f6ff-b666-25998cf5ecd2","name":"work; ag. tractors for win wheat harvest, 2014 fleet, all fuels; 175-300HP"},"flow":{"@type":"Flow","@id":"ded40634-77b5-35fc-b275-e787178720ce","name":"work; ag. tractors for win wheat harvest, 2014 fleet, all fuels; 175-300HP"},"process":{"@type":"Process","@id":"37c522e5-a4d6-3c93-b16d-89cb67955110","name":"operation of Wheat-sorghum grain cart; for harvesting winter wheat; at farm; 190HP tractor, 700 bu"},"exchange":{"@type":"Exchange","internalId":5,"name":"work; ag. tractors for win wheat harvest, 2014 fleet, all fuels; 175-300HP"}},{"@type":"ProcessLink","provider":{"@type":"Process","@id":"366d688c-b490-f6ff-b666-25998cf5ecd2","name":"work; ag. tractors for win wheat harvest, 2014 fleet, all fuels; 175-300HP"},"flow":{"@type":"Flow","@id":"ded40634-77b5-35fc-b275-e787178720ce","name":"work; ag. tractors for win wheat harvest, 2014 fleet, all fuels; 175-300HP"},"process":{"@type":"Process","@id":"ba91f78b-c797-38bd-b48b-55587d7c7f8c","name":"operation of Wheat-sorghum grain cart; for harvesting winter wheat; at farm; 190HP tractor, 1000 bu"},"exchange":{"@type":"Exchange","internalId":6,"name":"work; ag. tractors for win wheat harvest, 2014 fleet, all fuels; 175-300HP"}},{"@type":"ProcessLink","provider":{"@type":"Process","@id":"5f4e1dac-ed9f-3bc1-a973-f3612c82fa37","name":"operation of Harvester w/ pickup head (Forage harvester); for harvesting winter wheat; at farm; 315HP, 12 ft wide"},"flow":{"@type":"Flow","@id":"2dd911f7-8fef-3df7-8d04-47dc70a3c999","name":"operation of Harvester w/ pickup head (Forage harvester); for harvesting winter wheat; at farm; 315HP, 12 ft wide"},"process":{"@type":"Process","@id":"a5e97a63-8488-3369-91c8-be0a0b4fff70","name":"harvest; self-propelled forage harvester, winter wheat residue; at farm"},"exchange":{"@type":"Exchange","internalId":3,"name":"operation of Harvester w/ pickup head (Forage harvester); for harvesting winter wheat; at farm; 315HP, 12 ft wide"}},{"@type":"ProcessLink","provider":{"@type":"Process","@id":"d5a8c303-4556-3cec-aaaf-567284e09ee2","name":"operation of Chisel plow (Chisel, st. pt.); for growing winter wheat; at farm; 225HP tractor, 28 ft wide"},"flow":{"@type":"Flow","@id":"b672e928-de14-3ca5-8661-621e8fe9f43a","name":"operation of Chisel plow (Chisel, st. pt.); for growing winter wheat; at farm; 225HP tractor, 28 ft wide"},"process":{"@type":"Process","@id":"c1fb773e-544e-3cb3-8ad8-cd2ba794e4ed","name":"apply fertilizer; with incorporation, fertilizer spreader, winter wheat; at farm"},"exchange":{"@type":"Exchange","internalId":5,"name":"operation of Chisel plow (Chisel, st. pt.); for growing winter wheat; at farm; 225HP tractor, 28 ft wide"}},{"@type":"ProcessLink","provider":{"@type":"Process","@id":"d5a8c303-4556-3cec-aaaf-567284e09ee2","name":"operation of Chisel plow (Chisel, st. pt.); for growing winter wheat; at farm; 225HP tractor, 28 ft wide"},"flow":{"@type":"Flow","@id":"b672e928-de14-3ca5-8661-621e8fe9f43a","name":"operation of Chisel plow (Chisel, st. pt.); for growing winter wheat; at farm; 225HP tractor, 28 ft wide"},"process":{"@type":"Process","@id":"735e57e6-7271-3404-b1a0-ae54157b26ec","name":"apply liming materials; spreader and chisel plow, winter wheat; at farm"},"exchange":{"@type":"Exchange","internalId":5,"name":"operation of Chisel plow (Chisel, st. pt.); for growing winter wheat; at farm; 225HP tractor, 28 ft wide"}},{"@type":"ProcessLink","provider":{"@type":"Process","@id":"d5a8c303-4556-3cec-aaaf-567284e09ee2","name":"operation of Chisel plow (Chisel, st. pt.); for growing winter wheat; at farm; 225HP tractor, 28 ft wide"},"flow":{"@type":"Flow","@id":"b672e928-de14-3ca5-8661-621e8fe9f43a","name":"operation of Chisel plow (Chisel, st. pt.); for growing winter wheat; at farm; 225HP tractor, 28 ft wide"},"process":{"@type":"Process","@id":"4557f7b1-b4ab-37ae-94f2-ea88e9c9c770","name":"apply pesticide; broadcast with incorporation, drawn sprayer, winter wheat; at farm"},"exchange":{"@type":"Exchange","internalId":2,"name":"operation of Chisel plow (Chisel, st. pt.); for growing winter wheat; at farm; 225HP tractor, 28 ft wide"}},{"@type":"ProcessLink","provider":{"@type":"Process","@id":"d5a8c303-4556-3cec-aaaf-567284e09ee2","name":"operation of Chisel plow (Chisel, st. pt.); for growing winter wheat; at farm; 225HP tractor, 28 ft wide"},"flow":{"@type":"Flow","@id":"b672e928-de14-3ca5-8661-621e8fe9f43a","name":"operation of Chisel plow (Chisel, st. pt.); for growing winter wheat; at farm; 225HP tractor, 28 ft wide"},"process":{"@type":"Process","@id":"80fb5d41-1fb7-3a9b-b72c-8cb6c21e929f","name":"apply fertilizer; with incorporation, drawn broadcast sprayer, winter wheat; at farm"},"exchange":{"@type":"Exchange","internalId":5,"name":"operation of Chisel plow (Chisel, st. pt.); for growing winter wheat; at farm; 225HP tractor, 28 ft wide"}},{"@type":"ProcessLink","provider":{"@type":"Process","@id":"d5a8c303-4556-3cec-aaaf-567284e09ee2","name":"operation of Chisel plow (Chisel, st. pt.); for growing winter wheat; at farm; 225HP tractor, 28 ft wide"},"flow":{"@type":"Flow","@id":"b672e928-de14-3ca5-8661-621e8fe9f43a","name":"operation of Chisel plow (Chisel, st. pt.); for growing winter wheat; at farm; 225HP tractor, 28 ft wide"},"process":{"@type":"Process","@id":"1219a0df-3f72-3f1d-9525-a22f3cb58891","name":"apply pesticide; broadcast with incorporation, self-propelled sprayer, winter wheat; at farm"},"exchange":{"@type":"Exchange","internalId":4,"name":"operation of Chisel plow (Chisel, st. pt.); for growing winter wheat; at farm; 225HP tractor, 28 ft wide"}},{"@type":"ProcessLink","provider":{"@type":"Process","@id":"d5a8c303-4556-3cec-aaaf-567284e09ee2","name":"operation of Chisel plow (Chisel, st. pt.); for growing winter wheat; at farm; 225HP tractor, 28 ft wide"},"flow":{"@type":"Flow","@id":"b672e928-de14-3ca5-8661-621e8fe9f43a","name":"operation of Chisel plow (Chisel, st. pt.); for growing winter wheat; at farm; 225HP tractor, 28 ft wide"},"process":{"@type":"Process","@id":"67116887-c345-33b2-be64-4a5d19023e50","name":"apply fertilizer; with incorporation, self-propelled broadcast sprayer, winter wheat; at farm"},"exchange":{"@type":"Exchange","internalId":5,"name":"operation of Chisel plow (Chisel, st. pt.); for growing winter wheat; at farm; 225HP tractor, 28 ft wide"}},{"@type":"ProcessLink","provider":{"@type":"Process","@id":"2ce2432e-5cf5-3873-8900-b5eaa4b7c06a","name":"harvest; combine with cart, winter wheat; at farm"},"flow":{"@type":"Flow","@id":"d1229d4a-f2a4-3feb-8a45-c5bc29068066","name":"harvest; combine with cart, winter wheat; at farm"},"process":{"@type":"Process","@id":"a85fd7ae-4a7b-318c-8405-9e7632088531","name":"winter wheat; at harvest; at farm; wet basis"},"exchange":{"@type":"Exchange","internalId":559,"name":"harvest; combine with cart, winter wheat; at farm"}},{"@type":"ProcessLink","provider":{"@type":"Process","@id":"72ebb5e4-6515-d2e6-726e-2ee730ef06e4","name":"work; other ag. equip. for win wheat harvest, 2014 fleet, all fuels; 300-600HP"},"flow":{"@type":"Flow","@id":"24947f44-8808-3e89-b52b-de108a8cdf68","name":"work; other ag. equip. for win wheat harvest, 2014 fleet, all fuels; 300-600HP"},"process":{"@type":"Process","@id":"5f4e1dac-ed9f-3bc1-a973-f3612c82fa37","name":"operation of Harvester w/ pickup head (Forage harvester); for harvesting winter wheat; at farm; 315HP, 12 ft wide"},"exchange":{"@type":"Exchange","internalId":6,"name":"work; other ag. equip. for win wheat harvest, 2014 fleet, all fuels; 300-600HP"}},{"@type":"ProcessLink","provider":{"@type":"Process","@id":"7d8c3c55-c7ea-3178-b57d-00562778f439","name":"operation of Tandem disk (Disk, tandem secondary op.); for growing winter wheat; at farm; 175HP tractor, 26 ft wide"},"flow":{"@type":"Flow","@id":"d1612e9c-a17d-3752-86b8-6d3cc7501674","name":"operation of Tandem disk (Disk, tandem secondary op.); for growing winter wheat; at farm; 175HP tractor, 26 ft wide"},"process":{"@type":"Process","@id":"f84ecdcf-4ae3-3cb7-8cf9-e65d66a597c0","name":"apply liming materials; spreader and tandem disks, winter wheat; at farm"},"exchange":{"@type":"Exchange","internalId":5,"name":"operation of Tandem disk (Disk, tandem secondary op.); for growing winter wheat; at farm; 175HP tractor, 26 ft wide"}},{"@type":"ProcessLink","provider":{"@type":"Process","@id":"4edc8f7b-9746-337f-92a0-7198945c0f8a","name":"apply pesticide; broadcast without incorporation, self-propelled sprayer, winter wheat; at farm"},"flow":{"@type":"Flow","@id":"ea8b8006-3bf3-3a97-92b4-bc3017fb0113","name":"apply pesticide; broadcast without incorporation, self-propelled sprayer, winter wheat; at farm"},"process":{"@type":"Process","@id":"a85fd7ae-4a7b-318c-8405-9e7632088531","name":"winter wheat; at harvest; at farm; wet basis"},"exchange":{"@type":"Exchange","internalId":124,"name":"apply pesticide; broadcast without incorporation, self-propelled sprayer, winter wheat; at farm"}},{"@type":"ProcessLink","provider":{"@type":"Process","@id":"9b44d38c-1818-3f78-d3a4-0500c2652c35","name":"work; ag. tractors for growing win wheat, 2014 fleet, all fuels; 100-175HP"},"flow":{"@type":"Flow","@id":"fca10ec1-f0cf-37fb-b01e-07752f6119f1","name":"work; ag. tractors for growing win wheat, 2014 fleet, all fuels; 100-175HP"},"process":{"@type":"Process","@id":"1f3ed70b-b113-373e-8fc3-747b286dafe0","name":"operation of Directed sprayer; for growing winter wheat; at farm; 170HP tractor, R8-8"},"exchange":{"@type":"Exchange","internalId":4,"name":"work; ag. tractors for growing win wheat, 2014 fleet, all fuels; 100-175HP"}},{"@type":"ProcessLink","provider":{"@type":"Process","@id":"9b44d38c-1818-3f78-d3a4-0500c2652c35","name":"work; ag. tractors for growing win wheat, 2014 fleet, all fuels; 100-175HP"},"flow":{"@type":"Flow","@id":"fca10ec1-f0cf-37fb-b01e-07752f6119f1","name":"work; ag. tractors for growing win wheat, 2014 fleet, all fuels; 100-175HP"},"process":{"@type":"Process","@id":"7d8c3c55-c7ea-3178-b57d-00562778f439","name":"operation of Tandem disk (Disk, tandem secondary op.); for growing winter wheat; at farm; 175HP tractor, 26 ft wide"},"exchange":{"@type":"Exchange","internalId":3,"name":"work; ag. tractors for growing win wheat, 2014 fleet, all fuels; 100-175HP"}},{"@type":"ProcessLink","provider":{"@type":"Process","@id":"9b44d38c-1818-3f78-d3a4-0500c2652c35","name":"work; ag. tractors for growing win wheat, 2014 fleet, all fuels; 100-175HP"},"flow":{"@type":"Flow","@id":"fca10ec1-f0cf-37fb-b01e-07752f6119f1","name":"work; ag. tractors for growing win wheat, 2014 fleet, all fuels; 100-175HP"},"process":{"@type":"Process","@id":"56db06bc-11d2-39ea-8170-55a1a451757a","name":"operation of Band sprayer; for growing winter wheat; at farm; 170HP tractor, 50 ft wide"},"exchange":{"@type":"Exchange","internalId":5,"name":"work; ag. tractors for growing win wheat, 2014 fleet, all fuels; 100-175HP"}},{"@type":"ProcessLink","provider":{"@type":"Process","@id":"9b44d38c-1818-3f78-d3a4-0500c2652c35","name":"work; ag. tractors for growing win wheat, 2014 fleet, all fuels; 100-175HP"},"flow":{"@type":"Flow","@id":"fca10ec1-f0cf-37fb-b01e-07752f6119f1","name":"work; ag. tractors for growing win wheat, 2014 fleet, all fuels; 100-175HP"},"process":{"@type":"Process","@id":"82e2e317-5de4-35d6-9d74-02ef72be4254","name":"operation of Broadcast sprayer; for growing winter wheat; at farm; 150HP tractor, 51 ft wide"},"exchange":{"@type":"Exchange","internalId":3,"name":"work; ag. tractors for growing win wheat, 2014 fleet, all fuels; 100-175HP"}},{"@type":"ProcessLink","provider":{"@type":"Process","@id":"9b44d38c-1818-3f78-d3a4-0500c2652c35","name":"work; ag. tractors for growing win wheat, 2014 fleet, all fuels; 100-175HP"},"flow":{"@type":"Flow","@id":"fca10ec1-f0cf-37fb-b01e-07752f6119f1","name":"work; ag. tractors for growing win wheat, 2014 fleet, all fuels; 100-175HP"},"process":{"@type":"Process","@id":"27987360-dec1-387e-9577-f16dff59a190","name":"operation of Tandem disk (Disk, tandem heavy primary op.); for growing winter wheat; at farm; 145HP tractor, 15 ft wide"},"exchange":{"@type":"Exchange","internalId":3,"name":"work; ag. tractors for growing win wheat, 2014 fleet, all fuels; 100-175HP"}},{"@type":"ProcessLink","provider":{"@type":"Process","@id":"9b44d38c-1818-3f78-d3a4-0500c2652c35","name":"work; ag. tractors for growing win wheat, 2014 fleet, all fuels; 100-175HP"},"flow":{"@type":"Flow","@id":"fca10ec1-f0cf-37fb-b01e-07752f6119f1","name":"work; ag. tractors for growing win wheat, 2014 fleet, all fuels; 100-175HP"},"process":{"@type":"Process","@id":"0618ecb2-35ab-37ed-8198-674177c58ada","name":"operation of Tandem disk (Disk, tandem secondary op.); for growing winter wheat; at farm; 120HP tractor, 15 ft wide"},"exchange":{"@type":"Exchange","internalId":4,"name":"work; ag. tractors for growing win wheat, 2014 fleet, all fuels; 100-175HP"}},{"@type":"ProcessLink","provider":{"@type":"Process","@id":"9b44d38c-1818-3f78-d3a4-0500c2652c35","name":"work; ag. tractors for growing win wheat, 2014 fleet, all fuels; 100-175HP"},"flow":{"@type":"Flow","@id":"fca10ec1-f0cf-37fb-b01e-07752f6119f1","name":"work; ag. tractors for growing win wheat, 2014 fleet, all fuels; 100-175HP"},"process":{"@type":"Process","@id":"b1db10ad-9222-3ad4-b3e1-6e0bd6460b74","name":"operation of Chisel plow (Chisel, st. pt.); for growing winter wheat; at farm; 155HP tractor, 20 ft wide"},"exchange":{"@type":"Exchange","internalId":4,"name":"work; ag. tractors for growing win wheat, 2014 fleet, all fuels; 100-175HP"}},{"@type":"ProcessLink","provider":{"@type":"Process","@id":"9b44d38c-1818-3f78-d3a4-0500c2652c35","name":"work; ag. tractors for growing win wheat, 2014 fleet, all fuels; 100-175HP"},"flow":{"@type":"Flow","@id":"fca10ec1-f0cf-37fb-b01e-07752f6119f1","name":"work; ag. tractors for growing win wheat, 2014 fleet, all fuels; 100-175HP"},"process":{"@type":"Process","@id":"9a3f9bd8-f975-394a-8f0e-0f6ac6a9d282","name":"operation of Broadcast sprayer; for growing winter wheat; at farm; 170HP tractor, 55 ft wide"},"exchange":{"@type":"Exchange","internalId":4,"name":"work; ag. tractors for growing win wheat, 2014 fleet, all fuels; 100-175HP"}},{"@type":"ProcessLink","provider":{"@type":"Process","@id":"9b44d38c-1818-3f78-d3a4-0500c2652c35","name":"work; ag. tractors for growing win wheat, 2014 fleet, all fuels; 100-175HP"},"flow":{"@type":"Flow","@id":"fca10ec1-f0cf-37fb-b01e-07752f6119f1","name":"work; ag. tractors for growing win wheat, 2014 fleet, all fuels; 100-175HP"},"process":{"@type":"Process","@id":"f8f43f49-d36b-3f20-a3f4-adc16a7be69d","name":"operation of Spot sprayer; for growing winter wheat; at farm; 170HP tractor, 40 ft wide"},"exchange":{"@type":"Exchange","internalId":2,"name":"work; ag. tractors for growing win wheat, 2014 fleet, all fuels; 100-175HP"}},{"@type":"ProcessLink","provider":{"@type":"Process","@id":"44636971-e7f3-9ce7-474f-a8594853a572","name":"work; combines for win wheat harvest, 2014 fleet, all fuels; 175-300HP"},"flow":{"@type":"Flow","@id":"8a994eea-2171-34fb-8b55-d94af793d19c","name":"work; combines for win wheat harvest, 2014 fleet, all fuels; 175-300HP"},"process":{"@type":"Process","@id":"bb0262cb-c171-3c59-ba85-8c21cb2b2b83","name":"operation of Combine w/ grain head; for harvesting winter wheat; at farm; 220HP, 20 ft wide"},"exchange":{"@type":"Exchange","internalId":4,"name":"work; combines for win wheat harvest, 2014 fleet, all fuels; 175-300HP"}},{"@type":"ProcessLink","provider":{"@type":"Process","@id":"44636971-e7f3-9ce7-474f-a8594853a572","name":"work; combines for win wheat harvest, 2014 fleet, all fuels; 175-300HP"},"flow":{"@type":"Flow","@id":"8a994eea-2171-34fb-8b55-d94af793d19c","name":"work; combines for win wheat harvest, 2014 fleet, all fuels; 175-300HP"},"process":{"@type":"Process","@id":"f3474c0a-cc6e-34bf-b72f-fa76da84872f","name":"operation of Combine w/ grain head; for harvesting winter wheat; at farm; 275HP, 20 ft wide"},"exchange":{"@type":"Exchange","internalId":4,"name":"work; combines for win wheat harvest, 2014 fleet, all fuels; 175-300HP"}},{"@type":"ProcessLink","provider":{"@type":"Process","@id":"82e2e317-5de4-35d6-9d74-02ef72be4254","name":"operation of Broadcast sprayer; for growing winter wheat; at farm; 150HP tractor, 51 ft wide"},"flow":{"@type":"Flow","@id":"399462e2-b233-35c9-964b-19895a1f5ab6","name":"operation of Broadcast sprayer; for growing winter wheat; at farm; 150HP tractor, 51 ft wide"},"process":{"@type":"Process","@id":"2d969af2-6bf3-3e6e-803d-b546734753db","name":"apply fertilizer; without incorporation, drawn broadcast sprayer, winter wheat; at farm"},"exchange":{"@type":"Exchange","internalId":4,"name":"operation of Broadcast sprayer; for growing winter wheat; at farm; 150HP tractor, 51 ft wide"}},{"@type":"ProcessLink","provider":{"@type":"Process","@id":"82e2e317-5de4-35d6-9d74-02ef72be4254","name":"operation of Broadcast sprayer; for growing winter wheat; at farm; 150HP tractor, 51 ft wide"},"flow":{"@type":"Flow","@id":"399462e2-b233-35c9-964b-19895a1f5ab6","name":"operation of Broadcast sprayer; for growing winter wheat; at farm; 150HP tractor, 51 ft wide"},"process":{"@type":"Process","@id":"4557f7b1-b4ab-37ae-94f2-ea88e9c9c770","name":"apply pesticide; broadcast with incorporation, drawn sprayer, winter wheat; at farm"},"exchange":{"@type":"Exchange","internalId":6,"name":"operation of Broadcast sprayer; for growing winter wheat; at farm; 150HP tractor, 51 ft wide"}},{"@type":"ProcessLink","provider":{"@type":"Process","@id":"82e2e317-5de4-35d6-9d74-02ef72be4254","name":"operation of Broadcast sprayer; for growing winter wheat; at farm; 150HP tractor, 51 ft wide"},"flow":{"@type":"Flow","@id":"399462e2-b233-35c9-964b-19895a1f5ab6","name":"operation of Broadcast sprayer; for growing winter wheat; at farm; 150HP tractor, 51 ft wide"},"process":{"@type":"Process","@id":"80fb5d41-1fb7-3a9b-b72c-8cb6c21e929f","name":"apply fertilizer; with incorporation, drawn broadcast sprayer, winter wheat; at farm"},"exchange":{"@type":"Exchange","internalId":7,"name":"operation of Broadcast sprayer; for growing winter wheat; at farm; 150HP tractor, 51 ft wide"}},{"@type":"ProcessLink","provider":{"@type":"Process","@id":"82e2e317-5de4-35d6-9d74-02ef72be4254","name":"operation of Broadcast sprayer; for growing winter wheat; at farm; 150HP tractor, 51 ft wide"},"flow":{"@type":"Flow","@id":"399462e2-b233-35c9-964b-19895a1f5ab6","name":"operation of Broadcast sprayer; for growing winter wheat; at farm; 150HP tractor, 51 ft wide"},"process":{"@type":"Process","@id":"3909b4d1-3cc6-3084-826c-ec395cf166f8","name":"apply pesticide; broadcast without incorporation, drawn sprayer, winter wheat; at farm"},"exchange":{"@type":"Exchange","internalId":3,"name":"operation of Broadcast sprayer; for growing winter wheat; at farm; 150HP tractor, 51 ft wide"}},{"@type":"ProcessLink","provider":{"@type":"Process","@id":"56db06bc-11d2-39ea-8170-55a1a451757a","name":"operation of Band sprayer; for growing winter wheat; at farm; 170HP tractor, 50 ft wide"},"flow":{"@type":"Flow","@id":"420e5ee4-a63f-3471-bd22-547948117a37","name":"operation of Band sprayer; for growing winter wheat; at farm; 170HP tractor, 50 ft wide"},"process":{"@type":"Process","@id":"0ce2d58e-84bf-3691-ac5c-ada0e82f241b","name":"apply fertilizer; no broadcast, band sprayer, winter wheat; at farm"},"exchange":{"@type":"Exchange","internalId":3,"name":"operation of Band sprayer; for growing winter wheat; at farm; 170HP tractor, 50 ft wide"}},{"@type":"ProcessLink","provider":{"@type":"Process","@id":"5c86c736-7526-366c-bd26-92a08894503d","name":"operation of Header-Draper; for harvesting winter wheat; at farm; 325HP tractor, 30 ft wide"},"flow":{"@type":"Flow","@id":"218428f4-23e6-3694-8cc0-8234aeb30ae5","name":"operation of Header-Draper; for harvesting winter wheat; at farm; 325HP tractor, 30 ft wide"},"process":{"@type":"Process","@id":"cdccacda-b93e-3f2e-9fe0-62b09ec63d79","name":"harvest; draper header with cart, winter wheat; at farm"},"exchange":{"@type":"Exchange","internalId":5,"name":"operation of Header-Draper; for harvesting winter wheat; at farm; 325HP tractor, 30 ft wide"}},{"@type":"ProcessLink","provider":{"@type":"Process","@id":"fde0ef84-5b07-3378-9c88-5ea00efd1846","name":"operation of Dry spreader; for growing winter wheat; at farm; 280HP tractor, 44 ft wide"},"flow":{"@type":"Flow","@id":"9a7d919f-2ad1-3fa9-afc6-4d95adefec94","name":"operation of Dry spreader; for growing winter wheat; at farm; 280HP tractor, 44 ft wide"},"process":{"@type":"Process","@id":"c1fb773e-544e-3cb3-8ad8-cd2ba794e4ed","name":"apply fertilizer; with incorporation, fertilizer spreader, winter wheat; at farm"},"exchange":{"@type":"Exchange","internalId":2,"name":"operation of Dry spreader; for growing winter wheat; at farm; 280HP tractor, 44 ft wide"}},{"@type":"ProcessLink","provider":{"@type":"Process","@id":"fde0ef84-5b07-3378-9c88-5ea00efd1846","name":"operation of Dry spreader; for growing winter wheat; at farm; 280HP tractor, 44 ft wide"},"flow":{"@type":"Flow","@id":"9a7d919f-2ad1-3fa9-afc6-4d95adefec94","name":"operation of Dry spreader; for growing winter wheat; at farm; 280HP tractor, 44 ft wide"},"process":{"@type":"Process","@id":"735e57e6-7271-3404-b1a0-ae54157b26ec","name":"apply liming materials; spreader and chisel plow, winter wheat; at farm"},"exchange":{"@type":"Exchange","internalId":6,"name":"operation of Dry spreader; for growing winter wheat; at farm; 280HP tractor, 44 ft wide"}},{"@type":"ProcessLink","provider":{"@type":"Process","@id":"fde0ef84-5b07-3378-9c88-5ea00efd1846","name":"operation of Dry spreader; for growing winter wheat; at farm; 280HP tractor, 44 ft wide"},"flow":{"@type":"Flow","@id":"9a7d919f-2ad1-3fa9-afc6-4d95adefec94","name":"operation of Dry spreader; for growing winter wheat; at farm; 280HP tractor, 44 ft wide"},"process":{"@type":"Process","@id":"f84ecdcf-4ae3-3cb7-8cf9-e65d66a597c0","name":"apply liming materials; spreader and tandem disks, winter wheat; at farm"},"exchange":{"@type":"Exchange","internalId":4,"name":"operation of Dry spreader; for growing winter wheat; at farm; 280HP tractor, 44 ft wide"}},{"@type":"ProcessLink","provider":{"@type":"Process","@id":"fde0ef84-5b07-3378-9c88-5ea00efd1846","name":"operation of Dry spreader; for growing winter wheat; at farm; 280HP tractor, 44 ft wide"},"flow":{"@type":"Flow","@id":"9a7d919f-2ad1-3fa9-afc6-4d95adefec94","name":"operation of Dry spreader; for growing winter wheat; at farm; 280HP tractor, 44 ft wide"},"process":{"@type":"Process","@id":"c0a3c06d-17d6-3aa8-9b61-4be30e08fb3f","name":"apply fertilizer; without incorporation, fertilizer spreader, winter wheat; at farm"},"exchange":{"@type":"Exchange","internalId":4,"name":"operation of Dry spreader; for growing winter wheat; at farm; 280HP tractor, 44 ft wide"}},{"@type":"ProcessLink","provider":{"@type":"Process","@id":"6986d607-3356-3482-a730-d58ad6555c91","name":"operation of Forage harvester; for harvesting winter wheat; at farm; 100HP tractor, 6 ft wide"},"flow":{"@type":"Flow","@id":"f217e446-385c-3712-8686-1a32ce3829ca","name":"operation of Forage harvester; for harvesting winter wheat; at farm; 100HP tractor, 6 ft wide"},"process":{"@type":"Process","@id":"27a1d175-5020-3dfa-8f44-aea8ff96804a","name":"harvest; drawn forage harvester, winter wheat residue; at farm"},"exchange":{"@type":"Exchange","internalId":4,"name":"operation of Forage harvester; for harvesting winter wheat; at farm; 100HP tractor, 6 ft wide"}},{"@type":"ProcessLink","provider":{"@type":"Process","@id":"44e622dd-a34d-3c4c-bee2-37b6e7ec1b63","name":"apply pesticide; directed spray, winter wheat; at farm"},"flow":{"@type":"Flow","@id":"3f77e501-bc0f-33db-b13a-f24686c52aa5","name":"apply pesticide; directed spray, winter wheat; at farm"},"process":{"@type":"Process","@id":"a85fd7ae-4a7b-318c-8405-9e7632088531","name":"winter wheat; at harvest; at farm; wet basis"},"exchange":{"@type":"Exchange","internalId":229,"name":"apply pesticide; directed spray, winter wheat; at farm"}},{"@type":"ProcessLink","provider":{"@type":"Process","@id":"a4a0dba1-7a5a-3a3d-be72-362e85810adb","name":"operation of Dry spreader; for growing winter wheat; at farm; 240HP tractor, 38 ft wide"},"flow":{"@type":"Flow","@id":"01123ecb-9382-3afb-bc78-8461c8768950","name":"operation of Dry spreader; for growing winter wheat; at farm; 240HP tractor, 38 ft wide"},"process":{"@type":"Process","@id":"c1fb773e-544e-3cb3-8ad8-cd2ba794e4ed","name":"apply fertilizer; with incorporation, fertilizer spreader, winter wheat; at farm"},"exchange":{"@type":"Exchange","internalId":7,"name":"operation of Dry spreader; for growing winter wheat; at farm; 240HP tractor, 38 ft wide"}},{"@type":"ProcessLink","provider":{"@type":"Process","@id":"a4a0dba1-7a5a-3a3d-be72-362e85810adb","name":"operation of Dry spreader; for growing winter wheat; at farm; 240HP tractor, 38 ft wide"},"flow":{"@type":"Flow","@id":"01123ecb-9382-3afb-bc78-8461c8768950","name":"operation of Dry spreader; for growing winter wheat; at farm; 240HP tractor, 38 ft wide"},"process":{"@type":"Process","@id":"735e57e6-7271-3404-b1a0-ae54157b26ec","name":"apply liming materials; spreader and chisel plow, winter wheat; at farm"},"exchange":{"@type":"Exchange","internalId":2,"name":"operation of Dry spreader; for growing winter wheat; at farm; 240HP tractor, 38 ft wide"}},{"@type":"ProcessLink","provider":{"@type":"Process","@id":"a4a0dba1-7a5a-3a3d-be72-362e85810adb","name":"operation of Dry spreader; for growing winter wheat; at farm; 240HP tractor, 38 ft wide"},"flow":{"@type":"Flow","@id":"01123ecb-9382-3afb-bc78-8461c8768950","name":"operation of Dry spreader; for growing winter wheat; at farm; 240HP tractor, 38 ft wide"},"process":{"@type":"Process","@id":"f84ecdcf-4ae3-3cb7-8cf9-e65d66a597c0","name":"apply liming materials; spreader and tandem disks, winter wheat; at farm"},"exchange":{"@type":"Exchange","internalId":7,"name":"operation of Dry spreader; for growing winter wheat; at farm; 240HP tractor, 38 ft wide"}},{"@type":"ProcessLink","provider":{"@type":"Process","@id":"a4a0dba1-7a5a-3a3d-be72-362e85810adb","name":"operation of Dry spreader; for growing winter wheat; at farm; 240HP tractor, 38 ft wide"},"flow":{"@type":"Flow","@id":"01123ecb-9382-3afb-bc78-8461c8768950","name":"operation of Dry spreader; for growing winter wheat; at farm; 240HP tractor, 38 ft wide"},"process":{"@type":"Process","@id":"c0a3c06d-17d6-3aa8-9b61-4be30e08fb3f","name":"apply fertilizer; without incorporation, fertilizer spreader, winter wheat; at farm"},"exchange":{"@type":"Exchange","internalId":3,"name":"operation of Dry spreader; for growing winter wheat; at farm; 240HP tractor, 38 ft wide"}},{"@type":"ProcessLink","provider":{"@type":"Process","@id":"2d969af2-6bf3-3e6e-803d-b546734753db","name":"apply fertilizer; without incorporation, drawn broadcast sprayer, winter wheat; at farm"},"flow":{"@type":"Flow","@id":"1a6ce510-a02d-33fe-b296-3ef03ce371d8","name":"apply fertilizer; without incorporation, drawn broadcast sprayer, winter wheat; at farm"},"process":{"@type":"Process","@id":"a85fd7ae-4a7b-318c-8405-9e7632088531","name":"winter wheat; at harvest; at farm; wet basis"},"exchange":{"@type":"Exchange","internalId":173,"name":"apply fertilizer; without incorporation, drawn broadcast sprayer, winter wheat; at farm"}},{"@type":"ProcessLink","provider":{"@type":"Process","@id":"9d047d55-6b6a-35ba-aa4a-549c99649b6b","name":"apply fertilizer; no broadcast, spot sprayer, winter wheat; at farm"},"flow":{"@type":"Flow","@id":"413c404d-1ce3-3b58-a84c-c895ecbb9a9d","name":"apply fertilizer; no broadcast, spot sprayer, winter wheat; at farm"},"process":{"@type":"Process","@id":"a85fd7ae-4a7b-318c-8405-9e7632088531","name":"winter wheat; at harvest; at farm; wet basis"},"exchange":{"@type":"Exchange","internalId":646,"name":"apply fertilizer; no broadcast, spot sprayer, winter wheat; at farm"}},{"@type":"ProcessLink","provider":{"@type":"Process","@id":"80fb5d41-1fb7-3a9b-b72c-8cb6c21e929f","name":"apply fertilizer; with incorporation, drawn broadcast sprayer, winter wheat; at farm"},"flow":{"@type":"Flow","@id":"bf297a11-8312-392d-805f-5721eb4b9c57","name":"apply fertilizer; with incorporation, drawn broadcast sprayer, winter wheat; at farm"},"process":{"@type":"Process","@id":"a85fd7ae-4a7b-318c-8405-9e7632088531","name":"winter wheat; at harvest; at farm; wet basis"},"exchange":{"@type":"Exchange","internalId":289,"name":"apply fertilizer; with incorporation, drawn broadcast sprayer, winter wheat; at farm"}},{"@type":"ProcessLink","provider":{"@type":"Process","@id":"91057ffa-a177-3342-9041-5b6c038ffddf","name":"operation of Tandem disk (Disk, tandem heavy primary op.); for growing winter wheat; at farm; 210HP tractor, 26 ft wide"},"flow":{"@type":"Flow","@id":"6921dd5a-ed48-31a1-9991-27b65c961f77","name":"operation of Tandem disk (Disk, tandem heavy primary op.); for growing winter wheat; at farm; 210HP tractor, 26 ft wide"},"process":{"@type":"Process","@id":"f84ecdcf-4ae3-3cb7-8cf9-e65d66a597c0","name":"apply liming materials; spreader and tandem disks, winter wheat; at farm"},"exchange":{"@type":"Exchange","internalId":6,"name":"operation of Tandem disk (Disk, tandem heavy primary op.); for growing winter wheat; at farm; 210HP tractor, 26 ft wide"}},{"@type":"ProcessLink","provider":{"@type":"Process","@id":"ce3837a2-6c7d-382a-9474-bf893801544f","name":"apply fertilizer; without incorporation, self-propelled broadcast sprayer, winter wheat; at farm"},"flow":{"@type":"Flow","@id":"ccd44c5e-5b9e-355e-bf6a-105f424ee44c","name":"apply fertilizer; without incorporation, self-propelled broadcast sprayer, winter wheat; at farm"},"process":{"@type":"Process","@id":"a85fd7ae-4a7b-318c-8405-9e7632088531","name":"winter wheat; at harvest; at farm; wet basis"},"exchange":{"@type":"Exchange","internalId":553,"name":"apply fertilizer; without incorporation, self-propelled broadcast sprayer, winter wheat; at farm"}},{"@type":"ProcessLink","provider":{"@type":"Process","@id":"3909b4d1-3cc6-3084-826c-ec395cf166f8","name":"apply pesticide; broadcast without incorporation, drawn sprayer, winter wheat; at farm"},"flow":{"@type":"Flow","@id":"a0ee7796-066d-3e07-9315-afedd695fb70","name":"apply pesticide; broadcast without incorporation, drawn sprayer, winter wheat; at farm"},"process":{"@type":"Process","@id":"a85fd7ae-4a7b-318c-8405-9e7632088531","name":"winter wheat; at harvest; at farm; wet basis"},"exchange":{"@type":"Exchange","internalId":226,"name":"apply pesticide; broadcast without incorporation, drawn sprayer, winter wheat; at farm"}},{"@type":"ProcessLink","provider":{"@type":"Process","@id":"27a1d175-5020-3dfa-8f44-aea8ff96804a","name":"harvest; drawn forage harvester, winter wheat residue; at farm"},"flow":{"@type":"Flow","@id":"dd93197b-eca0-38e5-9812-5e408dfca53a","name":"harvest; drawn forage harvester, winter wheat residue; at farm"},"process":{"@type":"Process","@id":"a85fd7ae-4a7b-318c-8405-9e7632088531","name":"winter wheat; at harvest; at farm; wet basis"},"exchange":{"@type":"Exchange","internalId":297,"name":"harvest; drawn forage harvester, winter wheat residue; at farm"}},{"@type":"ProcessLink","provider":{"@type":"Process","@id":"1f3ed70b-b113-373e-8fc3-747b286dafe0","name":"operation of Directed sprayer; for growing winter wheat; at farm; 170HP tractor, R8-8"},"flow":{"@type":"Flow","@id":"50c28c31-ad79-329b-92be-1c46ef3f567a","name":"operation of Directed sprayer; for growing winter wheat; at farm; 170HP tractor, R8-8"},"process":{"@type":"Process","@id":"44e622dd-a34d-3c4c-bee2-37b6e7ec1b63","name":"apply pesticide; directed spray, winter wheat; at farm"},"exchange":{"@type":"Exchange","internalId":3,"name":"operation of Directed sprayer; for growing winter wheat; at farm; 170HP tractor, R8-8"}},{"@type":"ProcessLink","provider":{"@type":"Process","@id":"1f3ed70b-b113-373e-8fc3-747b286dafe0","name":"operation of Directed sprayer; for growing winter wheat; at farm; 170HP tractor, R8-8"},"flow":{"@type":"Flow","@id":"50c28c31-ad79-329b-92be-1c46ef3f567a","name":"operation of Directed sprayer; for growing winter wheat; at farm; 170HP tractor, R8-8"},"process":{"@type":"Process","@id":"b652ad05-d0c3-38e7-bda1-fb70bf0bca78","name":"apply fertilizer; no broadcast, directed sprayer, winter wheat; at farm"},"exchange":{"@type":"Exchange","internalId":4,"name":"operation of Directed sprayer; for growing winter wheat; at farm; 170HP tractor, R8-8"}},{"@type":"ProcessLink","provider":{"@type":"Process","@id":"c0a3c06d-17d6-3aa8-9b61-4be30e08fb3f","name":"apply fertilizer; without incorporation, fertilizer spreader, winter wheat; at farm"},"flow":{"@type":"Flow","@id":"3b1a61ed-97db-3ed4-b47a-e4da2a56f1dc","name":"apply fertilizer; without incorporation, fertilizer spreader, winter wheat; at farm"},"process":{"@type":"Process","@id":"a85fd7ae-4a7b-318c-8405-9e7632088531","name":"winter wheat; at harvest; at farm; wet basis"},"exchange":{"@type":"Exchange","internalId":13,"name":"apply fertilizer; without incorporation, fertilizer spreader, winter wheat; at farm"}},{"@type":"ProcessLink","provider":{"@type":"Process","@id":"b4666e46-0fe4-332b-a729-0b4a04cb64d6","name":"operation of Chisel plow (Chisel, st. pt.); for growing winter wheat; at farm; 310HP tractor, 36 ft wide"},"flow":{"@type":"Flow","@id":"3718df31-d7e4-37fd-bb18-de458d48c555","name":"operation of Chisel plow (Chisel, st. pt.); for growing winter wheat; at farm; 310HP tractor, 36 ft wide"},"process":{"@type":"Process","@id":"c1fb773e-544e-3cb3-8ad8-cd2ba794e4ed","name":"apply fertilizer; with incorporation, fertilizer spreader, winter wheat; at farm"},"exchange":{"@type":"Exchange","internalId":6,"name":"operation of Chisel plow (Chisel, st. pt.); for growing winter wheat; at farm; 310HP tractor, 36 ft wide"}},{"@type":"ProcessLink","provider":{"@type":"Process","@id":"b4666e46-0fe4-332b-a729-0b4a04cb64d6","name":"operation of Chisel plow (Chisel, st. pt.); for growing winter wheat; at farm; 310HP tractor, 36 ft wide"},"flow":{"@type":"Flow","@id":"3718df31-d7e4-37fd-bb18-de458d48c555","name":"operation of Chisel plow (Chisel, st. pt.); for growing winter wheat; at farm; 310HP tractor, 36 ft wide"},"process":{"@type":"Process","@id":"735e57e6-7271-3404-b1a0-ae54157b26ec","name":"apply liming materials; spreader and chisel plow, winter wheat; at farm"},"exchange":{"@type":"Exchange","internalId":7,"name":"operation of Chisel plow (Chisel, st. pt.); for growing winter wheat; at farm; 310HP tractor, 36 ft wide"}},{"@type":"ProcessLink","provider":{"@type":"Process","@id":"b4666e46-0fe4-332b-a729-0b4a04cb64d6","name":"operation of Chisel plow (Chisel, st. pt.); for growing winter wheat; at farm; 310HP tractor, 36 ft wide"},"flow":{"@type":"Flow","@id":"3718df31-d7e4-37fd-bb18-de458d48c555","name":"operation of Chisel plow (Chisel, st. pt.); for growing winter wheat; at farm; 310HP tractor, 36 ft wide"},"process":{"@type":"Process","@id":"4557f7b1-b4ab-37ae-94f2-ea88e9c9c770","name":"apply pesticide; broadcast with incorporation, drawn sprayer, winter wheat; at farm"},"exchange":{"@type":"Exchange","internalId":7,"name":"operation of Chisel plow (Chisel, st. pt.); for growing winter wheat; at farm; 310HP tractor, 36 ft wide"}},{"@type":"ProcessLink","provider":{"@type":"Process","@id":"b4666e46-0fe4-332b-a729-0b4a04cb64d6","name":"operation of Chisel plow (Chisel, st. pt.); for growing winter wheat; at farm; 310HP tractor, 36 ft wide"},"flow":{"@type":"Flow","@id":"3718df31-d7e4-37fd-bb18-de458d48c555","name":"operation of Chisel plow (Chisel, st. pt.); for growing winter wheat; at farm; 310HP tractor, 36 ft wide"},"process":{"@type":"Process","@id":"80fb5d41-1fb7-3a9b-b72c-8cb6c21e929f","name":"apply fertilizer; with incorporation, drawn broadcast sprayer, winter wheat; at farm"},"exchange":{"@type":"Exchange","internalId":3,"name":"operation of Chisel plow (Chisel, st. pt.); for growing winter wheat; at farm; 310HP tractor, 36 ft wide"}},{"@type":"ProcessLink","provider":{"@type":"Process","@id":"b4666e46-0fe4-332b-a729-0b4a04cb64d6","name":"operation of Chisel plow (Chisel, st. pt.); for growing winter wheat; at farm; 310HP tractor, 36 ft wide"},"flow":{"@type":"Flow","@id":"3718df31-d7e4-37fd-bb18-de458d48c555","name":"operation of Chisel plow (Chisel, st. pt.); for growing winter wheat; at farm; 310HP tractor, 36 ft wide"},"process":{"@type":"Process","@id":"1219a0df-3f72-3f1d-9525-a22f3cb58891","name":"apply pesticide; broadcast with incorporation, self-propelled sprayer, winter wheat; at farm"},"exchange":{"@type":"Exchange","internalId":7,"name":"operation of Chisel plow (Chisel, st. pt.); for growing winter wheat; at farm; 310HP tractor, 36 ft wide"}},{"@type":"ProcessLink","provider":{"@type":"Process","@id":"b4666e46-0fe4-332b-a729-0b4a04cb64d6","name":"operation of Chisel plow (Chisel, st. pt.); for growing winter wheat; at farm; 310HP tractor, 36 ft wide"},"flow":{"@type":"Flow","@id":"3718df31-d7e4-37fd-bb18-de458d48c555","name":"operation of Chisel plow (Chisel, st. pt.); for growing winter wheat; at farm; 310HP tractor, 36 ft wide"},"process":{"@type":"Process","@id":"67116887-c345-33b2-be64-4a5d19023e50","name":"apply fertilizer; with incorporation, self-propelled broadcast sprayer, winter wheat; at farm"},"exchange":{"@type":"Exchange","internalId":4,"name":"operation of Chisel plow (Chisel, st. pt.); for growing winter wheat; at farm; 310HP tractor, 36 ft wide"}},{"@type":"ProcessLink","provider":{"@type":"Process","@id":"b707e961-4369-341a-a5c3-0321f8b697eb","name":"apply pesticide; foliar, winter wheat; at farm"},"flow":{"@type":"Flow","@id":"ae366bc7-e6b0-317d-8873-dfc154ea3c9c","name":"apply pesticide; foliar, winter wheat; at farm"},"process":{"@type":"Process","@id":"a85fd7ae-4a7b-318c-8405-9e7632088531","name":"winter wheat; at harvest; at farm; wet basis"},"exchange":{"@type":"Exchange","internalId":477,"name":"apply pesticide; foliar, winter wheat; at farm"}},{"@type":"ProcessLink","provider":{"@type":"Process","@id":"0ce2d58e-84bf-3691-ac5c-ada0e82f241b","name":"apply fertilizer; no broadcast, band sprayer, winter wheat; at farm"},"flow":{"@type":"Flow","@id":"b33012d8-044f-3b25-9ce6-5874270b57d5","name":"apply fertilizer; no broadcast, band sprayer, winter wheat; at farm"},"process":{"@type":"Process","@id":"a85fd7ae-4a7b-318c-8405-9e7632088531","name":"winter wheat; at harvest; at farm; wet basis"},"exchange":{"@type":"Exchange","internalId":305,"name":"apply fertilizer; no broadcast, band sprayer, winter wheat; at farm"}},{"@type":"ProcessLink","provider":{"@type":"Process","@id":"9a3f9bd8-f975-394a-8f0e-0f6ac6a9d282","name":"operation of Broadcast sprayer; for growing winter wheat; at farm; 170HP tractor, 55 ft wide"},"flow":{"@type":"Flow","@id":"341ae8ff-ea35-3b7b-9bad-1ca17129aafb","name":"operation of Broadcast sprayer; for growing winter wheat; at farm; 170HP tractor, 55 ft wide"},"process":{"@type":"Process","@id":"2d969af2-6bf3-3e6e-803d-b546734753db","name":"apply fertilizer; without incorporation, drawn broadcast sprayer, winter wheat; at farm"},"exchange":{"@type":"Exchange","internalId":3,"name":"operation of Broadcast sprayer; for growing winter wheat; at farm; 170HP tractor, 55 ft wide"}},{"@type":"ProcessLink","provider":{"@type":"Process","@id":"9a3f9bd8-f975-394a-8f0e-0f6ac6a9d282","name":"operation of Broadcast sprayer; for growing winter wheat; at farm; 170HP tractor, 55 ft wide"},"flow":{"@type":"Flow","@id":"341ae8ff-ea35-3b7b-9bad-1ca17129aafb","name":"operation of Broadcast sprayer; for growing winter wheat; at farm; 170HP tractor, 55 ft wide"},"process":{"@type":"Process","@id":"4557f7b1-b4ab-37ae-94f2-ea88e9c9c770","name":"apply pesticide; broadcast with incorporation, drawn sprayer, winter wheat; at farm"},"exchange":{"@type":"Exchange","internalId":4,"name":"operation of Broadcast sprayer; for growing winter wheat; at farm; 170HP tractor, 55 ft wide"}},{"@type":"ProcessLink","provider":{"@type":"Process","@id":"9a3f9bd8-f975-394a-8f0e-0f6ac6a9d282","name":"operation of Broadcast sprayer; for growing winter wheat; at farm; 170HP tractor, 55 ft wide"},"flow":{"@type":"Flow","@id":"341ae8ff-ea35-3b7b-9bad-1ca17129aafb","name":"operation of Broadcast sprayer; for growing winter wheat; at farm; 170HP tractor, 55 ft wide"},"process":{"@type":"Process","@id":"80fb5d41-1fb7-3a9b-b72c-8cb6c21e929f","name":"apply fertilizer; with incorporation, drawn broadcast sprayer, winter wheat; at farm"},"exchange":{"@type":"Exchange","internalId":6,"name":"operation of Broadcast sprayer; for growing winter wheat; at farm; 170HP tractor, 55 ft wide"}},{"@type":"ProcessLink","provider":{"@type":"Process","@id":"9a3f9bd8-f975-394a-8f0e-0f6ac6a9d282","name":"operation of Broadcast sprayer; for growing winter wheat; at farm; 170HP tractor, 55 ft wide"},"flow":{"@type":"Flow","@id":"341ae8ff-ea35-3b7b-9bad-1ca17129aafb","name":"operation of Broadcast sprayer; for growing winter wheat; at farm; 170HP tractor, 55 ft wide"},"process":{"@type":"Process","@id":"3909b4d1-3cc6-3084-826c-ec395cf166f8","name":"apply pesticide; broadcast without incorporation, drawn sprayer, winter wheat; at farm"},"exchange":{"@type":"Exchange","internalId":2,"name":"operation of Broadcast sprayer; for growing winter wheat; at farm; 170HP tractor, 55 ft wide"}},{"@type":"ProcessLink","provider":{"@type":"Process","@id":"f8f43f49-d36b-3f20-a3f4-adc16a7be69d","name":"operation of Spot sprayer; for growing winter wheat; at farm; 170HP tractor, 40 ft wide"},"flow":{"@type":"Flow","@id":"8cf672ea-431b-33d5-8877-bdd1a3089664","name":"operation of Spot sprayer; for growing winter wheat; at farm; 170HP tractor, 40 ft wide"},"process":{"@type":"Process","@id":"9d047d55-6b6a-35ba-aa4a-549c99649b6b","name":"apply fertilizer; no broadcast, spot sprayer, winter wheat; at farm"},"exchange":{"@type":"Exchange","internalId":3,"name":"operation of Spot sprayer; for growing winter wheat; at farm; 170HP tractor, 40 ft wide"}},{"@type":"ProcessLink","provider":{"@type":"Process","@id":"f8f43f49-d36b-3f20-a3f4-adc16a7be69d","name":"operation of Spot sprayer; for growing winter wheat; at farm; 170HP tractor, 40 ft wide"},"flow":{"@type":"Flow","@id":"8cf672ea-431b-33d5-8877-bdd1a3089664","name":"operation of Spot sprayer; for growing winter wheat; at farm; 170HP tractor, 40 ft wide"},"process":{"@type":"Process","@id":"b707e961-4369-341a-a5c3-0321f8b697eb","name":"apply pesticide; foliar, winter wheat; at farm"},"exchange":{"@type":"Exchange","internalId":2,"name":"operation of Spot sprayer; for growing winter wheat; at farm; 170HP tractor, 40 ft wide"}},{"@type":"ProcessLink","provider":{"@type":"Process","@id":"57f131f7-9d77-9b82-c661-c7ef1165c44f","name":"work; ag. tractors for growing win wheat, 2014 fleet, all fuels; 300-600HP"},"flow":{"@type":"Flow","@id":"a2938f97-46b6-3572-b3e3-8b2c8e8c9af3","name":"work; ag. tractors for growing win wheat, 2014 fleet, all fuels; 300-600HP"},"process":{"@type":"Process","@id":"b4666e46-0fe4-332b-a729-0b4a04cb64d6","name":"operation of Chisel plow (Chisel, st. pt.); for growing winter wheat; at farm; 310HP tractor, 36 ft wide"},"exchange":{"@type":"Exchange","internalId":3,"name":"work; ag. tractors for growing win wheat, 2014 fleet, all fuels; 300-600HP"}},{"@type":"ProcessLink","provider":{"@type":"Process","@id":"224a7d47-a1a3-398e-a8ca-0c6863a8f230","name":"harvest; wheat header with cart, winter wheat; at farm"},"flow":{"@type":"Flow","@id":"e56ebd96-e0c2-3b20-ae4e-2d7c362497d0","name":"harvest; wheat header with cart, winter wheat; at farm"},"process":{"@type":"Process","@id":"a85fd7ae-4a7b-318c-8405-9e7632088531","name":"winter wheat; at harvest; at farm; wet basis"},"exchange":{"@type":"Exchange","internalId":846,"name":"harvest; wheat header with cart, winter wheat; at farm"}},{"@type":"ProcessLink","provider":{"@type":"Process","@id":"af1a6b39-575e-39cf-9228-9120f9c6fab6","name":"operation of Broadcast sprayer; for growing winter wheat; at farm; 125HP, 60 ft wide"},"flow":{"@type":"Flow","@id":"ac537ca7-276a-3dc5-a957-d530462374a5","name":"operation of Broadcast sprayer; for growing winter wheat; at farm; 125HP, 60 ft wide"},"process":{"@type":"Process","@id":"ce3837a2-6c7d-382a-9474-bf893801544f","name":"apply fertilizer; without incorporation, self-propelled broadcast sprayer, winter wheat; at farm"},"exchange":{"@type":"Exchange","internalId":3,"name":"operation of Broadcast sprayer; for growing winter wheat; at farm; 125HP, 60 ft wide"}},{"@type":"ProcessLink","provider":{"@type":"Process","@id":"af1a6b39-575e-39cf-9228-9120f9c6fab6","name":"operation of Broadcast sprayer; for growing winter wheat; at farm; 125HP, 60 ft wide"},"flow":{"@type":"Flow","@id":"ac537ca7-276a-3dc5-a957-d530462374a5","name":"operation of Broadcast sprayer; for growing winter wheat; at farm; 125HP, 60 ft wide"},"process":{"@type":"Process","@id":"1219a0df-3f72-3f1d-9525-a22f3cb58891","name":"apply pesticide; broadcast with incorporation, self-propelled sprayer, winter wheat; at farm"},"exchange":{"@type":"Exchange","internalId":5,"name":"operation of Broadcast sprayer; for growing winter wheat; at farm; 125HP, 60 ft wide"}},{"@type":"ProcessLink","provider":{"@type":"Process","@id":"af1a6b39-575e-39cf-9228-9120f9c6fab6","name":"operation of Broadcast sprayer; for growing winter wheat; at farm; 125HP, 60 ft wide"},"flow":{"@type":"Flow","@id":"ac537ca7-276a-3dc5-a957-d530462374a5","name":"operation of Broadcast sprayer; for growing winter wheat; at farm; 125HP, 60 ft wide"},"process":{"@type":"Process","@id":"67116887-c345-33b2-be64-4a5d19023e50","name":"apply fertilizer; with incorporation, self-propelled broadcast sprayer, winter wheat; at farm"},"exchange":{"@type":"Exchange","internalId":6,"name":"operation of Broadcast sprayer; for growing winter wheat; at farm; 125HP, 60 ft wide"}},{"@type":"ProcessLink","provider":{"@type":"Process","@id":"af1a6b39-575e-39cf-9228-9120f9c6fab6","name":"operation of Broadcast sprayer; for growing winter wheat; at farm; 125HP, 60 ft wide"},"flow":{"@type":"Flow","@id":"ac537ca7-276a-3dc5-a957-d530462374a5","name":"operation of Broadcast sprayer; for growing winter wheat; at farm; 125HP, 60 ft wide"},"process":{"@type":"Process","@id":"4edc8f7b-9746-337f-92a0-7198945c0f8a","name":"apply pesticide; broadcast without incorporation, self-propelled sprayer, winter wheat; at farm"},"exchange":{"@type":"Exchange","internalId":2,"name":"operation of Broadcast sprayer; for growing winter wheat; at farm; 125HP, 60 ft wide"}},{"@type":"ProcessLink","provider":{"@type":"Process","@id":"c65a6541-ad3e-17c0-ba58-4fd8475bdd38","name":"work; ag. tractors for growing win wheat, 2014 fleet, all fuels; 175-300HP"},"flow":{"@type":"Flow","@id":"c1f90e27-ff11-34eb-9c2b-83ae1f116980","name":"work; ag. tractors for growing win wheat, 2014 fleet, all fuels; 175-300HP"},"process":{"@type":"Process","@id":"a4a0dba1-7a5a-3a3d-be72-362e85810adb","name":"operation of Dry spreader; for growing winter wheat; at farm; 240HP tractor, 38 ft wide"},"exchange":{"@type":"Exchange","internalId":4,"name":"work; ag. tractors for growing win wheat, 2014 fleet, all fuels; 175-300HP"}},{"@type":"ProcessLink","provider":{"@type":"Process","@id":"c65a6541-ad3e-17c0-ba58-4fd8475bdd38","name":"work; ag. tractors for growing win wheat, 2014 fleet, all fuels; 175-300HP"},"flow":{"@type":"Flow","@id":"c1f90e27-ff11-34eb-9c2b-83ae1f116980","name":"work; ag. tractors for growing win wheat, 2014 fleet, all fuels; 175-300HP"},"process":{"@type":"Process","@id":"d834d25f-231d-38cd-9ba8-c73a62862260","name":"operation of Dry spreader; for growing winter wheat; at farm; 190HP tractor, 31 ft wide"},"exchange":{"@type":"Exchange","internalId":5,"name":"work; ag. tractors for growing win wheat, 2014 fleet, all fuels; 175-300HP"}},{"@type":"ProcessLink","provider":{"@type":"Process","@id":"c65a6541-ad3e-17c0-ba58-4fd8475bdd38","name":"work; ag. tractors for growing win wheat, 2014 fleet, all fuels; 175-300HP"},"flow":{"@type":"Flow","@id":"c1f90e27-ff11-34eb-9c2b-83ae1f116980","name":"work; ag. tractors for growing win wheat, 2014 fleet, all fuels; 175-300HP"},"process":{"@type":"Process","@id":"fde0ef84-5b07-3378-9c88-5ea00efd1846","name":"operation of Dry spreader; for growing winter wheat; at farm; 280HP tractor, 44 ft wide"},"exchange":{"@type":"Exchange","internalId":2,"name":"work; ag. tractors for growing win wheat, 2014 fleet, all fuels; 175-300HP"}},{"@type":"ProcessLink","provider":{"@type":"Process","@id":"c65a6541-ad3e-17c0-ba58-4fd8475bdd38","name":"work; ag. tractors for growing win wheat, 2014 fleet, all fuels; 175-300HP"},"flow":{"@type":"Flow","@id":"c1f90e27-ff11-34eb-9c2b-83ae1f116980","name":"work; ag. tractors for growing win wheat, 2014 fleet, all fuels; 175-300HP"},"process":{"@type":"Process","@id":"d5a8c303-4556-3cec-aaaf-567284e09ee2","name":"operation of Chisel plow (Chisel, st. pt.); for growing winter wheat; at farm; 225HP tractor, 28 ft wide"},"exchange":{"@type":"Exchange","internalId":6,"name":"work; ag. tractors for growing win wheat, 2014 fleet, all fuels; 175-300HP"}},{"@type":"ProcessLink","provider":{"@type":"Process","@id":"c65a6541-ad3e-17c0-ba58-4fd8475bdd38","name":"work; ag. tractors for growing win wheat, 2014 fleet, all fuels; 175-300HP"},"flow":{"@type":"Flow","@id":"c1f90e27-ff11-34eb-9c2b-83ae1f116980","name":"work; ag. tractors for growing win wheat, 2014 fleet, all fuels; 175-300HP"},"process":{"@type":"Process","@id":"91057ffa-a177-3342-9041-5b6c038ffddf","name":"operation of Tandem disk (Disk, tandem heavy primary op.); for growing winter wheat; at farm; 210HP tractor, 26 ft wide"},"exchange":{"@type":"Exchange","internalId":2,"name":"work; ag. tractors for growing win wheat, 2014 fleet, all fuels; 175-300HP"}},{"@type":"ProcessLink","provider":{"@type":"Process","@id":"1c4d3fc1-1ae3-34ae-bcee-fa7782ab3f85","name":"operation of Tandem disk (Disk, tandem secondary op.); for growing winter wheat; at farm; 75HP tractor, 11 ft wide"},"flow":{"@type":"Flow","@id":"463cd78a-61f1-3b5d-aa5e-aa0e136e97c3","name":"operation of Tandem disk (Disk, tandem secondary op.); for growing winter wheat; at farm; 75HP tractor, 11 ft wide"},"process":{"@type":"Process","@id":"f84ecdcf-4ae3-3cb7-8cf9-e65d66a597c0","name":"apply liming materials; spreader and tandem disks, winter wheat; at farm"},"exchange":{"@type":"Exchange","internalId":3,"name":"operation of Tandem disk (Disk, tandem secondary op.); for growing winter wheat; at farm; 75HP tractor, 11 ft wide"}},{"@type":"ProcessLink","provider":{"@type":"Process","@id":"dc497f77-aa4b-3f5b-c307-19d7a3071c0b","name":"work; sprayers for growing win wheat, 2014 fleet, all fuels; 175-300HP"},"flow":{"@type":"Flow","@id":"d56f0ebf-336d-3f9f-8101-6932c98e3174","name":"work; sprayers for growing win wheat, 2014 fleet, all fuels; 175-300HP"},"process":{"@type":"Process","@id":"6c1fde46-647d-344e-a501-3f4ddbe05504","name":"operation of Broadcast sprayer; for growing winter wheat; at farm; 250HP, 90 ft wide"},"exchange":{"@type":"Exchange","internalId":2,"name":"work; sprayers for growing win wheat, 2014 fleet, all fuels; 175-300HP"}},{"@type":"ProcessLink","provider":{"@type":"Process","@id":"67116887-c345-33b2-be64-4a5d19023e50","name":"apply fertilizer; with incorporation, self-propelled broadcast sprayer, winter wheat; at farm"},"flow":{"@type":"Flow","@id":"eb6f280c-2a23-37e8-8152-eaedeb85ef33","name":"apply fertilizer; with incorporation, self-propelled broadcast sprayer, winter wheat; at farm"},"process":{"@type":"Process","@id":"a85fd7ae-4a7b-318c-8405-9e7632088531","name":"winter wheat; at harvest; at farm; wet basis"},"exchange":{"@type":"Exchange","internalId":652,"name":"apply fertilizer; with incorporation, self-propelled broadcast sprayer, winter wheat; at farm"}},{"@type":"ProcessLink","provider":{"@type":"Process","@id":"6c1fde46-647d-344e-a501-3f4ddbe05504","name":"operation of Broadcast sprayer; for growing winter wheat; at farm; 250HP, 90 ft wide"},"flow":{"@type":"Flow","@id":"06ececd1-47c4-3e91-b83a-294b1d9dead6","name":"operation of Broadcast sprayer; for growing winter wheat; at farm; 250HP, 90 ft wide"},"process":{"@type":"Process","@id":"ce3837a2-6c7d-382a-9474-bf893801544f","name":"apply fertilizer; without incorporation, self-propelled broadcast sprayer, winter wheat; at farm"},"exchange":{"@type":"Exchange","internalId":2,"name":"operation of Broadcast sprayer; for growing winter wheat; at farm; 250HP, 90 ft wide"}},{"@type":"ProcessLink","provider":{"@type":"Process","@id":"6c1fde46-647d-344e-a501-3f4ddbe05504","name":"operation of Broadcast sprayer; for growing winter wheat; at farm; 250HP, 90 ft wide"},"flow":{"@type":"Flow","@id":"06ececd1-47c4-3e91-b83a-294b1d9dead6","name":"operation of Broadcast sprayer; for growing winter wheat; at farm; 250HP, 90 ft wide"},"process":{"@type":"Process","@id":"1219a0df-3f72-3f1d-9525-a22f3cb58891","name":"apply pesticide; broadcast with incorporation, self-propelled sprayer, winter wheat; at farm"},"exchange":{"@type":"Exchange","internalId":2,"name":"operation of Broadcast sprayer; for growing winter wheat; at farm; 250HP, 90 ft wide"}},{"@type":"ProcessLink","provider":{"@type":"Process","@id":"6c1fde46-647d-344e-a501-3f4ddbe05504","name":"operation of Broadcast sprayer; for growing winter wheat; at farm; 250HP, 90 ft wide"},"flow":{"@type":"Flow","@id":"06ececd1-47c4-3e91-b83a-294b1d9dead6","name":"operation of Broadcast sprayer; for growing winter wheat; at farm; 250HP, 90 ft wide"},"process":{"@type":"Process","@id":"67116887-c345-33b2-be64-4a5d19023e50","name":"apply fertilizer; with incorporation, self-propelled broadcast sprayer, winter wheat; at farm"},"exchange":{"@type":"Exchange","internalId":3,"name":"operation of Broadcast sprayer; for growing winter wheat; at farm; 250HP, 90 ft wide"}},{"@type":"ProcessLink","provider":{"@type":"Process","@id":"6c1fde46-647d-344e-a501-3f4ddbe05504","name":"operation of Broadcast sprayer; for growing winter wheat; at farm; 250HP, 90 ft wide"},"flow":{"@type":"Flow","@id":"06ececd1-47c4-3e91-b83a-294b1d9dead6","name":"operation of Broadcast sprayer; for growing winter wheat; at farm; 250HP, 90 ft wide"},"process":{"@type":"Process","@id":"4edc8f7b-9746-337f-92a0-7198945c0f8a","name":"apply pesticide; broadcast without incorporation, self-propelled sprayer, winter wheat; at farm"},"exchange":{"@type":"Exchange","internalId":3,"name":"operation of Broadcast sprayer; for growing winter wheat; at farm; 250HP, 90 ft wide"}},{"@type":"ProcessLink","provider":{"@type":"Process","@id":"add05597-6103-924c-3b10-77ee0d25bbf9","name":"work; ag. tractors for win wheat harvest, 2014 fleet, all fuels; 50-100HP"},"flow":{"@type":"Flow","@id":"888dec30-4b27-38a3-9329-4f140d0ec186","name":"work; ag. tractors for win wheat harvest, 2014 fleet, all fuels; 50-100HP"},"process":{"@type":"Process","@id":"6986d607-3356-3482-a730-d58ad6555c91","name":"operation of Forage harvester; for harvesting winter wheat; at farm; 100HP tractor, 6 ft wide"},"exchange":{"@type":"Exchange","internalId":3,"name":"work; ag. tractors for win wheat harvest, 2014 fleet, all fuels; 50-100HP"}},{"@type":"ProcessLink","provider":{"@type":"Process","@id":"b652ad05-d0c3-38e7-bda1-fb70bf0bca78","name":"apply fertilizer; no broadcast, directed sprayer, winter wheat; at farm"},"flow":{"@type":"Flow","@id":"a848378a-8c11-3b26-9324-162e0f3736dc","name":"apply fertilizer; no broadcast, directed sprayer, winter wheat; at farm"},"process":{"@type":"Process","@id":"a85fd7ae-4a7b-318c-8405-9e7632088531","name":"winter wheat; at harvest; at farm; wet basis"},"exchange":{"@type":"Exchange","internalId":146,"name":"apply fertilizer; no broadcast, directed sprayer, winter wheat; at farm"}},{"@type":"ProcessLink","provider":{"@type":"Process","@id":"34ca4d58-c035-3e7d-b529-43fd6cdaa2f7","name":"operation of Broadcast sprayer; for growing winter wheat; at farm; 60HP tractor, 37 ft wide"},"flow":{"@type":"Flow","@id":"41e4fbad-7776-39ea-bd25-0ee1955050f8","name":"operation of Broadcast sprayer; for growing winter wheat; at farm; 60HP tractor, 37 ft wide"},"process":{"@type":"Process","@id":"2d969af2-6bf3-3e6e-803d-b546734753db","name":"apply fertilizer; without incorporation, drawn broadcast sprayer, winter wheat; at farm"},"exchange":{"@type":"Exchange","internalId":2,"name":"operation of Broadcast sprayer; for growing winter wheat; at farm; 60HP tractor, 37 ft wide"}},{"@type":"ProcessLink","provider":{"@type":"Process","@id":"34ca4d58-c035-3e7d-b529-43fd6cdaa2f7","name":"operation of Broadcast sprayer; for growing winter wheat; at farm; 60HP tractor, 37 ft wide"},"flow":{"@type":"Flow","@id":"41e4fbad-7776-39ea-bd25-0ee1955050f8","name":"operation of Broadcast sprayer; for growing winter wheat; at farm; 60HP tractor, 37 ft wide"},"process":{"@type":"Process","@id":"4557f7b1-b4ab-37ae-94f2-ea88e9c9c770","name":"apply pesticide; broadcast with incorporation, drawn sprayer, winter wheat; at farm"},"exchange":{"@type":"Exchange","internalId":5,"name":"operation of Broadcast sprayer; for growing winter wheat; at farm; 60HP tractor, 37 ft wide"}},{"@type":"ProcessLink","provider":{"@type":"Process","@id":"34ca4d58-c035-3e7d-b529-43fd6cdaa2f7","name":"operation of Broadcast sprayer; for growing winter wheat; at farm; 60HP tractor, 37 ft wide"},"flow":{"@type":"Flow","@id":"41e4fbad-7776-39ea-bd25-0ee1955050f8","name":"operation of Broadcast sprayer; for growing winter wheat; at farm; 60HP tractor, 37 ft wide"},"process":{"@type":"Process","@id":"80fb5d41-1fb7-3a9b-b72c-8cb6c21e929f","name":"apply fertilizer; with incorporation, drawn broadcast sprayer, winter wheat; at farm"},"exchange":{"@type":"Exchange","internalId":2,"name":"operation of Broadcast sprayer; for growing winter wheat; at farm; 60HP tractor, 37 ft wide"}},{"@type":"ProcessLink","provider":{"@type":"Process","@id":"34ca4d58-c035-3e7d-b529-43fd6cdaa2f7","name":"operation of Broadcast sprayer; for growing winter wheat; at farm; 60HP tractor, 37 ft wide"},"flow":{"@type":"Flow","@id":"41e4fbad-7776-39ea-bd25-0ee1955050f8","name":"operation of Broadcast sprayer; for growing winter wheat; at farm; 60HP tractor, 37 ft wide"},"process":{"@type":"Process","@id":"3909b4d1-3cc6-3084-826c-ec395cf166f8","name":"apply pesticide; broadcast without incorporation, drawn sprayer, winter wheat; at farm"},"exchange":{"@type":"Exchange","internalId":4,"name":"operation of Broadcast sprayer; for growing winter wheat; at farm; 60HP tractor, 37 ft wide"}},{"@type":"ProcessLink","provider":{"@type":"Process","@id":"22f4d9e8-ffb0-fc1c-8844-6b74c4d55178","name":"work; ag. tractors for growing win wheat, 2014 fleet, all fuels; 50-100HP"},"flow":{"@type":"Flow","@id":"b5f5c718-a4cf-3dcc-9066-06bfa7de4678","name":"work; ag. tractors for growing win wheat, 2014 fleet, all fuels; 50-100HP"},"process":{"@type":"Process","@id":"38c147eb-d26e-3ed7-88d1-3cc0ecab45ce","name":"operation of Tandem disk (Disk, tandem heavy primary op.); for growing winter wheat; at farm; 90HP tractor, 11 ft wide"},"exchange":{"@type":"Exchange","internalId":6,"name":"work; ag. tractors for growing win wheat, 2014 fleet, all fuels; 50-100HP"}},{"@type":"ProcessLink","provider":{"@type":"Process","@id":"22f4d9e8-ffb0-fc1c-8844-6b74c4d55178","name":"work; ag. tractors for growing win wheat, 2014 fleet, all fuels; 50-100HP"},"flow":{"@type":"Flow","@id":"b5f5c718-a4cf-3dcc-9066-06bfa7de4678","name":"work; ag. tractors for growing win wheat, 2014 fleet, all fuels; 50-100HP"},"process":{"@type":"Process","@id":"1c4d3fc1-1ae3-34ae-bcee-fa7782ab3f85","name":"operation of Tandem disk (Disk, tandem secondary op.); for growing winter wheat; at farm; 75HP tractor, 11 ft wide"},"exchange":{"@type":"Exchange","internalId":3,"name":"work; ag. tractors for growing win wheat, 2014 fleet, all fuels; 50-100HP"}},{"@type":"ProcessLink","provider":{"@type":"Process","@id":"22f4d9e8-ffb0-fc1c-8844-6b74c4d55178","name":"work; ag. tractors for growing win wheat, 2014 fleet, all fuels; 50-100HP"},"flow":{"@type":"Flow","@id":"b5f5c718-a4cf-3dcc-9066-06bfa7de4678","name":"work; ag. tractors for growing win wheat, 2014 fleet, all fuels; 50-100HP"},"process":{"@type":"Process","@id":"34ca4d58-c035-3e7d-b529-43fd6cdaa2f7","name":"operation of Broadcast sprayer; for growing winter wheat; at farm; 60HP tractor, 37 ft wide"},"exchange":{"@type":"Exchange","internalId":6,"name":"work; ag. tractors for growing win wheat, 2014 fleet, all fuels; 50-100HP"}}]}