{"@context":"http://greendelta.github.io/olca-schema/context.jsonld","@type":"ProductSystem","@id":"4b45df7f-7fd0-4a46-b5c9-2b3a5361d2bd","name":"spring wheat, excluding durum; at harvest; at farm; wet basis","description":"This product system represents a set of connected unit processes for the production of one unit of referenced product. All unit processes in the system are consistent with the geographical and temporal specificity of the reference unit process.","version":"00.00.000","referenceProcess":{"@type":"Process","@id":"8495cc9e-6cbf-3961-8ad7-76482690928c","name":"spring wheat, excluding durum; at harvest; at farm; wet basis"},"referenceExchange":{"@type":"Exchange","internalId":1,"name":"spring wheat, excluding durum; at harvest; at farm; wet basis"},"targetFlowProperty":{"@type":"FlowProperty","@id":"93a60a56-a3c8-11da-a746-0800200b9a66","name":"Mass"},"targetUnit":{"@type":"Unit","@id":"20aadc24-a391-41cf-b340-3e4529f44bde","name":"kg"},"targetAmount":1.0,"processes":[{"@type":"Process","@id":"1f027df9-4ee0-50bf-2fb3-ed8f12a6e838","name":"work; irrigation sets for growing spr wheat, 2014 fleet, all fuels; 300-600HP"},{"@type":"Process","@id":"3f8c6c8a-3404-2003-6e1c-da098ad78af4","name":"work; irrigation sets for growing spr wheat, 2014 fleet, all fuels; 175-300HP"},{"@type":"Process","@id":"70b8fa00-1d26-dfc1-7ab9-aa4cacf19914","name":"work; pumps for growing spr wheat, 2014 fleet, all fuels; 100-175HP"},{"@type":"Process","@id":"7168e7da-3ab9-3263-88e4-868b6581d767","name":"apply pesticide; directed spray, spring wheat; at farm"},{"@type":"Process","@id":"b5ba45c0-c587-3075-bb49-07946979c81e","name":"operation of Directed sprayer; for growing spring wheat; at farm; 170HP tractor, R8-8"},{"@type":"Process","@id":"478ec883-7bdd-18e8-393c-efc2e322735f","name":"work; ag. tractors for growing spr wheat, 2014 fleet, all fuels; 100-175HP"},{"@type":"Process","@id":"777549cf-567a-3236-9d65-081250b8e47a","name":"apply fertilizer; without incorporation, self-propelled broadcast sprayer, spring wheat; at farm"},{"@type":"Process","@id":"6e4c87b4-2e66-396f-853c-360441228f36","name":"operation of Broadcast sprayer; for growing spring wheat; at farm; 125HP, 60 ft wide"},{"@type":"Process","@id":"e3a919b8-440e-5a86-b793-09dc6f21e145","name":"work; sprayers for growing spr wheat, 2014 fleet, all fuels; 100-175HP"},{"@type":"Process","@id":"832bbd7c-366e-369d-bb78-a168a3b3b8e0","name":"operation of Broadcast sprayer; for growing spring wheat; at farm; 250HP, 90 ft wide"},{"@type":"Process","@id":"0a0d2a51-aa7d-8140-9bed-52b5fb08287c","name":"work; sprayers for growing spr wheat, 2014 fleet, all fuels; 175-300HP"},{"@type":"Process","@id":"30d72613-ecd8-36f8-8035-2b54b6bd4fa1","name":"apply fertilizer; without incorporation, drawn broadcast sprayer, spring wheat; at farm"},{"@type":"Process","@id":"fecb5530-cd19-3495-96c1-4c8830caf851","name":"operation of Broadcast sprayer; for growing spring wheat; at farm; 170HP tractor, 55 ft wide"},{"@type":"Process","@id":"d25ba844-e26b-3a0d-92ab-dbaa5e59daf0","name":"operation of Broadcast sprayer; for growing spring wheat; at farm; 60HP tractor, 37 ft wide"},{"@type":"Process","@id":"56154086-0978-aee4-0f4c-b3328150a815","name":"work; ag. tractors for growing spr wheat, 2014 fleet, all fuels; 50-100HP"},{"@type":"Process","@id":"7bbe78e6-0416-3bb5-bc28-d9cf58389788","name":"operation of Broadcast sprayer; for growing spring wheat; at farm; 150HP tractor, 51 ft wide"},{"@type":"Process","@id":"505e7451-6a62-3b16-bff3-1650e6f936f9","name":"apply fertilizer; no broadcast, spot sprayer, spring wheat; at farm"},{"@type":"Process","@id":"621d1458-4d6c-38a9-aa62-6ff8e75e06e0","name":"operation of Spot sprayer; for growing spring wheat; at farm; 170HP tractor, 40 ft wide"},{"@type":"Process","@id":"08e80f8f-5578-3666-89f3-522116192abc","name":"harvest; wheat header with cart, spring wheat; at farm"},{"@type":"Process","@id":"57a8c055-3cac-3dea-9596-bc35e0d6a895","name":"operation of Wheat-sorghum grain cart; for harvesting spring wheat; at farm; 190HP tractor, 1000 bu"},{"@type":"Process","@id":"f6a805f4-484d-5b43-5f91-d64f84fdd9cf","name":"work; ag. tractors for spr wheat harvest, 2014 fleet, all fuels; 175-300HP"},{"@type":"Process","@id":"aa1b49f0-74f8-336a-8a39-c0fc1e249ac2","name":"operation of Header-Wheat-sorghum; for harvesting spring wheat; at farm; 325HP tractor, 25 ft wide"},{"@type":"Process","@id":"c6c6af57-8cde-df3f-8a1d-6f3026e85ef0","name":"work; ag. tractors for spr wheat harvest, 2014 fleet, all fuels; 300-600HP"},{"@type":"Process","@id":"881b7397-595c-3a80-9e6e-6d334a655ba2","name":"operation of Wheat-sorghum grain cart; for harvesting spring wheat; at farm; 190HP tractor, 700 bu"},{"@type":"Process","@id":"7cb7c832-eff0-3c16-8b87-1305629f8bf7","name":"operation of Wheat-sorghum grain cart; for harvesting spring wheat; at farm; 190HP tractor, 500 bu"},{"@type":"Process","@id":"c84b4e2a-9126-3130-854a-9f67fb089678","name":"operation of Header-Wheat-sorghum; for harvesting spring wheat; at farm; 265HP tractor, 22 ft wide"},{"@type":"Process","@id":"326f5eaf-9bb8-36c0-94f9-9ce236568c56","name":"apply pesticide; foliar, spring wheat; at farm"},{"@type":"Process","@id":"4ca4eaf3-cba9-3c97-bc82-78a1e3709c49","name":"apply fertilizer; with incorporation, drawn broadcast sprayer, spring wheat; at farm"},{"@type":"Process","@id":"da9afe8e-da1d-36ef-9740-01fa4f4fd0cb","name":"operation of Chisel plow (Chisel, st. pt.); for growing spring wheat; at farm; 155HP tractor, 20 ft wide"},{"@type":"Process","@id":"f84827d1-57f9-3f6f-b964-8c7bd29e4ebe","name":"operation of Chisel plow (Chisel, st. pt.); for growing spring wheat; at farm; 310HP tractor, 36 ft wide"},{"@type":"Process","@id":"0d9d2ec1-712f-a14b-f269-d25c13295002","name":"work; ag. tractors for growing spr wheat, 2014 fleet, all fuels; 300-600HP"},{"@type":"Process","@id":"22ea4034-b64b-38b8-ba87-7467760380bf","name":"operation of Chisel plow (Chisel, st. pt.); for growing spring wheat; at farm; 225HP tractor, 28 ft wide"},{"@type":"Process","@id":"74ac5a33-8f45-85c0-5f43-05ba83d222ac","name":"work; ag. tractors for growing spr wheat, 2014 fleet, all fuels; 175-300HP"},{"@type":"Process","@id":"16a4e96d-03b7-3dba-923d-f7ae88c0ecee","name":"apply fertilizer; with incorporation, self-propelled broadcast sprayer, spring wheat; at farm"},{"@type":"Process","@id":"39c8d2e1-2976-3537-ac41-2c564bd477f5","name":"apply fertilizer; without incorporation, fertilizer spreader, spring wheat; at farm"},{"@type":"Process","@id":"fbfde7d0-de7a-32e6-a1c4-8419a11f2fa4","name":"operation of Dry spreader; for growing spring wheat; at farm; 190HP tractor, 31 ft wide"},{"@type":"Process","@id":"352f2050-e5a9-393d-a14e-b86e1b214e18","name":"operation of Dry spreader; for growing spring wheat; at farm; 280HP tractor, 44 ft wide"},{"@type":"Process","@id":"62fead23-9964-3f09-82f8-bfaade28f473","name":"operation of Dry spreader; for growing spring wheat; at farm; 240HP tractor, 38 ft wide"},{"@type":"Process","@id":"23115103-3c9c-3b54-82d1-1878cff8061f","name":"apply pesticide; broadcast without incorporation, drawn sprayer, spring wheat; at farm"},{"@type":"Process","@id":"0f5ebfa2-31e0-310d-a6a2-5bda5bff5ca7","name":"apply pesticide; broadcast by air, spring wheat; at farm"},{"@type":"Process","@id":"3683f850-095c-3f5d-9e20-59dfb0f10ba8","name":"apply pesticide; broadcast with incorporation, self-propelled sprayer, spring wheat; at farm"},{"@type":"Process","@id":"5354f37b-32f9-3f80-a5e3-1efdcfc3a068","name":"apply fertilizer; with incorporation, fertilizer spreader, spring wheat; at farm"},{"@type":"Process","@id":"856b5d2c-9de8-3bdf-8f2e-8e0af0eb3d8b","name":"apply pesticide; broadcast without incorporation, self-propelled sprayer, spring wheat; at farm"},{"@type":"Process","@id":"87a09b8a-0820-3d5b-9fbf-0de9b38ec5d4","name":"harvest; drawn forage harvester, spring wheat residue; at farm"},{"@type":"Process","@id":"8a62e1f1-7321-3861-a699-c16cd327f6e5","name":"operation of Forage harvester; for harvesting spring wheat; at farm; 100HP tractor, 6 ft wide"},{"@type":"Process","@id":"46f68770-23c2-2a79-4316-7ee8da3a8ac7","name":"work; ag. tractors for spr wheat harvest, 2014 fleet, all fuels; 50-100HP"},{"@type":"Process","@id":"8db56463-abe9-370e-a313-2bd79bad6622","name":"apply fertilizer; no broadcast, band sprayer, spring wheat; at farm"},{"@type":"Process","@id":"c63131fe-a05a-3ede-ba83-1a4020a159f1","name":"operation of Band sprayer; for growing spring wheat; at farm; 170HP tractor, 50 ft wide"},{"@type":"Process","@id":"3f57be50-c616-33ab-a8db-256419772884","name":"operation of Tandem disk (Disk, tandem heavy primary op.); for growing spring wheat; at farm; 210HP tractor, 26 ft wide"},{"@type":"Process","@id":"9f39c379-e8c5-3425-8ebc-15432c1db5fa","name":"operation of Tandem disk (Disk, tandem secondary op.); for growing spring wheat; at farm; 175HP tractor, 26 ft wide"},{"@type":"Process","@id":"904cb862-e37e-302a-9294-bc77a0c7eb96","name":"operation of Tandem disk (Disk, tandem secondary op.); for growing spring wheat; at farm; 120HP tractor, 15 ft wide"},{"@type":"Process","@id":"73fdbb8f-e39e-3443-bf5c-937472ddcca3","name":"operation of Tandem disk (Disk, tandem secondary op.); for growing spring wheat; at farm; 75HP tractor, 11 ft wide"},{"@type":"Process","@id":"41e0c559-4c1f-30f2-b291-f4251eab14ca","name":"operation of Tandem disk (Disk, tandem heavy primary op.); for growing spring wheat; at farm; 90HP tractor, 11 ft wide"},{"@type":"Process","@id":"3751c692-968c-38be-8dae-437f0017e4ed","name":"operation of Tandem disk (Disk, tandem heavy primary op.); for growing spring wheat; at farm; 145HP tractor, 15 ft wide"},{"@type":"Process","@id":"a36e5b31-9a34-3606-b50a-2f83edb4de21","name":"apply liming materials; spreader and tandem disks, spring wheat; at farm"},{"@type":"Process","@id":"ad70ac57-cccb-8989-dc88-0fd3e2af8b06","name":"work; irrigation sets for growing spr wheat, 2014 fleet, all fuels; 100-175HP"},{"@type":"Process","@id":"b74d07c1-185c-3742-bdfa-93da628aa903","name":"apply fertilizer; no broadcast, directed sprayer, spring wheat; at farm"},{"@type":"Process","@id":"bd489a6b-1c17-3bc5-82fe-2566174093cf","name":"apply pesticide; broadcast with incorporation, drawn sprayer, spring wheat; at farm"},{"@type":"Process","@id":"ca6e5615-2b59-3c1e-97ea-42019e4eb622","name":"apply liming materials; spreader and chisel plow, spring wheat; at farm"},{"@type":"Process","@id":"3a88b769-f555-33b4-81d7-6b5a6de4a2ed","name":"operation of Header-Draper; for harvesting spring wheat; at farm; 325HP tractor, 30 ft wide"},{"@type":"Process","@id":"cbbfcdc2-ab42-37c9-a385-abe93e0ce122","name":"harvest; draper header with cart, spring wheat; at farm"},{"@type":"Process","@id":"276d3d2b-2921-d05e-60c4-f35f2592b11f","name":"work; other ag. equip. for spr wheat harvest, 2014 fleet, all fuels; 300-600HP"},{"@type":"Process","@id":"a77293d0-ac2a-3381-a25d-c31764cd1001","name":"operation of Harvester w/ pickup head (Forage harvester); for harvesting spring wheat; at farm; 315HP, 12 ft wide"},{"@type":"Process","@id":"f9f21680-2f65-37f3-9dd0-78fcebefc9e9","name":"harvest; self-propelled forage harvester, spring wheat residue; at farm"},{"@type":"Process","@id":"e27e2ebc-da0b-34b0-81c7-7deed39cdd1d","name":"operation of Combine w/ grain head; for harvesting spring wheat; at farm; 275HP, 20 ft wide"},{"@type":"Process","@id":"51f2085a-bfa7-e463-7c06-e4c9d43e6754","name":"work; combines for spr wheat harvest, 2014 fleet, all fuels; 175-300HP"},{"@type":"Process","@id":"78dce8b5-9b93-316b-82b1-6bf1d24d463a","name":"operation of Combine w/ grain head; for harvesting spring wheat; at farm; 220HP, 20 ft wide"},{"@type":"Process","@id":"fcdc13c0-836a-34d4-ab31-b0beef5087d7","name":"harvest; combine with cart, spring wheat; at farm"},{"@type":"Process","@id":"8495cc9e-6cbf-3961-8ad7-76482690928c","name":"spring wheat, excluding durum; at harvest; at farm; wet basis"}],"processLinks":[{"@type":"ProcessLink","provider":{"@type":"Process","@id":"74ac5a33-8f45-85c0-5f43-05ba83d222ac","name":"work; ag. tractors for growing spr wheat, 2014 fleet, all fuels; 175-300HP"},"flow":{"@type":"Flow","@id":"bcc76435-1801-3305-a818-8c7029eb798c","name":"work; ag. tractors for growing spr wheat, 2014 fleet, all fuels; 175-300HP"},"process":{"@type":"Process","@id":"22ea4034-b64b-38b8-ba87-7467760380bf","name":"operation of Chisel plow (Chisel, st. pt.); for growing spring wheat; at farm; 225HP tractor, 28 ft wide"},"exchange":{"@type":"Exchange","internalId":4,"name":"work; ag. tractors for growing spr wheat, 2014 fleet, all fuels; 175-300HP"}},{"@type":"ProcessLink","provider":{"@type":"Process","@id":"74ac5a33-8f45-85c0-5f43-05ba83d222ac","name":"work; ag. tractors for growing spr wheat, 2014 fleet, all fuels; 175-300HP"},"flow":{"@type":"Flow","@id":"bcc76435-1801-3305-a818-8c7029eb798c","name":"work; ag. tractors for growing spr wheat, 2014 fleet, all fuels; 175-300HP"},"process":{"@type":"Process","@id":"3f57be50-c616-33ab-a8db-256419772884","name":"operation of Tandem disk (Disk, tandem heavy primary op.); for growing spring wheat; at farm; 210HP tractor, 26 ft wide"},"exchange":{"@type":"Exchange","internalId":5,"name":"work; ag. tractors for growing spr wheat, 2014 fleet, all fuels; 175-300HP"}},{"@type":"ProcessLink","provider":{"@type":"Process","@id":"74ac5a33-8f45-85c0-5f43-05ba83d222ac","name":"work; ag. tractors for growing spr wheat, 2014 fleet, all fuels; 175-300HP"},"flow":{"@type":"Flow","@id":"bcc76435-1801-3305-a818-8c7029eb798c","name":"work; ag. tractors for growing spr wheat, 2014 fleet, all fuels; 175-300HP"},"process":{"@type":"Process","@id":"62fead23-9964-3f09-82f8-bfaade28f473","name":"operation of Dry spreader; for growing spring wheat; at farm; 240HP tractor, 38 ft wide"},"exchange":{"@type":"Exchange","internalId":4,"name":"work; ag. tractors for growing spr wheat, 2014 fleet, all fuels; 175-300HP"}},{"@type":"ProcessLink","provider":{"@type":"Process","@id":"74ac5a33-8f45-85c0-5f43-05ba83d222ac","name":"work; ag. tractors for growing spr wheat, 2014 fleet, all fuels; 175-300HP"},"flow":{"@type":"Flow","@id":"bcc76435-1801-3305-a818-8c7029eb798c","name":"work; ag. tractors for growing spr wheat, 2014 fleet, all fuels; 175-300HP"},"process":{"@type":"Process","@id":"fbfde7d0-de7a-32e6-a1c4-8419a11f2fa4","name":"operation of Dry spreader; for growing spring wheat; at farm; 190HP tractor, 31 ft wide"},"exchange":{"@type":"Exchange","internalId":3,"name":"work; ag. tractors for growing spr wheat, 2014 fleet, all fuels; 175-300HP"}},{"@type":"ProcessLink","provider":{"@type":"Process","@id":"74ac5a33-8f45-85c0-5f43-05ba83d222ac","name":"work; ag. tractors for growing spr wheat, 2014 fleet, all fuels; 175-300HP"},"flow":{"@type":"Flow","@id":"bcc76435-1801-3305-a818-8c7029eb798c","name":"work; ag. tractors for growing spr wheat, 2014 fleet, all fuels; 175-300HP"},"process":{"@type":"Process","@id":"352f2050-e5a9-393d-a14e-b86e1b214e18","name":"operation of Dry spreader; for growing spring wheat; at farm; 280HP tractor, 44 ft wide"},"exchange":{"@type":"Exchange","internalId":6,"name":"work; ag. tractors for growing spr wheat, 2014 fleet, all fuels; 175-300HP"}},{"@type":"ProcessLink","provider":{"@type":"Process","@id":"73fdbb8f-e39e-3443-bf5c-937472ddcca3","name":"operation of Tandem disk (Disk, tandem secondary op.); for growing spring wheat; at farm; 75HP tractor, 11 ft wide"},"flow":{"@type":"Flow","@id":"1254433b-81f5-381f-94d3-74e8c32cc2b6","name":"operation of Tandem disk (Disk, tandem secondary op.); for growing spring wheat; at farm; 75HP tractor, 11 ft wide"},"process":{"@type":"Process","@id":"a36e5b31-9a34-3606-b50a-2f83edb4de21","name":"apply liming materials; spreader and tandem disks, spring wheat; at farm"},"exchange":{"@type":"Exchange","internalId":8,"name":"operation of Tandem disk (Disk, tandem secondary op.); for growing spring wheat; at farm; 75HP tractor, 11 ft wide"}},{"@type":"ProcessLink","provider":{"@type":"Process","@id":"57a8c055-3cac-3dea-9596-bc35e0d6a895","name":"operation of Wheat-sorghum grain cart; for harvesting spring wheat; at farm; 190HP tractor, 1000 bu"},"flow":{"@type":"Flow","@id":"492178f8-d224-3bf9-b2a1-549be9bc6c6e","name":"operation of Wheat-sorghum grain cart; for harvesting spring wheat; at farm; 190HP tractor, 1000 bu"},"process":{"@type":"Process","@id":"fcdc13c0-836a-34d4-ab31-b0beef5087d7","name":"harvest; combine with cart, spring wheat; at farm"},"exchange":{"@type":"Exchange","internalId":5,"name":"operation of Wheat-sorghum grain cart; for harvesting spring wheat; at farm; 190HP tractor, 1000 bu"}},{"@type":"ProcessLink","provider":{"@type":"Process","@id":"57a8c055-3cac-3dea-9596-bc35e0d6a895","name":"operation of Wheat-sorghum grain cart; for harvesting spring wheat; at farm; 190HP tractor, 1000 bu"},"flow":{"@type":"Flow","@id":"492178f8-d224-3bf9-b2a1-549be9bc6c6e","name":"operation of Wheat-sorghum grain cart; for harvesting spring wheat; at farm; 190HP tractor, 1000 bu"},"process":{"@type":"Process","@id":"08e80f8f-5578-3666-89f3-522116192abc","name":"harvest; wheat header with cart, spring wheat; at farm"},"exchange":{"@type":"Exchange","internalId":2,"name":"operation of Wheat-sorghum grain cart; for harvesting spring wheat; at farm; 190HP tractor, 1000 bu"}},{"@type":"ProcessLink","provider":{"@type":"Process","@id":"57a8c055-3cac-3dea-9596-bc35e0d6a895","name":"operation of Wheat-sorghum grain cart; for harvesting spring wheat; at farm; 190HP tractor, 1000 bu"},"flow":{"@type":"Flow","@id":"492178f8-d224-3bf9-b2a1-549be9bc6c6e","name":"operation of Wheat-sorghum grain cart; for harvesting spring wheat; at farm; 190HP tractor, 1000 bu"},"process":{"@type":"Process","@id":"cbbfcdc2-ab42-37c9-a385-abe93e0ce122","name":"harvest; draper header with cart, spring wheat; at farm"},"exchange":{"@type":"Exchange","internalId":6,"name":"operation of Wheat-sorghum grain cart; for harvesting spring wheat; at farm; 190HP tractor, 1000 bu"}},{"@type":"ProcessLink","provider":{"@type":"Process","@id":"326f5eaf-9bb8-36c0-94f9-9ce236568c56","name":"apply pesticide; foliar, spring wheat; at farm"},"flow":{"@type":"Flow","@id":"51af0546-4d43-3ab8-abfa-3c32cd03d12d","name":"apply pesticide; foliar, spring wheat; at farm"},"process":{"@type":"Process","@id":"8495cc9e-6cbf-3961-8ad7-76482690928c","name":"spring wheat, excluding durum; at harvest; at farm; wet basis"},"exchange":{"@type":"Exchange","internalId":122,"name":"apply pesticide; foliar, spring wheat; at farm"}},{"@type":"ProcessLink","provider":{"@type":"Process","@id":"aa1b49f0-74f8-336a-8a39-c0fc1e249ac2","name":"operation of Header-Wheat-sorghum; for harvesting spring wheat; at farm; 325HP tractor, 25 ft wide"},"flow":{"@type":"Flow","@id":"91650b56-d065-3163-9ccb-941fe080db34","name":"operation of Header-Wheat-sorghum; for harvesting spring wheat; at farm; 325HP tractor, 25 ft wide"},"process":{"@type":"Process","@id":"08e80f8f-5578-3666-89f3-522116192abc","name":"harvest; wheat header with cart, spring wheat; at farm"},"exchange":{"@type":"Exchange","internalId":3,"name":"operation of Header-Wheat-sorghum; for harvesting spring wheat; at farm; 325HP tractor, 25 ft wide"}},{"@type":"ProcessLink","provider":{"@type":"Process","@id":"8a62e1f1-7321-3861-a699-c16cd327f6e5","name":"operation of Forage harvester; for harvesting spring wheat; at farm; 100HP tractor, 6 ft wide"},"flow":{"@type":"Flow","@id":"2a6c09ef-3add-3a28-954a-dbaca02f99a3","name":"operation of Forage harvester; for harvesting spring wheat; at farm; 100HP tractor, 6 ft wide"},"process":{"@type":"Process","@id":"87a09b8a-0820-3d5b-9fbf-0de9b38ec5d4","name":"harvest; drawn forage harvester, spring wheat residue; at farm"},"exchange":{"@type":"Exchange","internalId":3,"name":"operation of Forage harvester; for harvesting spring wheat; at farm; 100HP tractor, 6 ft wide"}},{"@type":"ProcessLink","provider":{"@type":"Process","@id":"478ec883-7bdd-18e8-393c-efc2e322735f","name":"work; ag. tractors for growing spr wheat, 2014 fleet, all fuels; 100-175HP"},"flow":{"@type":"Flow","@id":"a457008e-f0d7-3a04-82fd-6d2dfe567f3f","name":"work; ag. tractors for growing spr wheat, 2014 fleet, all fuels; 100-175HP"},"process":{"@type":"Process","@id":"904cb862-e37e-302a-9294-bc77a0c7eb96","name":"operation of Tandem disk (Disk, tandem secondary op.); for growing spring wheat; at farm; 120HP tractor, 15 ft wide"},"exchange":{"@type":"Exchange","internalId":5,"name":"work; ag. tractors for growing spr wheat, 2014 fleet, all fuels; 100-175HP"}},{"@type":"ProcessLink","provider":{"@type":"Process","@id":"478ec883-7bdd-18e8-393c-efc2e322735f","name":"work; ag. tractors for growing spr wheat, 2014 fleet, all fuels; 100-175HP"},"flow":{"@type":"Flow","@id":"a457008e-f0d7-3a04-82fd-6d2dfe567f3f","name":"work; ag. tractors for growing spr wheat, 2014 fleet, all fuels; 100-175HP"},"process":{"@type":"Process","@id":"b5ba45c0-c587-3075-bb49-07946979c81e","name":"operation of Directed sprayer; for growing spring wheat; at farm; 170HP tractor, R8-8"},"exchange":{"@type":"Exchange","internalId":6,"name":"work; ag. tractors for growing spr wheat, 2014 fleet, all fuels; 100-175HP"}},{"@type":"ProcessLink","provider":{"@type":"Process","@id":"478ec883-7bdd-18e8-393c-efc2e322735f","name":"work; ag. tractors for growing spr wheat, 2014 fleet, all fuels; 100-175HP"},"flow":{"@type":"Flow","@id":"a457008e-f0d7-3a04-82fd-6d2dfe567f3f","name":"work; ag. tractors for growing spr wheat, 2014 fleet, all fuels; 100-175HP"},"process":{"@type":"Process","@id":"621d1458-4d6c-38a9-aa62-6ff8e75e06e0","name":"operation of Spot sprayer; for growing spring wheat; at farm; 170HP tractor, 40 ft wide"},"exchange":{"@type":"Exchange","internalId":2,"name":"work; ag. tractors for growing spr wheat, 2014 fleet, all fuels; 100-175HP"}},{"@type":"ProcessLink","provider":{"@type":"Process","@id":"478ec883-7bdd-18e8-393c-efc2e322735f","name":"work; ag. tractors for growing spr wheat, 2014 fleet, all fuels; 100-175HP"},"flow":{"@type":"Flow","@id":"a457008e-f0d7-3a04-82fd-6d2dfe567f3f","name":"work; ag. tractors for growing spr wheat, 2014 fleet, all fuels; 100-175HP"},"process":{"@type":"Process","@id":"c63131fe-a05a-3ede-ba83-1a4020a159f1","name":"operation of Band sprayer; for growing spring wheat; at farm; 170HP tractor, 50 ft wide"},"exchange":{"@type":"Exchange","internalId":5,"name":"work; ag. tractors for growing spr wheat, 2014 fleet, all fuels; 100-175HP"}},{"@type":"ProcessLink","provider":{"@type":"Process","@id":"478ec883-7bdd-18e8-393c-efc2e322735f","name":"work; ag. tractors for growing spr wheat, 2014 fleet, all fuels; 100-175HP"},"flow":{"@type":"Flow","@id":"a457008e-f0d7-3a04-82fd-6d2dfe567f3f","name":"work; ag. tractors for growing spr wheat, 2014 fleet, all fuels; 100-175HP"},"process":{"@type":"Process","@id":"9f39c379-e8c5-3425-8ebc-15432c1db5fa","name":"operation of Tandem disk (Disk, tandem secondary op.); for growing spring wheat; at farm; 175HP tractor, 26 ft wide"},"exchange":{"@type":"Exchange","internalId":2,"name":"work; ag. tractors for growing spr wheat, 2014 fleet, all fuels; 100-175HP"}},{"@type":"ProcessLink","provider":{"@type":"Process","@id":"478ec883-7bdd-18e8-393c-efc2e322735f","name":"work; ag. tractors for growing spr wheat, 2014 fleet, all fuels; 100-175HP"},"flow":{"@type":"Flow","@id":"a457008e-f0d7-3a04-82fd-6d2dfe567f3f","name":"work; ag. tractors for growing spr wheat, 2014 fleet, all fuels; 100-175HP"},"process":{"@type":"Process","@id":"7bbe78e6-0416-3bb5-bc28-d9cf58389788","name":"operation of Broadcast sprayer; for growing spring wheat; at farm; 150HP tractor, 51 ft wide"},"exchange":{"@type":"Exchange","internalId":5,"name":"work; ag. tractors for growing spr wheat, 2014 fleet, all fuels; 100-175HP"}},{"@type":"ProcessLink","provider":{"@type":"Process","@id":"478ec883-7bdd-18e8-393c-efc2e322735f","name":"work; ag. tractors for growing spr wheat, 2014 fleet, all fuels; 100-175HP"},"flow":{"@type":"Flow","@id":"a457008e-f0d7-3a04-82fd-6d2dfe567f3f","name":"work; ag. tractors for growing spr wheat, 2014 fleet, all fuels; 100-175HP"},"process":{"@type":"Process","@id":"fecb5530-cd19-3495-96c1-4c8830caf851","name":"operation of Broadcast sprayer; for growing spring wheat; at farm; 170HP tractor, 55 ft wide"},"exchange":{"@type":"Exchange","internalId":5,"name":"work; ag. tractors for growing spr wheat, 2014 fleet, all fuels; 100-175HP"}},{"@type":"ProcessLink","provider":{"@type":"Process","@id":"478ec883-7bdd-18e8-393c-efc2e322735f","name":"work; ag. tractors for growing spr wheat, 2014 fleet, all fuels; 100-175HP"},"flow":{"@type":"Flow","@id":"a457008e-f0d7-3a04-82fd-6d2dfe567f3f","name":"work; ag. tractors for growing spr wheat, 2014 fleet, all fuels; 100-175HP"},"process":{"@type":"Process","@id":"3751c692-968c-38be-8dae-437f0017e4ed","name":"operation of Tandem disk (Disk, tandem heavy primary op.); for growing spring wheat; at farm; 145HP tractor, 15 ft wide"},"exchange":{"@type":"Exchange","internalId":4,"name":"work; ag. tractors for growing spr wheat, 2014 fleet, all fuels; 100-175HP"}},{"@type":"ProcessLink","provider":{"@type":"Process","@id":"478ec883-7bdd-18e8-393c-efc2e322735f","name":"work; ag. tractors for growing spr wheat, 2014 fleet, all fuels; 100-175HP"},"flow":{"@type":"Flow","@id":"a457008e-f0d7-3a04-82fd-6d2dfe567f3f","name":"work; ag. tractors for growing spr wheat, 2014 fleet, all fuels; 100-175HP"},"process":{"@type":"Process","@id":"da9afe8e-da1d-36ef-9740-01fa4f4fd0cb","name":"operation of Chisel plow (Chisel, st. pt.); for growing spring wheat; at farm; 155HP tractor, 20 ft wide"},"exchange":{"@type":"Exchange","internalId":6,"name":"work; ag. tractors for growing spr wheat, 2014 fleet, all fuels; 100-175HP"}},{"@type":"ProcessLink","provider":{"@type":"Process","@id":"ca6e5615-2b59-3c1e-97ea-42019e4eb622","name":"apply liming materials; spreader and chisel plow, spring wheat; at farm"},"flow":{"@type":"Flow","@id":"a6135af3-63c9-321b-84f2-242fe54b3e74","name":"apply liming materials; spreader and chisel plow, spring wheat; at farm"},"process":{"@type":"Process","@id":"8495cc9e-6cbf-3961-8ad7-76482690928c","name":"spring wheat, excluding durum; at harvest; at farm; wet basis"},"exchange":{"@type":"Exchange","internalId":673,"name":"apply liming materials; spreader and chisel plow, spring wheat; at farm"}},{"@type":"ProcessLink","provider":{"@type":"Process","@id":"8db56463-abe9-370e-a313-2bd79bad6622","name":"apply fertilizer; no broadcast, band sprayer, spring wheat; at farm"},"flow":{"@type":"Flow","@id":"f6744a74-24fb-35fb-af98-5974e1a5b4ae","name":"apply fertilizer; no broadcast, band sprayer, spring wheat; at farm"},"process":{"@type":"Process","@id":"8495cc9e-6cbf-3961-8ad7-76482690928c","name":"spring wheat, excluding durum; at harvest; at farm; wet basis"},"exchange":{"@type":"Exchange","internalId":217,"name":"apply fertilizer; no broadcast, band sprayer, spring wheat; at farm"}},{"@type":"ProcessLink","provider":{"@type":"Process","@id":"08e80f8f-5578-3666-89f3-522116192abc","name":"harvest; wheat header with cart, spring wheat; at farm"},"flow":{"@type":"Flow","@id":"5015c51c-357b-3da3-b0f2-67fe9611848a","name":"harvest; wheat header with cart, spring wheat; at farm"},"process":{"@type":"Process","@id":"8495cc9e-6cbf-3961-8ad7-76482690928c","name":"spring wheat, excluding durum; at harvest; at farm; wet basis"},"exchange":{"@type":"Exchange","internalId":781,"name":"harvest; wheat header with cart, spring wheat; at farm"}},{"@type":"ProcessLink","provider":{"@type":"Process","@id":"41e0c559-4c1f-30f2-b291-f4251eab14ca","name":"operation of Tandem disk (Disk, tandem heavy primary op.); for growing spring wheat; at farm; 90HP tractor, 11 ft wide"},"flow":{"@type":"Flow","@id":"e62a7787-a7d9-305e-ab3d-cbbedbcf0eb5","name":"operation of Tandem disk (Disk, tandem heavy primary op.); for growing spring wheat; at farm; 90HP tractor, 11 ft wide"},"process":{"@type":"Process","@id":"a36e5b31-9a34-3606-b50a-2f83edb4de21","name":"apply liming materials; spreader and tandem disks, spring wheat; at farm"},"exchange":{"@type":"Exchange","internalId":5,"name":"operation of Tandem disk (Disk, tandem heavy primary op.); for growing spring wheat; at farm; 90HP tractor, 11 ft wide"}},{"@type":"ProcessLink","provider":{"@type":"Process","@id":"fecb5530-cd19-3495-96c1-4c8830caf851","name":"operation of Broadcast sprayer; for growing spring wheat; at farm; 170HP tractor, 55 ft wide"},"flow":{"@type":"Flow","@id":"bc479d8e-17b9-3183-8b6b-ab0db90fc427","name":"operation of Broadcast sprayer; for growing spring wheat; at farm; 170HP tractor, 55 ft wide"},"process":{"@type":"Process","@id":"23115103-3c9c-3b54-82d1-1878cff8061f","name":"apply pesticide; broadcast without incorporation, drawn sprayer, spring wheat; at farm"},"exchange":{"@type":"Exchange","internalId":2,"name":"operation of Broadcast sprayer; for growing spring wheat; at farm; 170HP tractor, 55 ft wide"}},{"@type":"ProcessLink","provider":{"@type":"Process","@id":"fecb5530-cd19-3495-96c1-4c8830caf851","name":"operation of Broadcast sprayer; for growing spring wheat; at farm; 170HP tractor, 55 ft wide"},"flow":{"@type":"Flow","@id":"bc479d8e-17b9-3183-8b6b-ab0db90fc427","name":"operation of Broadcast sprayer; for growing spring wheat; at farm; 170HP tractor, 55 ft wide"},"process":{"@type":"Process","@id":"30d72613-ecd8-36f8-8035-2b54b6bd4fa1","name":"apply fertilizer; without incorporation, drawn broadcast sprayer, spring wheat; at farm"},"exchange":{"@type":"Exchange","internalId":2,"name":"operation of Broadcast sprayer; for growing spring wheat; at farm; 170HP tractor, 55 ft wide"}},{"@type":"ProcessLink","provider":{"@type":"Process","@id":"fecb5530-cd19-3495-96c1-4c8830caf851","name":"operation of Broadcast sprayer; for growing spring wheat; at farm; 170HP tractor, 55 ft wide"},"flow":{"@type":"Flow","@id":"bc479d8e-17b9-3183-8b6b-ab0db90fc427","name":"operation of Broadcast sprayer; for growing spring wheat; at farm; 170HP tractor, 55 ft wide"},"process":{"@type":"Process","@id":"bd489a6b-1c17-3bc5-82fe-2566174093cf","name":"apply pesticide; broadcast with incorporation, drawn sprayer, spring wheat; at farm"},"exchange":{"@type":"Exchange","internalId":4,"name":"operation of Broadcast sprayer; for growing spring wheat; at farm; 170HP tractor, 55 ft wide"}},{"@type":"ProcessLink","provider":{"@type":"Process","@id":"fecb5530-cd19-3495-96c1-4c8830caf851","name":"operation of Broadcast sprayer; for growing spring wheat; at farm; 170HP tractor, 55 ft wide"},"flow":{"@type":"Flow","@id":"bc479d8e-17b9-3183-8b6b-ab0db90fc427","name":"operation of Broadcast sprayer; for growing spring wheat; at farm; 170HP tractor, 55 ft wide"},"process":{"@type":"Process","@id":"4ca4eaf3-cba9-3c97-bc82-78a1e3709c49","name":"apply fertilizer; with incorporation, drawn broadcast sprayer, spring wheat; at farm"},"exchange":{"@type":"Exchange","internalId":5,"name":"operation of Broadcast sprayer; for growing spring wheat; at farm; 170HP tractor, 55 ft wide"}},{"@type":"ProcessLink","provider":{"@type":"Process","@id":"881b7397-595c-3a80-9e6e-6d334a655ba2","name":"operation of Wheat-sorghum grain cart; for harvesting spring wheat; at farm; 190HP tractor, 700 bu"},"flow":{"@type":"Flow","@id":"a7892568-f21e-3c49-bb22-021c6d0c1560","name":"operation of Wheat-sorghum grain cart; for harvesting spring wheat; at farm; 190HP tractor, 700 bu"},"process":{"@type":"Process","@id":"fcdc13c0-836a-34d4-ab31-b0beef5087d7","name":"harvest; combine with cart, spring wheat; at farm"},"exchange":{"@type":"Exchange","internalId":6,"name":"operation of Wheat-sorghum grain cart; for harvesting spring wheat; at farm; 190HP tractor, 700 bu"}},{"@type":"ProcessLink","provider":{"@type":"Process","@id":"881b7397-595c-3a80-9e6e-6d334a655ba2","name":"operation of Wheat-sorghum grain cart; for harvesting spring wheat; at farm; 190HP tractor, 700 bu"},"flow":{"@type":"Flow","@id":"a7892568-f21e-3c49-bb22-021c6d0c1560","name":"operation of Wheat-sorghum grain cart; for harvesting spring wheat; at farm; 190HP tractor, 700 bu"},"process":{"@type":"Process","@id":"08e80f8f-5578-3666-89f3-522116192abc","name":"harvest; wheat header with cart, spring wheat; at farm"},"exchange":{"@type":"Exchange","internalId":4,"name":"operation of Wheat-sorghum grain cart; for harvesting spring wheat; at farm; 190HP tractor, 700 bu"}},{"@type":"ProcessLink","provider":{"@type":"Process","@id":"881b7397-595c-3a80-9e6e-6d334a655ba2","name":"operation of Wheat-sorghum grain cart; for harvesting spring wheat; at farm; 190HP tractor, 700 bu"},"flow":{"@type":"Flow","@id":"a7892568-f21e-3c49-bb22-021c6d0c1560","name":"operation of Wheat-sorghum grain cart; for harvesting spring wheat; at farm; 190HP tractor, 700 bu"},"process":{"@type":"Process","@id":"cbbfcdc2-ab42-37c9-a385-abe93e0ce122","name":"harvest; draper header with cart, spring wheat; at farm"},"exchange":{"@type":"Exchange","internalId":3,"name":"operation of Wheat-sorghum grain cart; for harvesting spring wheat; at farm; 190HP tractor, 700 bu"}},{"@type":"ProcessLink","provider":{"@type":"Process","@id":"5354f37b-32f9-3f80-a5e3-1efdcfc3a068","name":"apply fertilizer; with incorporation, fertilizer spreader, spring wheat; at farm"},"flow":{"@type":"Flow","@id":"c8766a29-6f62-3083-b82d-fdcac9c7bc20","name":"apply fertilizer; with incorporation, fertilizer spreader, spring wheat; at farm"},"process":{"@type":"Process","@id":"8495cc9e-6cbf-3961-8ad7-76482690928c","name":"spring wheat, excluding durum; at harvest; at farm; wet basis"},"exchange":{"@type":"Exchange","internalId":662,"name":"apply fertilizer; with incorporation, fertilizer spreader, spring wheat; at farm"}},{"@type":"ProcessLink","provider":{"@type":"Process","@id":"a77293d0-ac2a-3381-a25d-c31764cd1001","name":"operation of Harvester w/ pickup head (Forage harvester); for harvesting spring wheat; at farm; 315HP, 12 ft wide"},"flow":{"@type":"Flow","@id":"413a02de-c0fa-3e65-b361-8807405b40ed","name":"operation of Harvester w/ pickup head (Forage harvester); for harvesting spring wheat; at farm; 315HP, 12 ft wide"},"process":{"@type":"Process","@id":"f9f21680-2f65-37f3-9dd0-78fcebefc9e9","name":"harvest; self-propelled forage harvester, spring wheat residue; at farm"},"exchange":{"@type":"Exchange","internalId":4,"name":"operation of Harvester w/ pickup head (Forage harvester); for harvesting spring wheat; at farm; 315HP, 12 ft wide"}},{"@type":"ProcessLink","provider":{"@type":"Process","@id":"4ca4eaf3-cba9-3c97-bc82-78a1e3709c49","name":"apply fertilizer; with incorporation, drawn broadcast sprayer, spring wheat; at farm"},"flow":{"@type":"Flow","@id":"f5099d60-3426-337b-85c8-b4bdd267e75b","name":"apply fertilizer; with incorporation, drawn broadcast sprayer, spring wheat; at farm"},"process":{"@type":"Process","@id":"8495cc9e-6cbf-3961-8ad7-76482690928c","name":"spring wheat, excluding durum; at harvest; at farm; wet basis"},"exchange":{"@type":"Exchange","internalId":963,"name":"apply fertilizer; with incorporation, drawn broadcast sprayer, spring wheat; at farm"}},{"@type":"ProcessLink","provider":{"@type":"Process","@id":"56154086-0978-aee4-0f4c-b3328150a815","name":"work; ag. tractors for growing spr wheat, 2014 fleet, all fuels; 50-100HP"},"flow":{"@type":"Flow","@id":"0d88e688-ffc9-3b7a-a46a-2c21dc664ac5","name":"work; ag. tractors for growing spr wheat, 2014 fleet, all fuels; 50-100HP"},"process":{"@type":"Process","@id":"41e0c559-4c1f-30f2-b291-f4251eab14ca","name":"operation of Tandem disk (Disk, tandem heavy primary op.); for growing spring wheat; at farm; 90HP tractor, 11 ft wide"},"exchange":{"@type":"Exchange","internalId":3,"name":"work; ag. tractors for growing spr wheat, 2014 fleet, all fuels; 50-100HP"}},{"@type":"ProcessLink","provider":{"@type":"Process","@id":"56154086-0978-aee4-0f4c-b3328150a815","name":"work; ag. tractors for growing spr wheat, 2014 fleet, all fuels; 50-100HP"},"flow":{"@type":"Flow","@id":"0d88e688-ffc9-3b7a-a46a-2c21dc664ac5","name":"work; ag. tractors for growing spr wheat, 2014 fleet, all fuels; 50-100HP"},"process":{"@type":"Process","@id":"73fdbb8f-e39e-3443-bf5c-937472ddcca3","name":"operation of Tandem disk (Disk, tandem secondary op.); for growing spring wheat; at farm; 75HP tractor, 11 ft wide"},"exchange":{"@type":"Exchange","internalId":4,"name":"work; ag. tractors for growing spr wheat, 2014 fleet, all fuels; 50-100HP"}},{"@type":"ProcessLink","provider":{"@type":"Process","@id":"56154086-0978-aee4-0f4c-b3328150a815","name":"work; ag. tractors for growing spr wheat, 2014 fleet, all fuels; 50-100HP"},"flow":{"@type":"Flow","@id":"0d88e688-ffc9-3b7a-a46a-2c21dc664ac5","name":"work; ag. tractors for growing spr wheat, 2014 fleet, all fuels; 50-100HP"},"process":{"@type":"Process","@id":"d25ba844-e26b-3a0d-92ab-dbaa5e59daf0","name":"operation of Broadcast sprayer; for growing spring wheat; at farm; 60HP tractor, 37 ft wide"},"exchange":{"@type":"Exchange","internalId":6,"name":"work; ag. tractors for growing spr wheat, 2014 fleet, all fuels; 50-100HP"}},{"@type":"ProcessLink","provider":{"@type":"Process","@id":"3683f850-095c-3f5d-9e20-59dfb0f10ba8","name":"apply pesticide; broadcast with incorporation, self-propelled sprayer, spring wheat; at farm"},"flow":{"@type":"Flow","@id":"601af665-9083-34cb-a81a-d457ac5fa057","name":"apply pesticide; broadcast with incorporation, self-propelled sprayer, spring wheat; at farm"},"process":{"@type":"Process","@id":"8495cc9e-6cbf-3961-8ad7-76482690928c","name":"spring wheat, excluding durum; at harvest; at farm; wet basis"},"exchange":{"@type":"Exchange","internalId":604,"name":"apply pesticide; broadcast with incorporation, self-propelled sprayer, spring wheat; at farm"}},{"@type":"ProcessLink","provider":{"@type":"Process","@id":"352f2050-e5a9-393d-a14e-b86e1b214e18","name":"operation of Dry spreader; for growing spring wheat; at farm; 280HP tractor, 44 ft wide"},"flow":{"@type":"Flow","@id":"413687a6-3c45-3afc-9ea2-1de395359c63","name":"operation of Dry spreader; for growing spring wheat; at farm; 280HP tractor, 44 ft wide"},"process":{"@type":"Process","@id":"39c8d2e1-2976-3537-ac41-2c564bd477f5","name":"apply fertilizer; without incorporation, fertilizer spreader, spring wheat; at farm"},"exchange":{"@type":"Exchange","internalId":3,"name":"operation of Dry spreader; for growing spring wheat; at farm; 280HP tractor, 44 ft wide"}},{"@type":"ProcessLink","provider":{"@type":"Process","@id":"352f2050-e5a9-393d-a14e-b86e1b214e18","name":"operation of Dry spreader; for growing spring wheat; at farm; 280HP tractor, 44 ft wide"},"flow":{"@type":"Flow","@id":"413687a6-3c45-3afc-9ea2-1de395359c63","name":"operation of Dry spreader; for growing spring wheat; at farm; 280HP tractor, 44 ft wide"},"process":{"@type":"Process","@id":"5354f37b-32f9-3f80-a5e3-1efdcfc3a068","name":"apply fertilizer; with incorporation, fertilizer spreader, spring wheat; at farm"},"exchange":{"@type":"Exchange","internalId":3,"name":"operation of Dry spreader; for growing spring wheat; at farm; 280HP tractor, 44 ft wide"}},{"@type":"ProcessLink","provider":{"@type":"Process","@id":"352f2050-e5a9-393d-a14e-b86e1b214e18","name":"operation of Dry spreader; for growing spring wheat; at farm; 280HP tractor, 44 ft wide"},"flow":{"@type":"Flow","@id":"413687a6-3c45-3afc-9ea2-1de395359c63","name":"operation of Dry spreader; for growing spring wheat; at farm; 280HP tractor, 44 ft wide"},"process":{"@type":"Process","@id":"a36e5b31-9a34-3606-b50a-2f83edb4de21","name":"apply liming materials; spreader and tandem disks, spring wheat; at farm"},"exchange":{"@type":"Exchange","internalId":2,"name":"operation of Dry spreader; for growing spring wheat; at farm; 280HP tractor, 44 ft wide"}},{"@type":"ProcessLink","provider":{"@type":"Process","@id":"352f2050-e5a9-393d-a14e-b86e1b214e18","name":"operation of Dry spreader; for growing spring wheat; at farm; 280HP tractor, 44 ft wide"},"flow":{"@type":"Flow","@id":"413687a6-3c45-3afc-9ea2-1de395359c63","name":"operation of Dry spreader; for growing spring wheat; at farm; 280HP tractor, 44 ft wide"},"process":{"@type":"Process","@id":"ca6e5615-2b59-3c1e-97ea-42019e4eb622","name":"apply liming materials; spreader and chisel plow, spring wheat; at farm"},"exchange":{"@type":"Exchange","internalId":7,"name":"operation of Dry spreader; for growing spring wheat; at farm; 280HP tractor, 44 ft wide"}},{"@type":"ProcessLink","provider":{"@type":"Process","@id":"0f5ebfa2-31e0-310d-a6a2-5bda5bff5ca7","name":"apply pesticide; broadcast by air, spring wheat; at farm"},"flow":{"@type":"Flow","@id":"705a81e8-c0c0-35d3-a618-5158a40fcb97","name":"apply pesticide; broadcast by air, spring wheat; at farm"},"process":{"@type":"Process","@id":"8495cc9e-6cbf-3961-8ad7-76482690928c","name":"spring wheat, excluding durum; at harvest; at farm; wet basis"},"exchange":{"@type":"Exchange","internalId":529,"name":"apply pesticide; broadcast by air, spring wheat; at farm"}},{"@type":"ProcessLink","provider":{"@type":"Process","@id":"e27e2ebc-da0b-34b0-81c7-7deed39cdd1d","name":"operation of Combine w/ grain head; for harvesting spring wheat; at farm; 275HP, 20 ft wide"},"flow":{"@type":"Flow","@id":"718f2f71-31bd-32cf-8a74-57a3e39cbfa9","name":"operation of Combine w/ grain head; for harvesting spring wheat; at farm; 275HP, 20 ft wide"},"process":{"@type":"Process","@id":"fcdc13c0-836a-34d4-ab31-b0beef5087d7","name":"harvest; combine with cart, spring wheat; at farm"},"exchange":{"@type":"Exchange","internalId":7,"name":"operation of Combine w/ grain head; for harvesting spring wheat; at farm; 275HP, 20 ft wide"}},{"@type":"ProcessLink","provider":{"@type":"Process","@id":"b5ba45c0-c587-3075-bb49-07946979c81e","name":"operation of Directed sprayer; for growing spring wheat; at farm; 170HP tractor, R8-8"},"flow":{"@type":"Flow","@id":"555889c8-e3a5-39bf-b1c2-a65758159b32","name":"operation of Directed sprayer; for growing spring wheat; at farm; 170HP tractor, R8-8"},"process":{"@type":"Process","@id":"7168e7da-3ab9-3263-88e4-868b6581d767","name":"apply pesticide; directed spray, spring wheat; at farm"},"exchange":{"@type":"Exchange","internalId":3,"name":"operation of Directed sprayer; for growing spring wheat; at farm; 170HP tractor, R8-8"}},{"@type":"ProcessLink","provider":{"@type":"Process","@id":"b5ba45c0-c587-3075-bb49-07946979c81e","name":"operation of Directed sprayer; for growing spring wheat; at farm; 170HP tractor, R8-8"},"flow":{"@type":"Flow","@id":"555889c8-e3a5-39bf-b1c2-a65758159b32","name":"operation of Directed sprayer; for growing spring wheat; at farm; 170HP tractor, R8-8"},"process":{"@type":"Process","@id":"b74d07c1-185c-3742-bdfa-93da628aa903","name":"apply fertilizer; no broadcast, directed sprayer, spring wheat; at farm"},"exchange":{"@type":"Exchange","internalId":2,"name":"operation of Directed sprayer; for growing spring wheat; at farm; 170HP tractor, R8-8"}},{"@type":"ProcessLink","provider":{"@type":"Process","@id":"cbbfcdc2-ab42-37c9-a385-abe93e0ce122","name":"harvest; draper header with cart, spring wheat; at farm"},"flow":{"@type":"Flow","@id":"419e563c-ca97-3bdd-a4f4-e2c6b8af96b9","name":"harvest; draper header with cart, spring wheat; at farm"},"process":{"@type":"Process","@id":"8495cc9e-6cbf-3961-8ad7-76482690928c","name":"spring wheat, excluding durum; at harvest; at farm; wet basis"},"exchange":{"@type":"Exchange","internalId":930,"name":"harvest; draper header with cart, spring wheat; at farm"}},{"@type":"ProcessLink","provider":{"@type":"Process","@id":"832bbd7c-366e-369d-bb78-a168a3b3b8e0","name":"operation of Broadcast sprayer; for growing spring wheat; at farm; 250HP, 90 ft wide"},"flow":{"@type":"Flow","@id":"90bb8b40-55b6-39ce-87ec-ec58487e10b6","name":"operation of Broadcast sprayer; for growing spring wheat; at farm; 250HP, 90 ft wide"},"process":{"@type":"Process","@id":"777549cf-567a-3236-9d65-081250b8e47a","name":"apply fertilizer; without incorporation, self-propelled broadcast sprayer, spring wheat; at farm"},"exchange":{"@type":"Exchange","internalId":3,"name":"operation of Broadcast sprayer; for growing spring wheat; at farm; 250HP, 90 ft wide"}},{"@type":"ProcessLink","provider":{"@type":"Process","@id":"832bbd7c-366e-369d-bb78-a168a3b3b8e0","name":"operation of Broadcast sprayer; for growing spring wheat; at farm; 250HP, 90 ft wide"},"flow":{"@type":"Flow","@id":"90bb8b40-55b6-39ce-87ec-ec58487e10b6","name":"operation of Broadcast sprayer; for growing spring wheat; at farm; 250HP, 90 ft wide"},"process":{"@type":"Process","@id":"16a4e96d-03b7-3dba-923d-f7ae88c0ecee","name":"apply fertilizer; with incorporation, self-propelled broadcast sprayer, spring wheat; at farm"},"exchange":{"@type":"Exchange","internalId":5,"name":"operation of Broadcast sprayer; for growing spring wheat; at farm; 250HP, 90 ft wide"}},{"@type":"ProcessLink","provider":{"@type":"Process","@id":"832bbd7c-366e-369d-bb78-a168a3b3b8e0","name":"operation of Broadcast sprayer; for growing spring wheat; at farm; 250HP, 90 ft wide"},"flow":{"@type":"Flow","@id":"90bb8b40-55b6-39ce-87ec-ec58487e10b6","name":"operation of Broadcast sprayer; for growing spring wheat; at farm; 250HP, 90 ft wide"},"process":{"@type":"Process","@id":"3683f850-095c-3f5d-9e20-59dfb0f10ba8","name":"apply pesticide; broadcast with incorporation, self-propelled sprayer, spring wheat; at farm"},"exchange":{"@type":"Exchange","internalId":2,"name":"operation of Broadcast sprayer; for growing spring wheat; at farm; 250HP, 90 ft wide"}},{"@type":"ProcessLink","provider":{"@type":"Process","@id":"832bbd7c-366e-369d-bb78-a168a3b3b8e0","name":"operation of Broadcast sprayer; for growing spring wheat; at farm; 250HP, 90 ft wide"},"flow":{"@type":"Flow","@id":"90bb8b40-55b6-39ce-87ec-ec58487e10b6","name":"operation of Broadcast sprayer; for growing spring wheat; at farm; 250HP, 90 ft wide"},"process":{"@type":"Process","@id":"856b5d2c-9de8-3bdf-8f2e-8e0af0eb3d8b","name":"apply pesticide; broadcast without incorporation, self-propelled sprayer, spring wheat; at farm"},"exchange":{"@type":"Exchange","internalId":4,"name":"operation of Broadcast sprayer; for growing spring wheat; at farm; 250HP, 90 ft wide"}},{"@type":"ProcessLink","provider":{"@type":"Process","@id":"904cb862-e37e-302a-9294-bc77a0c7eb96","name":"operation of Tandem disk (Disk, tandem secondary op.); for growing spring wheat; at farm; 120HP tractor, 15 ft wide"},"flow":{"@type":"Flow","@id":"7777ee54-2b06-395c-ab8f-5dffe65eca27","name":"operation of Tandem disk (Disk, tandem secondary op.); for growing spring wheat; at farm; 120HP tractor, 15 ft wide"},"process":{"@type":"Process","@id":"a36e5b31-9a34-3606-b50a-2f83edb4de21","name":"apply liming materials; spreader and tandem disks, spring wheat; at farm"},"exchange":{"@type":"Exchange","internalId":3,"name":"operation of Tandem disk (Disk, tandem secondary op.); for growing spring wheat; at farm; 120HP tractor, 15 ft wide"}},{"@type":"ProcessLink","provider":{"@type":"Process","@id":"39c8d2e1-2976-3537-ac41-2c564bd477f5","name":"apply fertilizer; without incorporation, fertilizer spreader, spring wheat; at farm"},"flow":{"@type":"Flow","@id":"17747d4f-f349-3875-80a1-a90fc12e616f","name":"apply fertilizer; without incorporation, fertilizer spreader, spring wheat; at farm"},"process":{"@type":"Process","@id":"8495cc9e-6cbf-3961-8ad7-76482690928c","name":"spring wheat, excluding durum; at harvest; at farm; wet basis"},"exchange":{"@type":"Exchange","internalId":56,"name":"apply fertilizer; without incorporation, fertilizer spreader, spring wheat; at farm"}},{"@type":"ProcessLink","provider":{"@type":"Process","@id":"0d9d2ec1-712f-a14b-f269-d25c13295002","name":"work; ag. tractors for growing spr wheat, 2014 fleet, all fuels; 300-600HP"},"flow":{"@type":"Flow","@id":"bb453319-66bf-319c-89ec-39358ad2859d","name":"work; ag. tractors for growing spr wheat, 2014 fleet, all fuels; 300-600HP"},"process":{"@type":"Process","@id":"f84827d1-57f9-3f6f-b964-8c7bd29e4ebe","name":"operation of Chisel plow (Chisel, st. pt.); for growing spring wheat; at farm; 310HP tractor, 36 ft wide"},"exchange":{"@type":"Exchange","internalId":3,"name":"work; ag. tractors for growing spr wheat, 2014 fleet, all fuels; 300-600HP"}},{"@type":"ProcessLink","provider":{"@type":"Process","@id":"9f39c379-e8c5-3425-8ebc-15432c1db5fa","name":"operation of Tandem disk (Disk, tandem secondary op.); for growing spring wheat; at farm; 175HP tractor, 26 ft wide"},"flow":{"@type":"Flow","@id":"c84bac8c-472f-3aac-a510-c000f56a09a6","name":"operation of Tandem disk (Disk, tandem secondary op.); for growing spring wheat; at farm; 175HP tractor, 26 ft wide"},"process":{"@type":"Process","@id":"a36e5b31-9a34-3606-b50a-2f83edb4de21","name":"apply liming materials; spreader and tandem disks, spring wheat; at farm"},"exchange":{"@type":"Exchange","internalId":9,"name":"operation of Tandem disk (Disk, tandem secondary op.); for growing spring wheat; at farm; 175HP tractor, 26 ft wide"}},{"@type":"ProcessLink","provider":{"@type":"Process","@id":"856b5d2c-9de8-3bdf-8f2e-8e0af0eb3d8b","name":"apply pesticide; broadcast without incorporation, self-propelled sprayer, spring wheat; at farm"},"flow":{"@type":"Flow","@id":"de0b9f75-c208-3664-acf6-f168d4848817","name":"apply pesticide; broadcast without incorporation, self-propelled sprayer, spring wheat; at farm"},"process":{"@type":"Process","@id":"8495cc9e-6cbf-3961-8ad7-76482690928c","name":"spring wheat, excluding durum; at harvest; at farm; wet basis"},"exchange":{"@type":"Exchange","internalId":95,"name":"apply pesticide; broadcast without incorporation, self-propelled sprayer, spring wheat; at farm"}},{"@type":"ProcessLink","provider":{"@type":"Process","@id":"3a88b769-f555-33b4-81d7-6b5a6de4a2ed","name":"operation of Header-Draper; for harvesting spring wheat; at farm; 325HP tractor, 30 ft wide"},"flow":{"@type":"Flow","@id":"df8e66c4-8fe1-3c87-b9c7-3bef66dcb5d4","name":"operation of Header-Draper; for harvesting spring wheat; at farm; 325HP tractor, 30 ft wide"},"process":{"@type":"Process","@id":"cbbfcdc2-ab42-37c9-a385-abe93e0ce122","name":"harvest; draper header with cart, spring wheat; at farm"},"exchange":{"@type":"Exchange","internalId":5,"name":"operation of Header-Draper; for harvesting spring wheat; at farm; 325HP tractor, 30 ft wide"}},{"@type":"ProcessLink","provider":{"@type":"Process","@id":"3751c692-968c-38be-8dae-437f0017e4ed","name":"operation of Tandem disk (Disk, tandem heavy primary op.); for growing spring wheat; at farm; 145HP tractor, 15 ft wide"},"flow":{"@type":"Flow","@id":"0998b433-fa64-3d38-aead-d45e2ee1e315","name":"operation of Tandem disk (Disk, tandem heavy primary op.); for growing spring wheat; at farm; 145HP tractor, 15 ft wide"},"process":{"@type":"Process","@id":"a36e5b31-9a34-3606-b50a-2f83edb4de21","name":"apply liming materials; spreader and tandem disks, spring wheat; at farm"},"exchange":{"@type":"Exchange","internalId":10,"name":"operation of Tandem disk (Disk, tandem heavy primary op.); for growing spring wheat; at farm; 145HP tractor, 15 ft wide"}},{"@type":"ProcessLink","provider":{"@type":"Process","@id":"6e4c87b4-2e66-396f-853c-360441228f36","name":"operation of Broadcast sprayer; for growing spring wheat; at farm; 125HP, 60 ft wide"},"flow":{"@type":"Flow","@id":"b5835efe-5c3a-3c17-bdd8-f3ec2010bd51","name":"operation of Broadcast sprayer; for growing spring wheat; at farm; 125HP, 60 ft wide"},"process":{"@type":"Process","@id":"3683f850-095c-3f5d-9e20-59dfb0f10ba8","name":"apply pesticide; broadcast with incorporation, self-propelled sprayer, spring wheat; at farm"},"exchange":{"@type":"Exchange","internalId":3,"name":"operation of Broadcast sprayer; for growing spring wheat; at farm; 125HP, 60 ft wide"}},{"@type":"ProcessLink","provider":{"@type":"Process","@id":"6e4c87b4-2e66-396f-853c-360441228f36","name":"operation of Broadcast sprayer; for growing spring wheat; at farm; 125HP, 60 ft wide"},"flow":{"@type":"Flow","@id":"b5835efe-5c3a-3c17-bdd8-f3ec2010bd51","name":"operation of Broadcast sprayer; for growing spring wheat; at farm; 125HP, 60 ft wide"},"process":{"@type":"Process","@id":"16a4e96d-03b7-3dba-923d-f7ae88c0ecee","name":"apply fertilizer; with incorporation, self-propelled broadcast sprayer, spring wheat; at farm"},"exchange":{"@type":"Exchange","internalId":3,"name":"operation of Broadcast sprayer; for growing spring wheat; at farm; 125HP, 60 ft wide"}},{"@type":"ProcessLink","provider":{"@type":"Process","@id":"6e4c87b4-2e66-396f-853c-360441228f36","name":"operation of Broadcast sprayer; for growing spring wheat; at farm; 125HP, 60 ft wide"},"flow":{"@type":"Flow","@id":"b5835efe-5c3a-3c17-bdd8-f3ec2010bd51","name":"operation of Broadcast sprayer; for growing spring wheat; at farm; 125HP, 60 ft wide"},"process":{"@type":"Process","@id":"777549cf-567a-3236-9d65-081250b8e47a","name":"apply fertilizer; without incorporation, self-propelled broadcast sprayer, spring wheat; at farm"},"exchange":{"@type":"Exchange","internalId":2,"name":"operation of Broadcast sprayer; for growing spring wheat; at farm; 125HP, 60 ft wide"}},{"@type":"ProcessLink","provider":{"@type":"Process","@id":"6e4c87b4-2e66-396f-853c-360441228f36","name":"operation of Broadcast sprayer; for growing spring wheat; at farm; 125HP, 60 ft wide"},"flow":{"@type":"Flow","@id":"b5835efe-5c3a-3c17-bdd8-f3ec2010bd51","name":"operation of Broadcast sprayer; for growing spring wheat; at farm; 125HP, 60 ft wide"},"process":{"@type":"Process","@id":"856b5d2c-9de8-3bdf-8f2e-8e0af0eb3d8b","name":"apply pesticide; broadcast without incorporation, self-propelled sprayer, spring wheat; at farm"},"exchange":{"@type":"Exchange","internalId":2,"name":"operation of Broadcast sprayer; for growing spring wheat; at farm; 125HP, 60 ft wide"}},{"@type":"ProcessLink","provider":{"@type":"Process","@id":"da9afe8e-da1d-36ef-9740-01fa4f4fd0cb","name":"operation of Chisel plow (Chisel, st. pt.); for growing spring wheat; at farm; 155HP tractor, 20 ft wide"},"flow":{"@type":"Flow","@id":"bf5d5054-b7a0-3b64-96ad-b2296203f92f","name":"operation of Chisel plow (Chisel, st. pt.); for growing spring wheat; at farm; 155HP tractor, 20 ft wide"},"process":{"@type":"Process","@id":"3683f850-095c-3f5d-9e20-59dfb0f10ba8","name":"apply pesticide; broadcast with incorporation, self-propelled sprayer, spring wheat; at farm"},"exchange":{"@type":"Exchange","internalId":4,"name":"operation of Chisel plow (Chisel, st. pt.); for growing spring wheat; at farm; 155HP tractor, 20 ft wide"}},{"@type":"ProcessLink","provider":{"@type":"Process","@id":"da9afe8e-da1d-36ef-9740-01fa4f4fd0cb","name":"operation of Chisel plow (Chisel, st. pt.); for growing spring wheat; at farm; 155HP tractor, 20 ft wide"},"flow":{"@type":"Flow","@id":"bf5d5054-b7a0-3b64-96ad-b2296203f92f","name":"operation of Chisel plow (Chisel, st. pt.); for growing spring wheat; at farm; 155HP tractor, 20 ft wide"},"process":{"@type":"Process","@id":"16a4e96d-03b7-3dba-923d-f7ae88c0ecee","name":"apply fertilizer; with incorporation, self-propelled broadcast sprayer, spring wheat; at farm"},"exchange":{"@type":"Exchange","internalId":2,"name":"operation of Chisel plow (Chisel, st. pt.); for growing spring wheat; at farm; 155HP tractor, 20 ft wide"}},{"@type":"ProcessLink","provider":{"@type":"Process","@id":"da9afe8e-da1d-36ef-9740-01fa4f4fd0cb","name":"operation of Chisel plow (Chisel, st. pt.); for growing spring wheat; at farm; 155HP tractor, 20 ft wide"},"flow":{"@type":"Flow","@id":"bf5d5054-b7a0-3b64-96ad-b2296203f92f","name":"operation of Chisel plow (Chisel, st. pt.); for growing spring wheat; at farm; 155HP tractor, 20 ft wide"},"process":{"@type":"Process","@id":"5354f37b-32f9-3f80-a5e3-1efdcfc3a068","name":"apply fertilizer; with incorporation, fertilizer spreader, spring wheat; at farm"},"exchange":{"@type":"Exchange","internalId":7,"name":"operation of Chisel plow (Chisel, st. pt.); for growing spring wheat; at farm; 155HP tractor, 20 ft wide"}},{"@type":"ProcessLink","provider":{"@type":"Process","@id":"da9afe8e-da1d-36ef-9740-01fa4f4fd0cb","name":"operation of Chisel plow (Chisel, st. pt.); for growing spring wheat; at farm; 155HP tractor, 20 ft wide"},"flow":{"@type":"Flow","@id":"bf5d5054-b7a0-3b64-96ad-b2296203f92f","name":"operation of Chisel plow (Chisel, st. pt.); for growing spring wheat; at farm; 155HP tractor, 20 ft wide"},"process":{"@type":"Process","@id":"ca6e5615-2b59-3c1e-97ea-42019e4eb622","name":"apply liming materials; spreader and chisel plow, spring wheat; at farm"},"exchange":{"@type":"Exchange","internalId":4,"name":"operation of Chisel plow (Chisel, st. pt.); for growing spring wheat; at farm; 155HP tractor, 20 ft wide"}},{"@type":"ProcessLink","provider":{"@type":"Process","@id":"da9afe8e-da1d-36ef-9740-01fa4f4fd0cb","name":"operation of Chisel plow (Chisel, st. pt.); for growing spring wheat; at farm; 155HP tractor, 20 ft wide"},"flow":{"@type":"Flow","@id":"bf5d5054-b7a0-3b64-96ad-b2296203f92f","name":"operation of Chisel plow (Chisel, st. pt.); for growing spring wheat; at farm; 155HP tractor, 20 ft wide"},"process":{"@type":"Process","@id":"bd489a6b-1c17-3bc5-82fe-2566174093cf","name":"apply pesticide; broadcast with incorporation, drawn sprayer, spring wheat; at farm"},"exchange":{"@type":"Exchange","internalId":3,"name":"operation of Chisel plow (Chisel, st. pt.); for growing spring wheat; at farm; 155HP tractor, 20 ft wide"}},{"@type":"ProcessLink","provider":{"@type":"Process","@id":"da9afe8e-da1d-36ef-9740-01fa4f4fd0cb","name":"operation of Chisel plow (Chisel, st. pt.); for growing spring wheat; at farm; 155HP tractor, 20 ft wide"},"flow":{"@type":"Flow","@id":"bf5d5054-b7a0-3b64-96ad-b2296203f92f","name":"operation of Chisel plow (Chisel, st. pt.); for growing spring wheat; at farm; 155HP tractor, 20 ft wide"},"process":{"@type":"Process","@id":"4ca4eaf3-cba9-3c97-bc82-78a1e3709c49","name":"apply fertilizer; with incorporation, drawn broadcast sprayer, spring wheat; at farm"},"exchange":{"@type":"Exchange","internalId":3,"name":"operation of Chisel plow (Chisel, st. pt.); for growing spring wheat; at farm; 155HP tractor, 20 ft wide"}},{"@type":"ProcessLink","provider":{"@type":"Process","@id":"3f57be50-c616-33ab-a8db-256419772884","name":"operation of Tandem disk (Disk, tandem heavy primary op.); for growing spring wheat; at farm; 210HP tractor, 26 ft wide"},"flow":{"@type":"Flow","@id":"f0773742-dd35-331c-b3a1-2b8e3204bded","name":"operation of Tandem disk (Disk, tandem heavy primary op.); for growing spring wheat; at farm; 210HP tractor, 26 ft wide"},"process":{"@type":"Process","@id":"a36e5b31-9a34-3606-b50a-2f83edb4de21","name":"apply liming materials; spreader and tandem disks, spring wheat; at farm"},"exchange":{"@type":"Exchange","internalId":7,"name":"operation of Tandem disk (Disk, tandem heavy primary op.); for growing spring wheat; at farm; 210HP tractor, 26 ft wide"}},{"@type":"ProcessLink","provider":{"@type":"Process","@id":"621d1458-4d6c-38a9-aa62-6ff8e75e06e0","name":"operation of Spot sprayer; for growing spring wheat; at farm; 170HP tractor, 40 ft wide"},"flow":{"@type":"Flow","@id":"56bd14e1-a56a-340d-83fc-32c85273d376","name":"operation of Spot sprayer; for growing spring wheat; at farm; 170HP tractor, 40 ft wide"},"process":{"@type":"Process","@id":"505e7451-6a62-3b16-bff3-1650e6f936f9","name":"apply fertilizer; no broadcast, spot sprayer, spring wheat; at farm"},"exchange":{"@type":"Exchange","internalId":2,"name":"operation of Spot sprayer; for growing spring wheat; at farm; 170HP tractor, 40 ft wide"}},{"@type":"ProcessLink","provider":{"@type":"Process","@id":"621d1458-4d6c-38a9-aa62-6ff8e75e06e0","name":"operation of Spot sprayer; for growing spring wheat; at farm; 170HP tractor, 40 ft wide"},"flow":{"@type":"Flow","@id":"56bd14e1-a56a-340d-83fc-32c85273d376","name":"operation of Spot sprayer; for growing spring wheat; at farm; 170HP tractor, 40 ft wide"},"process":{"@type":"Process","@id":"326f5eaf-9bb8-36c0-94f9-9ce236568c56","name":"apply pesticide; foliar, spring wheat; at farm"},"exchange":{"@type":"Exchange","internalId":3,"name":"operation of Spot sprayer; for growing spring wheat; at farm; 170HP tractor, 40 ft wide"}},{"@type":"ProcessLink","provider":{"@type":"Process","@id":"c84b4e2a-9126-3130-854a-9f67fb089678","name":"operation of Header-Wheat-sorghum; for harvesting spring wheat; at farm; 265HP tractor, 22 ft wide"},"flow":{"@type":"Flow","@id":"72872bea-5490-3ff9-bc7e-0f68235bf1b7","name":"operation of Header-Wheat-sorghum; for harvesting spring wheat; at farm; 265HP tractor, 22 ft wide"},"process":{"@type":"Process","@id":"08e80f8f-5578-3666-89f3-522116192abc","name":"harvest; wheat header with cart, spring wheat; at farm"},"exchange":{"@type":"Exchange","internalId":7,"name":"operation of Header-Wheat-sorghum; for harvesting spring wheat; at farm; 265HP tractor, 22 ft wide"}},{"@type":"ProcessLink","provider":{"@type":"Process","@id":"7bbe78e6-0416-3bb5-bc28-d9cf58389788","name":"operation of Broadcast sprayer; for growing spring wheat; at farm; 150HP tractor, 51 ft wide"},"flow":{"@type":"Flow","@id":"0e03adae-540c-34aa-ab70-3aeac46073dd","name":"operation of Broadcast sprayer; for growing spring wheat; at farm; 150HP tractor, 51 ft wide"},"process":{"@type":"Process","@id":"23115103-3c9c-3b54-82d1-1878cff8061f","name":"apply pesticide; broadcast without incorporation, drawn sprayer, spring wheat; at farm"},"exchange":{"@type":"Exchange","internalId":3,"name":"operation of Broadcast sprayer; for growing spring wheat; at farm; 150HP tractor, 51 ft wide"}},{"@type":"ProcessLink","provider":{"@type":"Process","@id":"7bbe78e6-0416-3bb5-bc28-d9cf58389788","name":"operation of Broadcast sprayer; for growing spring wheat; at farm; 150HP tractor, 51 ft wide"},"flow":{"@type":"Flow","@id":"0e03adae-540c-34aa-ab70-3aeac46073dd","name":"operation of Broadcast sprayer; for growing spring wheat; at farm; 150HP tractor, 51 ft wide"},"process":{"@type":"Process","@id":"30d72613-ecd8-36f8-8035-2b54b6bd4fa1","name":"apply fertilizer; without incorporation, drawn broadcast sprayer, spring wheat; at farm"},"exchange":{"@type":"Exchange","internalId":4,"name":"operation of Broadcast sprayer; for growing spring wheat; at farm; 150HP tractor, 51 ft wide"}},{"@type":"ProcessLink","provider":{"@type":"Process","@id":"7bbe78e6-0416-3bb5-bc28-d9cf58389788","name":"operation of Broadcast sprayer; for growing spring wheat; at farm; 150HP tractor, 51 ft wide"},"flow":{"@type":"Flow","@id":"0e03adae-540c-34aa-ab70-3aeac46073dd","name":"operation of Broadcast sprayer; for growing spring wheat; at farm; 150HP tractor, 51 ft wide"},"process":{"@type":"Process","@id":"bd489a6b-1c17-3bc5-82fe-2566174093cf","name":"apply pesticide; broadcast with incorporation, drawn sprayer, spring wheat; at farm"},"exchange":{"@type":"Exchange","internalId":6,"name":"operation of Broadcast sprayer; for growing spring wheat; at farm; 150HP tractor, 51 ft wide"}},{"@type":"ProcessLink","provider":{"@type":"Process","@id":"7bbe78e6-0416-3bb5-bc28-d9cf58389788","name":"operation of Broadcast sprayer; for growing spring wheat; at farm; 150HP tractor, 51 ft wide"},"flow":{"@type":"Flow","@id":"0e03adae-540c-34aa-ab70-3aeac46073dd","name":"operation of Broadcast sprayer; for growing spring wheat; at farm; 150HP tractor, 51 ft wide"},"process":{"@type":"Process","@id":"4ca4eaf3-cba9-3c97-bc82-78a1e3709c49","name":"apply fertilizer; with incorporation, drawn broadcast sprayer, spring wheat; at farm"},"exchange":{"@type":"Exchange","internalId":6,"name":"operation of Broadcast sprayer; for growing spring wheat; at farm; 150HP tractor, 51 ft wide"}},{"@type":"ProcessLink","provider":{"@type":"Process","@id":"d25ba844-e26b-3a0d-92ab-dbaa5e59daf0","name":"operation of Broadcast sprayer; for growing spring wheat; at farm; 60HP tractor, 37 ft wide"},"flow":{"@type":"Flow","@id":"371290c1-320b-3878-9afa-d5aabb20f946","name":"operation of Broadcast sprayer; for growing spring wheat; at farm; 60HP tractor, 37 ft wide"},"process":{"@type":"Process","@id":"23115103-3c9c-3b54-82d1-1878cff8061f","name":"apply pesticide; broadcast without incorporation, drawn sprayer, spring wheat; at farm"},"exchange":{"@type":"Exchange","internalId":4,"name":"operation of Broadcast sprayer; for growing spring wheat; at farm; 60HP tractor, 37 ft wide"}},{"@type":"ProcessLink","provider":{"@type":"Process","@id":"d25ba844-e26b-3a0d-92ab-dbaa5e59daf0","name":"operation of Broadcast sprayer; for growing spring wheat; at farm; 60HP tractor, 37 ft wide"},"flow":{"@type":"Flow","@id":"371290c1-320b-3878-9afa-d5aabb20f946","name":"operation of Broadcast sprayer; for growing spring wheat; at farm; 60HP tractor, 37 ft wide"},"process":{"@type":"Process","@id":"30d72613-ecd8-36f8-8035-2b54b6bd4fa1","name":"apply fertilizer; without incorporation, drawn broadcast sprayer, spring wheat; at farm"},"exchange":{"@type":"Exchange","internalId":3,"name":"operation of Broadcast sprayer; for growing spring wheat; at farm; 60HP tractor, 37 ft wide"}},{"@type":"ProcessLink","provider":{"@type":"Process","@id":"d25ba844-e26b-3a0d-92ab-dbaa5e59daf0","name":"operation of Broadcast sprayer; for growing spring wheat; at farm; 60HP tractor, 37 ft wide"},"flow":{"@type":"Flow","@id":"371290c1-320b-3878-9afa-d5aabb20f946","name":"operation of Broadcast sprayer; for growing spring wheat; at farm; 60HP tractor, 37 ft wide"},"process":{"@type":"Process","@id":"bd489a6b-1c17-3bc5-82fe-2566174093cf","name":"apply pesticide; broadcast with incorporation, drawn sprayer, spring wheat; at farm"},"exchange":{"@type":"Exchange","internalId":5,"name":"operation of Broadcast sprayer; for growing spring wheat; at farm; 60HP tractor, 37 ft wide"}},{"@type":"ProcessLink","provider":{"@type":"Process","@id":"d25ba844-e26b-3a0d-92ab-dbaa5e59daf0","name":"operation of Broadcast sprayer; for growing spring wheat; at farm; 60HP tractor, 37 ft wide"},"flow":{"@type":"Flow","@id":"371290c1-320b-3878-9afa-d5aabb20f946","name":"operation of Broadcast sprayer; for growing spring wheat; at farm; 60HP tractor, 37 ft wide"},"process":{"@type":"Process","@id":"4ca4eaf3-cba9-3c97-bc82-78a1e3709c49","name":"apply fertilizer; with incorporation, drawn broadcast sprayer, spring wheat; at farm"},"exchange":{"@type":"Exchange","internalId":2,"name":"operation of Broadcast sprayer; for growing spring wheat; at farm; 60HP tractor, 37 ft wide"}},{"@type":"ProcessLink","provider":{"@type":"Process","@id":"f6a805f4-484d-5b43-5f91-d64f84fdd9cf","name":"work; ag. tractors for spr wheat harvest, 2014 fleet, all fuels; 175-300HP"},"flow":{"@type":"Flow","@id":"566e519b-462e-321b-ab76-c07154007a9e","name":"work; ag. tractors for spr wheat harvest, 2014 fleet, all fuels; 175-300HP"},"process":{"@type":"Process","@id":"881b7397-595c-3a80-9e6e-6d334a655ba2","name":"operation of Wheat-sorghum grain cart; for harvesting spring wheat; at farm; 190HP tractor, 700 bu"},"exchange":{"@type":"Exchange","internalId":6,"name":"work; ag. tractors for spr wheat harvest, 2014 fleet, all fuels; 175-300HP"}},{"@type":"ProcessLink","provider":{"@type":"Process","@id":"f6a805f4-484d-5b43-5f91-d64f84fdd9cf","name":"work; ag. tractors for spr wheat harvest, 2014 fleet, all fuels; 175-300HP"},"flow":{"@type":"Flow","@id":"566e519b-462e-321b-ab76-c07154007a9e","name":"work; ag. tractors for spr wheat harvest, 2014 fleet, all fuels; 175-300HP"},"process":{"@type":"Process","@id":"7cb7c832-eff0-3c16-8b87-1305629f8bf7","name":"operation of Wheat-sorghum grain cart; for harvesting spring wheat; at farm; 190HP tractor, 500 bu"},"exchange":{"@type":"Exchange","internalId":5,"name":"work; ag. tractors for spr wheat harvest, 2014 fleet, all fuels; 175-300HP"}},{"@type":"ProcessLink","provider":{"@type":"Process","@id":"f6a805f4-484d-5b43-5f91-d64f84fdd9cf","name":"work; ag. tractors for spr wheat harvest, 2014 fleet, all fuels; 175-300HP"},"flow":{"@type":"Flow","@id":"566e519b-462e-321b-ab76-c07154007a9e","name":"work; ag. tractors for spr wheat harvest, 2014 fleet, all fuels; 175-300HP"},"process":{"@type":"Process","@id":"c84b4e2a-9126-3130-854a-9f67fb089678","name":"operation of Header-Wheat-sorghum; for harvesting spring wheat; at farm; 265HP tractor, 22 ft wide"},"exchange":{"@type":"Exchange","internalId":2,"name":"work; ag. tractors for spr wheat harvest, 2014 fleet, all fuels; 175-300HP"}},{"@type":"ProcessLink","provider":{"@type":"Process","@id":"f6a805f4-484d-5b43-5f91-d64f84fdd9cf","name":"work; ag. tractors for spr wheat harvest, 2014 fleet, all fuels; 175-300HP"},"flow":{"@type":"Flow","@id":"566e519b-462e-321b-ab76-c07154007a9e","name":"work; ag. tractors for spr wheat harvest, 2014 fleet, all fuels; 175-300HP"},"process":{"@type":"Process","@id":"57a8c055-3cac-3dea-9596-bc35e0d6a895","name":"operation of Wheat-sorghum grain cart; for harvesting spring wheat; at farm; 190HP tractor, 1000 bu"},"exchange":{"@type":"Exchange","internalId":4,"name":"work; ag. tractors for spr wheat harvest, 2014 fleet, all fuels; 175-300HP"}},{"@type":"ProcessLink","provider":{"@type":"Process","@id":"777549cf-567a-3236-9d65-081250b8e47a","name":"apply fertilizer; without incorporation, self-propelled broadcast sprayer, spring wheat; at farm"},"flow":{"@type":"Flow","@id":"0dc3d177-efc4-38f4-99d5-7d0f749f03f5","name":"apply fertilizer; without incorporation, self-propelled broadcast sprayer, spring wheat; at farm"},"process":{"@type":"Process","@id":"8495cc9e-6cbf-3961-8ad7-76482690928c","name":"spring wheat, excluding durum; at harvest; at farm; wet basis"},"exchange":{"@type":"Exchange","internalId":1040,"name":"apply fertilizer; without incorporation, self-propelled broadcast sprayer, spring wheat; at farm"}},{"@type":"ProcessLink","provider":{"@type":"Process","@id":"b74d07c1-185c-3742-bdfa-93da628aa903","name":"apply fertilizer; no broadcast, directed sprayer, spring wheat; at farm"},"flow":{"@type":"Flow","@id":"870b9b43-668f-3927-b30c-22c7811d6374","name":"apply fertilizer; no broadcast, directed sprayer, spring wheat; at farm"},"process":{"@type":"Process","@id":"8495cc9e-6cbf-3961-8ad7-76482690928c","name":"spring wheat, excluding durum; at harvest; at farm; wet basis"},"exchange":{"@type":"Exchange","internalId":376,"name":"apply fertilizer; no broadcast, directed sprayer, spring wheat; at farm"}},{"@type":"ProcessLink","provider":{"@type":"Process","@id":"7cb7c832-eff0-3c16-8b87-1305629f8bf7","name":"operation of Wheat-sorghum grain cart; for harvesting spring wheat; at farm; 190HP tractor, 500 bu"},"flow":{"@type":"Flow","@id":"e786b655-53e0-333b-bf49-30ac53a3524f","name":"operation of Wheat-sorghum grain cart; for harvesting spring wheat; at farm; 190HP tractor, 500 bu"},"process":{"@type":"Process","@id":"fcdc13c0-836a-34d4-ab31-b0beef5087d7","name":"harvest; combine with cart, spring wheat; at farm"},"exchange":{"@type":"Exchange","internalId":2,"name":"operation of Wheat-sorghum grain cart; for harvesting spring wheat; at farm; 190HP tractor, 500 bu"}},{"@type":"ProcessLink","provider":{"@type":"Process","@id":"7cb7c832-eff0-3c16-8b87-1305629f8bf7","name":"operation of Wheat-sorghum grain cart; for harvesting spring wheat; at farm; 190HP tractor, 500 bu"},"flow":{"@type":"Flow","@id":"e786b655-53e0-333b-bf49-30ac53a3524f","name":"operation of Wheat-sorghum grain cart; for harvesting spring wheat; at farm; 190HP tractor, 500 bu"},"process":{"@type":"Process","@id":"08e80f8f-5578-3666-89f3-522116192abc","name":"harvest; wheat header with cart, spring wheat; at farm"},"exchange":{"@type":"Exchange","internalId":5,"name":"operation of Wheat-sorghum grain cart; for harvesting spring wheat; at farm; 190HP tractor, 500 bu"}},{"@type":"ProcessLink","provider":{"@type":"Process","@id":"7cb7c832-eff0-3c16-8b87-1305629f8bf7","name":"operation of Wheat-sorghum grain cart; for harvesting spring wheat; at farm; 190HP tractor, 500 bu"},"flow":{"@type":"Flow","@id":"e786b655-53e0-333b-bf49-30ac53a3524f","name":"operation of Wheat-sorghum grain cart; for harvesting spring wheat; at farm; 190HP tractor, 500 bu"},"process":{"@type":"Process","@id":"cbbfcdc2-ab42-37c9-a385-abe93e0ce122","name":"harvest; draper header with cart, spring wheat; at farm"},"exchange":{"@type":"Exchange","internalId":4,"name":"operation of Wheat-sorghum grain cart; for harvesting spring wheat; at farm; 190HP tractor, 500 bu"}},{"@type":"ProcessLink","provider":{"@type":"Process","@id":"51f2085a-bfa7-e463-7c06-e4c9d43e6754","name":"work; combines for spr wheat harvest, 2014 fleet, all fuels; 175-300HP"},"flow":{"@type":"Flow","@id":"aa2d8829-0182-3d58-80ac-9b691f4573f7","name":"work; combines for spr wheat harvest, 2014 fleet, all fuels; 175-300HP"},"process":{"@type":"Process","@id":"e27e2ebc-da0b-34b0-81c7-7deed39cdd1d","name":"operation of Combine w/ grain head; for harvesting spring wheat; at farm; 275HP, 20 ft wide"},"exchange":{"@type":"Exchange","internalId":2,"name":"work; combines for spr wheat harvest, 2014 fleet, all fuels; 175-300HP"}},{"@type":"ProcessLink","provider":{"@type":"Process","@id":"51f2085a-bfa7-e463-7c06-e4c9d43e6754","name":"work; combines for spr wheat harvest, 2014 fleet, all fuels; 175-300HP"},"flow":{"@type":"Flow","@id":"aa2d8829-0182-3d58-80ac-9b691f4573f7","name":"work; combines for spr wheat harvest, 2014 fleet, all fuels; 175-300HP"},"process":{"@type":"Process","@id":"78dce8b5-9b93-316b-82b1-6bf1d24d463a","name":"operation of Combine w/ grain head; for harvesting spring wheat; at farm; 220HP, 20 ft wide"},"exchange":{"@type":"Exchange","internalId":3,"name":"work; combines for spr wheat harvest, 2014 fleet, all fuels; 175-300HP"}},{"@type":"ProcessLink","provider":{"@type":"Process","@id":"62fead23-9964-3f09-82f8-bfaade28f473","name":"operation of Dry spreader; for growing spring wheat; at farm; 240HP tractor, 38 ft wide"},"flow":{"@type":"Flow","@id":"bc7ec538-9661-3591-8c4b-dc098363da38","name":"operation of Dry spreader; for growing spring wheat; at farm; 240HP tractor, 38 ft wide"},"process":{"@type":"Process","@id":"39c8d2e1-2976-3537-ac41-2c564bd477f5","name":"apply fertilizer; without incorporation, fertilizer spreader, spring wheat; at farm"},"exchange":{"@type":"Exchange","internalId":4,"name":"operation of Dry spreader; for growing spring wheat; at farm; 240HP tractor, 38 ft wide"}},{"@type":"ProcessLink","provider":{"@type":"Process","@id":"62fead23-9964-3f09-82f8-bfaade28f473","name":"operation of Dry spreader; for growing spring wheat; at farm; 240HP tractor, 38 ft wide"},"flow":{"@type":"Flow","@id":"bc7ec538-9661-3591-8c4b-dc098363da38","name":"operation of Dry spreader; for growing spring wheat; at farm; 240HP tractor, 38 ft wide"},"process":{"@type":"Process","@id":"5354f37b-32f9-3f80-a5e3-1efdcfc3a068","name":"apply fertilizer; with incorporation, fertilizer spreader, spring wheat; at farm"},"exchange":{"@type":"Exchange","internalId":6,"name":"operation of Dry spreader; for growing spring wheat; at farm; 240HP tractor, 38 ft wide"}},{"@type":"ProcessLink","provider":{"@type":"Process","@id":"62fead23-9964-3f09-82f8-bfaade28f473","name":"operation of Dry spreader; for growing spring wheat; at farm; 240HP tractor, 38 ft wide"},"flow":{"@type":"Flow","@id":"bc7ec538-9661-3591-8c4b-dc098363da38","name":"operation of Dry spreader; for growing spring wheat; at farm; 240HP tractor, 38 ft wide"},"process":{"@type":"Process","@id":"a36e5b31-9a34-3606-b50a-2f83edb4de21","name":"apply liming materials; spreader and tandem disks, spring wheat; at farm"},"exchange":{"@type":"Exchange","internalId":4,"name":"operation of Dry spreader; for growing spring wheat; at farm; 240HP tractor, 38 ft wide"}},{"@type":"ProcessLink","provider":{"@type":"Process","@id":"62fead23-9964-3f09-82f8-bfaade28f473","name":"operation of Dry spreader; for growing spring wheat; at farm; 240HP tractor, 38 ft wide"},"flow":{"@type":"Flow","@id":"bc7ec538-9661-3591-8c4b-dc098363da38","name":"operation of Dry spreader; for growing spring wheat; at farm; 240HP tractor, 38 ft wide"},"process":{"@type":"Process","@id":"ca6e5615-2b59-3c1e-97ea-42019e4eb622","name":"apply liming materials; spreader and chisel plow, spring wheat; at farm"},"exchange":{"@type":"Exchange","internalId":6,"name":"operation of Dry spreader; for growing spring wheat; at farm; 240HP tractor, 38 ft wide"}},{"@type":"ProcessLink","provider":{"@type":"Process","@id":"f9f21680-2f65-37f3-9dd0-78fcebefc9e9","name":"harvest; self-propelled forage harvester, spring wheat residue; at farm"},"flow":{"@type":"Flow","@id":"504bd6ca-73a6-32de-8189-a18e2f7ec76e","name":"harvest; self-propelled forage harvester, spring wheat residue; at farm"},"process":{"@type":"Process","@id":"8495cc9e-6cbf-3961-8ad7-76482690928c","name":"spring wheat, excluding durum; at harvest; at farm; wet basis"},"exchange":{"@type":"Exchange","internalId":163,"name":"harvest; self-propelled forage harvester, spring wheat residue; at farm"}},{"@type":"ProcessLink","provider":{"@type":"Process","@id":"c6c6af57-8cde-df3f-8a1d-6f3026e85ef0","name":"work; ag. tractors for spr wheat harvest, 2014 fleet, all fuels; 300-600HP"},"flow":{"@type":"Flow","@id":"3e67bce4-6e68-39b8-8661-bec6ba8dd32e","name":"work; ag. tractors for spr wheat harvest, 2014 fleet, all fuels; 300-600HP"},"process":{"@type":"Process","@id":"aa1b49f0-74f8-336a-8a39-c0fc1e249ac2","name":"operation of Header-Wheat-sorghum; for harvesting spring wheat; at farm; 325HP tractor, 25 ft wide"},"exchange":{"@type":"Exchange","internalId":3,"name":"work; ag. tractors for spr wheat harvest, 2014 fleet, all fuels; 300-600HP"}},{"@type":"ProcessLink","provider":{"@type":"Process","@id":"c6c6af57-8cde-df3f-8a1d-6f3026e85ef0","name":"work; ag. tractors for spr wheat harvest, 2014 fleet, all fuels; 300-600HP"},"flow":{"@type":"Flow","@id":"3e67bce4-6e68-39b8-8661-bec6ba8dd32e","name":"work; ag. tractors for spr wheat harvest, 2014 fleet, all fuels; 300-600HP"},"process":{"@type":"Process","@id":"3a88b769-f555-33b4-81d7-6b5a6de4a2ed","name":"operation of Header-Draper; for harvesting spring wheat; at farm; 325HP tractor, 30 ft wide"},"exchange":{"@type":"Exchange","internalId":2,"name":"work; ag. tractors for spr wheat harvest, 2014 fleet, all fuels; 300-600HP"}},{"@type":"ProcessLink","provider":{"@type":"Process","@id":"fbfde7d0-de7a-32e6-a1c4-8419a11f2fa4","name":"operation of Dry spreader; for growing spring wheat; at farm; 190HP tractor, 31 ft wide"},"flow":{"@type":"Flow","@id":"84ebdf38-ec90-395e-94f1-fb7b8e907a9c","name":"operation of Dry spreader; for growing spring wheat; at farm; 190HP tractor, 31 ft wide"},"process":{"@type":"Process","@id":"39c8d2e1-2976-3537-ac41-2c564bd477f5","name":"apply fertilizer; without incorporation, fertilizer spreader, spring wheat; at farm"},"exchange":{"@type":"Exchange","internalId":2,"name":"operation of Dry spreader; for growing spring wheat; at farm; 190HP tractor, 31 ft wide"}},{"@type":"ProcessLink","provider":{"@type":"Process","@id":"fbfde7d0-de7a-32e6-a1c4-8419a11f2fa4","name":"operation of Dry spreader; for growing spring wheat; at farm; 190HP tractor, 31 ft wide"},"flow":{"@type":"Flow","@id":"84ebdf38-ec90-395e-94f1-fb7b8e907a9c","name":"operation of Dry spreader; for growing spring wheat; at farm; 190HP tractor, 31 ft wide"},"process":{"@type":"Process","@id":"5354f37b-32f9-3f80-a5e3-1efdcfc3a068","name":"apply fertilizer; with incorporation, fertilizer spreader, spring wheat; at farm"},"exchange":{"@type":"Exchange","internalId":4,"name":"operation of Dry spreader; for growing spring wheat; at farm; 190HP tractor, 31 ft wide"}},{"@type":"ProcessLink","provider":{"@type":"Process","@id":"fbfde7d0-de7a-32e6-a1c4-8419a11f2fa4","name":"operation of Dry spreader; for growing spring wheat; at farm; 190HP tractor, 31 ft wide"},"flow":{"@type":"Flow","@id":"84ebdf38-ec90-395e-94f1-fb7b8e907a9c","name":"operation of Dry spreader; for growing spring wheat; at farm; 190HP tractor, 31 ft wide"},"process":{"@type":"Process","@id":"a36e5b31-9a34-3606-b50a-2f83edb4de21","name":"apply liming materials; spreader and tandem disks, spring wheat; at farm"},"exchange":{"@type":"Exchange","internalId":6,"name":"operation of Dry spreader; for growing spring wheat; at farm; 190HP tractor, 31 ft wide"}},{"@type":"ProcessLink","provider":{"@type":"Process","@id":"fbfde7d0-de7a-32e6-a1c4-8419a11f2fa4","name":"operation of Dry spreader; for growing spring wheat; at farm; 190HP tractor, 31 ft wide"},"flow":{"@type":"Flow","@id":"84ebdf38-ec90-395e-94f1-fb7b8e907a9c","name":"operation of Dry spreader; for growing spring wheat; at farm; 190HP tractor, 31 ft wide"},"process":{"@type":"Process","@id":"ca6e5615-2b59-3c1e-97ea-42019e4eb622","name":"apply liming materials; spreader and chisel plow, spring wheat; at farm"},"exchange":{"@type":"Exchange","internalId":2,"name":"operation of Dry spreader; for growing spring wheat; at farm; 190HP tractor, 31 ft wide"}},{"@type":"ProcessLink","provider":{"@type":"Process","@id":"f84827d1-57f9-3f6f-b964-8c7bd29e4ebe","name":"operation of Chisel plow (Chisel, st. pt.); for growing spring wheat; at farm; 310HP tractor, 36 ft wide"},"flow":{"@type":"Flow","@id":"6f0bf1c5-cf4b-36c5-8a7a-b8b1b269666a","name":"operation of Chisel plow (Chisel, st. pt.); for growing spring wheat; at farm; 310HP tractor, 36 ft wide"},"process":{"@type":"Process","@id":"3683f850-095c-3f5d-9e20-59dfb0f10ba8","name":"apply pesticide; broadcast with incorporation, self-propelled sprayer, spring wheat; at farm"},"exchange":{"@type":"Exchange","internalId":6,"name":"operation of Chisel plow (Chisel, st. pt.); for growing spring wheat; at farm; 310HP tractor, 36 ft wide"}},{"@type":"ProcessLink","provider":{"@type":"Process","@id":"f84827d1-57f9-3f6f-b964-8c7bd29e4ebe","name":"operation of Chisel plow (Chisel, st. pt.); for growing spring wheat; at farm; 310HP tractor, 36 ft wide"},"flow":{"@type":"Flow","@id":"6f0bf1c5-cf4b-36c5-8a7a-b8b1b269666a","name":"operation of Chisel plow (Chisel, st. pt.); for growing spring wheat; at farm; 310HP tractor, 36 ft wide"},"process":{"@type":"Process","@id":"16a4e96d-03b7-3dba-923d-f7ae88c0ecee","name":"apply fertilizer; with incorporation, self-propelled broadcast sprayer, spring wheat; at farm"},"exchange":{"@type":"Exchange","internalId":4,"name":"operation of Chisel plow (Chisel, st. pt.); for growing spring wheat; at farm; 310HP tractor, 36 ft wide"}},{"@type":"ProcessLink","provider":{"@type":"Process","@id":"f84827d1-57f9-3f6f-b964-8c7bd29e4ebe","name":"operation of Chisel plow (Chisel, st. pt.); for growing spring wheat; at farm; 310HP tractor, 36 ft wide"},"flow":{"@type":"Flow","@id":"6f0bf1c5-cf4b-36c5-8a7a-b8b1b269666a","name":"operation of Chisel plow (Chisel, st. pt.); for growing spring wheat; at farm; 310HP tractor, 36 ft wide"},"process":{"@type":"Process","@id":"5354f37b-32f9-3f80-a5e3-1efdcfc3a068","name":"apply fertilizer; with incorporation, fertilizer spreader, spring wheat; at farm"},"exchange":{"@type":"Exchange","internalId":2,"name":"operation of Chisel plow (Chisel, st. pt.); for growing spring wheat; at farm; 310HP tractor, 36 ft wide"}},{"@type":"ProcessLink","provider":{"@type":"Process","@id":"f84827d1-57f9-3f6f-b964-8c7bd29e4ebe","name":"operation of Chisel plow (Chisel, st. pt.); for growing spring wheat; at farm; 310HP tractor, 36 ft wide"},"flow":{"@type":"Flow","@id":"6f0bf1c5-cf4b-36c5-8a7a-b8b1b269666a","name":"operation of Chisel plow (Chisel, st. pt.); for growing spring wheat; at farm; 310HP tractor, 36 ft wide"},"process":{"@type":"Process","@id":"ca6e5615-2b59-3c1e-97ea-42019e4eb622","name":"apply liming materials; spreader and chisel plow, spring wheat; at farm"},"exchange":{"@type":"Exchange","internalId":3,"name":"operation of Chisel plow (Chisel, st. pt.); for growing spring wheat; at farm; 310HP tractor, 36 ft wide"}},{"@type":"ProcessLink","provider":{"@type":"Process","@id":"f84827d1-57f9-3f6f-b964-8c7bd29e4ebe","name":"operation of Chisel plow (Chisel, st. pt.); for growing spring wheat; at farm; 310HP tractor, 36 ft wide"},"flow":{"@type":"Flow","@id":"6f0bf1c5-cf4b-36c5-8a7a-b8b1b269666a","name":"operation of Chisel plow (Chisel, st. pt.); for growing spring wheat; at farm; 310HP tractor, 36 ft wide"},"process":{"@type":"Process","@id":"bd489a6b-1c17-3bc5-82fe-2566174093cf","name":"apply pesticide; broadcast with incorporation, drawn sprayer, spring wheat; at farm"},"exchange":{"@type":"Exchange","internalId":2,"name":"operation of Chisel plow (Chisel, st. pt.); for growing spring wheat; at farm; 310HP tractor, 36 ft wide"}},{"@type":"ProcessLink","provider":{"@type":"Process","@id":"f84827d1-57f9-3f6f-b964-8c7bd29e4ebe","name":"operation of Chisel plow (Chisel, st. pt.); for growing spring wheat; at farm; 310HP tractor, 36 ft wide"},"flow":{"@type":"Flow","@id":"6f0bf1c5-cf4b-36c5-8a7a-b8b1b269666a","name":"operation of Chisel plow (Chisel, st. pt.); for growing spring wheat; at farm; 310HP tractor, 36 ft wide"},"process":{"@type":"Process","@id":"4ca4eaf3-cba9-3c97-bc82-78a1e3709c49","name":"apply fertilizer; with incorporation, drawn broadcast sprayer, spring wheat; at farm"},"exchange":{"@type":"Exchange","internalId":4,"name":"operation of Chisel plow (Chisel, st. pt.); for growing spring wheat; at farm; 310HP tractor, 36 ft wide"}},{"@type":"ProcessLink","provider":{"@type":"Process","@id":"78dce8b5-9b93-316b-82b1-6bf1d24d463a","name":"operation of Combine w/ grain head; for harvesting spring wheat; at farm; 220HP, 20 ft wide"},"flow":{"@type":"Flow","@id":"8fe5f5e6-5579-38ca-a183-b8288df245ac","name":"operation of Combine w/ grain head; for harvesting spring wheat; at farm; 220HP, 20 ft wide"},"process":{"@type":"Process","@id":"fcdc13c0-836a-34d4-ab31-b0beef5087d7","name":"harvest; combine with cart, spring wheat; at farm"},"exchange":{"@type":"Exchange","internalId":4,"name":"operation of Combine w/ grain head; for harvesting spring wheat; at farm; 220HP, 20 ft wide"}},{"@type":"ProcessLink","provider":{"@type":"Process","@id":"e3a919b8-440e-5a86-b793-09dc6f21e145","name":"work; sprayers for growing spr wheat, 2014 fleet, all fuels; 100-175HP"},"flow":{"@type":"Flow","@id":"54b42364-dffb-3bc1-ac04-84d42f0a9fcc","name":"work; sprayers for growing spr wheat, 2014 fleet, all fuels; 100-175HP"},"process":{"@type":"Process","@id":"6e4c87b4-2e66-396f-853c-360441228f36","name":"operation of Broadcast sprayer; for growing spring wheat; at farm; 125HP, 60 ft wide"},"exchange":{"@type":"Exchange","internalId":2,"name":"work; sprayers for growing spr wheat, 2014 fleet, all fuels; 100-175HP"}},{"@type":"ProcessLink","provider":{"@type":"Process","@id":"22ea4034-b64b-38b8-ba87-7467760380bf","name":"operation of Chisel plow (Chisel, st. pt.); for growing spring wheat; at farm; 225HP tractor, 28 ft wide"},"flow":{"@type":"Flow","@id":"ca3374c1-57d5-35c6-87f1-d0f76f882585","name":"operation of Chisel plow (Chisel, st. pt.); for growing spring wheat; at farm; 225HP tractor, 28 ft wide"},"process":{"@type":"Process","@id":"3683f850-095c-3f5d-9e20-59dfb0f10ba8","name":"apply pesticide; broadcast with incorporation, self-propelled sprayer, spring wheat; at farm"},"exchange":{"@type":"Exchange","internalId":5,"name":"operation of Chisel plow (Chisel, st. pt.); for growing spring wheat; at farm; 225HP tractor, 28 ft wide"}},{"@type":"ProcessLink","provider":{"@type":"Process","@id":"22ea4034-b64b-38b8-ba87-7467760380bf","name":"operation of Chisel plow (Chisel, st. pt.); for growing spring wheat; at farm; 225HP tractor, 28 ft wide"},"flow":{"@type":"Flow","@id":"ca3374c1-57d5-35c6-87f1-d0f76f882585","name":"operation of Chisel plow (Chisel, st. pt.); for growing spring wheat; at farm; 225HP tractor, 28 ft wide"},"process":{"@type":"Process","@id":"16a4e96d-03b7-3dba-923d-f7ae88c0ecee","name":"apply fertilizer; with incorporation, self-propelled broadcast sprayer, spring wheat; at farm"},"exchange":{"@type":"Exchange","internalId":7,"name":"operation of Chisel plow (Chisel, st. pt.); for growing spring wheat; at farm; 225HP tractor, 28 ft wide"}},{"@type":"ProcessLink","provider":{"@type":"Process","@id":"22ea4034-b64b-38b8-ba87-7467760380bf","name":"operation of Chisel plow (Chisel, st. pt.); for growing spring wheat; at farm; 225HP tractor, 28 ft wide"},"flow":{"@type":"Flow","@id":"ca3374c1-57d5-35c6-87f1-d0f76f882585","name":"operation of Chisel plow (Chisel, st. pt.); for growing spring wheat; at farm; 225HP tractor, 28 ft wide"},"process":{"@type":"Process","@id":"5354f37b-32f9-3f80-a5e3-1efdcfc3a068","name":"apply fertilizer; with incorporation, fertilizer spreader, spring wheat; at farm"},"exchange":{"@type":"Exchange","internalId":5,"name":"operation of Chisel plow (Chisel, st. pt.); for growing spring wheat; at farm; 225HP tractor, 28 ft wide"}},{"@type":"ProcessLink","provider":{"@type":"Process","@id":"22ea4034-b64b-38b8-ba87-7467760380bf","name":"operation of Chisel plow (Chisel, st. pt.); for growing spring wheat; at farm; 225HP tractor, 28 ft wide"},"flow":{"@type":"Flow","@id":"ca3374c1-57d5-35c6-87f1-d0f76f882585","name":"operation of Chisel plow (Chisel, st. pt.); for growing spring wheat; at farm; 225HP tractor, 28 ft wide"},"process":{"@type":"Process","@id":"ca6e5615-2b59-3c1e-97ea-42019e4eb622","name":"apply liming materials; spreader and chisel plow, spring wheat; at farm"},"exchange":{"@type":"Exchange","internalId":5,"name":"operation of Chisel plow (Chisel, st. pt.); for growing spring wheat; at farm; 225HP tractor, 28 ft wide"}},{"@type":"ProcessLink","provider":{"@type":"Process","@id":"22ea4034-b64b-38b8-ba87-7467760380bf","name":"operation of Chisel plow (Chisel, st. pt.); for growing spring wheat; at farm; 225HP tractor, 28 ft wide"},"flow":{"@type":"Flow","@id":"ca3374c1-57d5-35c6-87f1-d0f76f882585","name":"operation of Chisel plow (Chisel, st. pt.); for growing spring wheat; at farm; 225HP tractor, 28 ft wide"},"process":{"@type":"Process","@id":"bd489a6b-1c17-3bc5-82fe-2566174093cf","name":"apply pesticide; broadcast with incorporation, drawn sprayer, spring wheat; at farm"},"exchange":{"@type":"Exchange","internalId":7,"name":"operation of Chisel plow (Chisel, st. pt.); for growing spring wheat; at farm; 225HP tractor, 28 ft wide"}},{"@type":"ProcessLink","provider":{"@type":"Process","@id":"22ea4034-b64b-38b8-ba87-7467760380bf","name":"operation of Chisel plow (Chisel, st. pt.); for growing spring wheat; at farm; 225HP tractor, 28 ft wide"},"flow":{"@type":"Flow","@id":"ca3374c1-57d5-35c6-87f1-d0f76f882585","name":"operation of Chisel plow (Chisel, st. pt.); for growing spring wheat; at farm; 225HP tractor, 28 ft wide"},"process":{"@type":"Process","@id":"4ca4eaf3-cba9-3c97-bc82-78a1e3709c49","name":"apply fertilizer; with incorporation, drawn broadcast sprayer, spring wheat; at farm"},"exchange":{"@type":"Exchange","internalId":7,"name":"operation of Chisel plow (Chisel, st. pt.); for growing spring wheat; at farm; 225HP tractor, 28 ft wide"}},{"@type":"ProcessLink","provider":{"@type":"Process","@id":"46f68770-23c2-2a79-4316-7ee8da3a8ac7","name":"work; ag. tractors for spr wheat harvest, 2014 fleet, all fuels; 50-100HP"},"flow":{"@type":"Flow","@id":"7e658eef-1309-3c11-991b-e18508e222a2","name":"work; ag. tractors for spr wheat harvest, 2014 fleet, all fuels; 50-100HP"},"process":{"@type":"Process","@id":"8a62e1f1-7321-3861-a699-c16cd327f6e5","name":"operation of Forage harvester; for harvesting spring wheat; at farm; 100HP tractor, 6 ft wide"},"exchange":{"@type":"Exchange","internalId":4,"name":"work; ag. tractors for spr wheat harvest, 2014 fleet, all fuels; 50-100HP"}},{"@type":"ProcessLink","provider":{"@type":"Process","@id":"a36e5b31-9a34-3606-b50a-2f83edb4de21","name":"apply liming materials; spreader and tandem disks, spring wheat; at farm"},"flow":{"@type":"Flow","@id":"535d736f-5b3c-3e20-8a80-28ec86974e3e","name":"apply liming materials; spreader and tandem disks, spring wheat; at farm"},"process":{"@type":"Process","@id":"8495cc9e-6cbf-3961-8ad7-76482690928c","name":"spring wheat, excluding durum; at harvest; at farm; wet basis"},"exchange":{"@type":"Exchange","internalId":388,"name":"apply liming materials; spreader and tandem disks, spring wheat; at farm"}},{"@type":"ProcessLink","provider":{"@type":"Process","@id":"c63131fe-a05a-3ede-ba83-1a4020a159f1","name":"operation of Band sprayer; for growing spring wheat; at farm; 170HP tractor, 50 ft wide"},"flow":{"@type":"Flow","@id":"6fe7944c-3283-3cca-b552-60f8da9d46a9","name":"operation of Band sprayer; for growing spring wheat; at farm; 170HP tractor, 50 ft wide"},"process":{"@type":"Process","@id":"8db56463-abe9-370e-a313-2bd79bad6622","name":"apply fertilizer; no broadcast, band sprayer, spring wheat; at farm"},"exchange":{"@type":"Exchange","internalId":4,"name":"operation of Band sprayer; for growing spring wheat; at farm; 170HP tractor, 50 ft wide"}},{"@type":"ProcessLink","provider":{"@type":"Process","@id":"30d72613-ecd8-36f8-8035-2b54b6bd4fa1","name":"apply fertilizer; without incorporation, drawn broadcast sprayer, spring wheat; at farm"},"flow":{"@type":"Flow","@id":"0ef3aee6-afd6-3b43-b12c-e1105bd078e4","name":"apply fertilizer; without incorporation, drawn broadcast sprayer, spring wheat; at farm"},"process":{"@type":"Process","@id":"8495cc9e-6cbf-3961-8ad7-76482690928c","name":"spring wheat, excluding durum; at harvest; at farm; wet basis"},"exchange":{"@type":"Exchange","internalId":375,"name":"apply fertilizer; without incorporation, drawn broadcast sprayer, spring wheat; at farm"}},{"@type":"ProcessLink","provider":{"@type":"Process","@id":"16a4e96d-03b7-3dba-923d-f7ae88c0ecee","name":"apply fertilizer; with incorporation, self-propelled broadcast sprayer, spring wheat; at farm"},"flow":{"@type":"Flow","@id":"a455322a-b826-3704-a0bd-f826c61199a6","name":"apply fertilizer; with incorporation, self-propelled broadcast sprayer, spring wheat; at farm"},"process":{"@type":"Process","@id":"8495cc9e-6cbf-3961-8ad7-76482690928c","name":"spring wheat, excluding durum; at harvest; at farm; wet basis"},"exchange":{"@type":"Exchange","internalId":894,"name":"apply fertilizer; with incorporation, self-propelled broadcast sprayer, spring wheat; at farm"}},{"@type":"ProcessLink","provider":{"@type":"Process","@id":"276d3d2b-2921-d05e-60c4-f35f2592b11f","name":"work; other ag. equip. for spr wheat harvest, 2014 fleet, all fuels; 300-600HP"},"flow":{"@type":"Flow","@id":"0203af7e-c93b-362e-a91f-96a6fb1a1b7f","name":"work; other ag. equip. for spr wheat harvest, 2014 fleet, all fuels; 300-600HP"},"process":{"@type":"Process","@id":"a77293d0-ac2a-3381-a25d-c31764cd1001","name":"operation of Harvester w/ pickup head (Forage harvester); for harvesting spring wheat; at farm; 315HP, 12 ft wide"},"exchange":{"@type":"Exchange","internalId":2,"name":"work; other ag. equip. for spr wheat harvest, 2014 fleet, all fuels; 300-600HP"}},{"@type":"ProcessLink","provider":{"@type":"Process","@id":"505e7451-6a62-3b16-bff3-1650e6f936f9","name":"apply fertilizer; no broadcast, spot sprayer, spring wheat; at farm"},"flow":{"@type":"Flow","@id":"e71d5c6c-c20d-3560-915a-6e49df456283","name":"apply fertilizer; no broadcast, spot sprayer, spring wheat; at farm"},"process":{"@type":"Process","@id":"8495cc9e-6cbf-3961-8ad7-76482690928c","name":"spring wheat, excluding durum; at harvest; at farm; wet basis"},"exchange":{"@type":"Exchange","internalId":61,"name":"apply fertilizer; no broadcast, spot sprayer, spring wheat; at farm"}},{"@type":"ProcessLink","provider":{"@type":"Process","@id":"7168e7da-3ab9-3263-88e4-868b6581d767","name":"apply pesticide; directed spray, spring wheat; at farm"},"flow":{"@type":"Flow","@id":"70f41a25-6d91-3219-9bba-ba3e86dfe970","name":"apply pesticide; directed spray, spring wheat; at farm"},"process":{"@type":"Process","@id":"8495cc9e-6cbf-3961-8ad7-76482690928c","name":"spring wheat, excluding durum; at harvest; at farm; wet basis"},"exchange":{"@type":"Exchange","internalId":236,"name":"apply pesticide; directed spray, spring wheat; at farm"}},{"@type":"ProcessLink","provider":{"@type":"Process","@id":"23115103-3c9c-3b54-82d1-1878cff8061f","name":"apply pesticide; broadcast without incorporation, drawn sprayer, spring wheat; at farm"},"flow":{"@type":"Flow","@id":"001219ed-5a7b-3f75-ac83-2e4369615d84","name":"apply pesticide; broadcast without incorporation, drawn sprayer, spring wheat; at farm"},"process":{"@type":"Process","@id":"8495cc9e-6cbf-3961-8ad7-76482690928c","name":"spring wheat, excluding durum; at harvest; at farm; wet basis"},"exchange":{"@type":"Exchange","internalId":885,"name":"apply pesticide; broadcast without incorporation, drawn sprayer, spring wheat; at farm"}},{"@type":"ProcessLink","provider":{"@type":"Process","@id":"bd489a6b-1c17-3bc5-82fe-2566174093cf","name":"apply pesticide; broadcast with incorporation, drawn sprayer, spring wheat; at farm"},"flow":{"@type":"Flow","@id":"04549b61-719e-3913-93fb-f55607a9eb64","name":"apply pesticide; broadcast with incorporation, drawn sprayer, spring wheat; at farm"},"process":{"@type":"Process","@id":"8495cc9e-6cbf-3961-8ad7-76482690928c","name":"spring wheat, excluding durum; at harvest; at farm; wet basis"},"exchange":{"@type":"Exchange","internalId":616,"name":"apply pesticide; broadcast with incorporation, drawn sprayer, spring wheat; at farm"}},{"@type":"ProcessLink","provider":{"@type":"Process","@id":"87a09b8a-0820-3d5b-9fbf-0de9b38ec5d4","name":"harvest; drawn forage harvester, spring wheat residue; at farm"},"flow":{"@type":"Flow","@id":"e8aa9239-1445-3402-8db8-d37c81a8dd1e","name":"harvest; drawn forage harvester, spring wheat residue; at farm"},"process":{"@type":"Process","@id":"8495cc9e-6cbf-3961-8ad7-76482690928c","name":"spring wheat, excluding durum; at harvest; at farm; wet basis"},"exchange":{"@type":"Exchange","internalId":562,"name":"harvest; drawn forage harvester, spring wheat residue; at farm"}},{"@type":"ProcessLink","provider":{"@type":"Process","@id":"fcdc13c0-836a-34d4-ab31-b0beef5087d7","name":"harvest; combine with cart, spring wheat; at farm"},"flow":{"@type":"Flow","@id":"ca3b340c-8ee6-318c-a496-276f00887264","name":"harvest; combine with cart, spring wheat; at farm"},"process":{"@type":"Process","@id":"8495cc9e-6cbf-3961-8ad7-76482690928c","name":"spring wheat, excluding durum; at harvest; at farm; wet basis"},"exchange":{"@type":"Exchange","internalId":109,"name":"harvest; combine with cart, spring wheat; at farm"}},{"@type":"ProcessLink","provider":{"@type":"Process","@id":"0a0d2a51-aa7d-8140-9bed-52b5fb08287c","name":"work; sprayers for growing spr wheat, 2014 fleet, all fuels; 175-300HP"},"flow":{"@type":"Flow","@id":"1941c965-ba5d-39bb-9ed1-dcccdc6419fe","name":"work; sprayers for growing spr wheat, 2014 fleet, all fuels; 175-300HP"},"process":{"@type":"Process","@id":"832bbd7c-366e-369d-bb78-a168a3b3b8e0","name":"operation of Broadcast sprayer; for growing spring wheat; at farm; 250HP, 90 ft wide"},"exchange":{"@type":"Exchange","internalId":2,"name":"work; sprayers for growing spr wheat, 2014 fleet, all fuels; 175-300HP"}}]}