{"@context":"http://greendelta.github.io/olca-schema/context.jsonld","@type":"ProductSystem","@id":"4e45883f-1ebf-49b7-9b8a-5715e2589547","name":"soybeans; at harvest; at farm; wet basis","description":"This product system represents a set of connected unit processes for the production of one unit of referenced product. All unit processes in the system are consistent with the geographical and temporal specificity of the reference unit process.","version":"00.00.000","referenceProcess":{"@type":"Process","@id":"cb421abf-95c0-3d85-aba8-136963b7240a","name":"soybeans; at harvest; at farm; wet basis"},"referenceExchange":{"@type":"Exchange","internalId":1,"name":"soybeans; at harvest; at farm; wet basis"},"targetFlowProperty":{"@type":"FlowProperty","@id":"93a60a56-a3c8-11da-a746-0800200b9a66","name":"Mass"},"targetUnit":{"@type":"Unit","@id":"20aadc24-a391-41cf-b340-3e4529f44bde","name":"kg"},"targetAmount":1.0,"processes":[{"@type":"Process","@id":"a53380cb-bd99-35da-83be-a2b680582e51","name":"apply fertilizer; with incorporation, self-propelled broadcast sprayer, soybeans; at farm"},{"@type":"Process","@id":"3a80e751-06ca-3ab5-998b-7937235443da","name":"operation of Broadcast sprayer; for growing soybeans; at farm; 250HP, 90 ft wide"},{"@type":"Process","@id":"03670257-2752-d578-f459-783eb00fd73c","name":"work; sprayers for growing soybeans, 2014 fleet, all fuels; 175-300HP"},{"@type":"Process","@id":"6f97470b-d112-3a03-8030-3257a23797dd","name":"operation of Chisel plow (Chisel, st. pt.); for growing soybeans; at farm; 225HP tractor, 28 ft wide"},{"@type":"Process","@id":"0e624038-0704-f95f-7922-843c8481f1ca","name":"work; ag. tractors for growing soybeans, 2014 fleet, all fuels; 175-300HP"},{"@type":"Process","@id":"9313213b-9156-3d6e-baa8-85fcde2dbeee","name":"operation of Chisel plow (Chisel, st. pt.); for growing soybeans; at farm; 155HP tractor, 20 ft wide"},{"@type":"Process","@id":"32302354-eef8-2b35-1665-ede1231cc8fb","name":"work; ag. tractors for growing soybeans, 2014 fleet, all fuels; 100-175HP"},{"@type":"Process","@id":"e2e74891-c64e-3159-b1a9-8134915ba5ba","name":"operation of Broadcast sprayer; for growing soybeans; at farm; 125HP, 60 ft wide"},{"@type":"Process","@id":"60108c57-eef1-feb0-9e9b-c221c04b5508","name":"work; sprayers for growing soybeans, 2014 fleet, all fuels; 100-175HP"},{"@type":"Process","@id":"7aca15b0-8918-37c4-87ca-ee208827d815","name":"operation of Chisel plow (Chisel, st. pt.); for growing soybeans; at farm; 310HP tractor, 36 ft wide"},{"@type":"Process","@id":"c4a74bc7-6d52-7ed4-9620-7b6e1f2ef1af","name":"work; ag. tractors for growing soybeans, 2014 fleet, all fuels; 300-600HP"},{"@type":"Process","@id":"9514c9dd-50c0-3724-b632-df3d75297d42","name":"apply pesticide; broadcast without incorporation, drawn sprayer, soybeans; at farm"},{"@type":"Process","@id":"3c42c48f-5e30-33bb-856e-1a9b2c794c13","name":"operation of Broadcast sprayer; for growing soybeans; at farm; 150HP tractor, 51 ft wide"},{"@type":"Process","@id":"ffe3927f-562f-3d52-83af-ae9f83186028","name":"operation of Broadcast sprayer; for growing soybeans; at farm; 170HP tractor, 55 ft wide"},{"@type":"Process","@id":"debeb874-d112-39e6-ae5c-a23a79b9641c","name":"operation of Broadcast sprayer; for growing soybeans; at farm; 60HP tractor, 37 ft wide"},{"@type":"Process","@id":"5c32058d-7ca0-a694-4368-f69292f2e41a","name":"work; ag. tractors for growing soybeans, 2014 fleet, all fuels; 50-100HP"},{"@type":"Process","@id":"c2da6ede-1508-3a1e-aa6f-16206181b825","name":"apply pesticide; broadcast with incorporation, drawn sprayer, soybeans; at farm"},{"@type":"Process","@id":"a7007f47-7f7c-3800-bf5a-505408381207","name":"operation of Header-Soybean; operated without a cart, for harvesting soybeans; at farm; 325HP tractor, 25 ft wide"},{"@type":"Process","@id":"47c0ad28-e711-a5c5-85e7-742b7cc51c26","name":"work; ag. tractors for soybeans harvest, 2014 fleet, all fuels; 300-600HP"},{"@type":"Process","@id":"61caa6ff-b0a8-309b-a0d8-08a83546661a","name":"harvest; soybean header, soybeans; at farm"},{"@type":"Process","@id":"cdc04976-fe15-3044-9dc7-2ef81a12ba69","name":"operation of Header-Soybean; operated without a cart, for harvesting soybeans; at farm; 265HP tractor, 22 ft wide"},{"@type":"Process","@id":"fe66754b-bb3b-dd22-1d0a-6f5e26860af9","name":"work; ag. tractors for soybeans harvest, 2014 fleet, all fuels; 175-300HP"},{"@type":"Process","@id":"3502cf86-9b9b-3283-a929-1cef5f839ed6","name":"harvest; combine, soybeans; at farm"},{"@type":"Process","@id":"e6032874-eacb-359f-a2c0-2faf67914c48","name":"operation of Combine w/ soybean head; operated without a cart, for harvesting soybeans; at farm; 275HP, 18 ft wide"},{"@type":"Process","@id":"5a945d02-e2ce-4698-895d-635cd88eb8eb","name":"work; combines for soybeans harvest, 2014 fleet, all fuels; 175-300HP"},{"@type":"Process","@id":"d3565394-501c-3e78-be6d-ccbc3c7fe002","name":"operation of Combine w/ soybean head; operated without a cart, for harvesting soybeans; at farm; 220HP, 15 ft wide"},{"@type":"Process","@id":"6ec199b6-1f42-3624-a790-54df5743ce48","name":"apply pesticide; foliar, soybeans; at farm"},{"@type":"Process","@id":"8b6025ba-95e1-3e4c-9330-f1eebfaa704a","name":"operation of Spot sprayer; for growing soybeans; at farm; 170HP tractor, 40 ft wide"},{"@type":"Process","@id":"8fea0dc2-c3a0-33da-875f-a640e5be33b9","name":"apply pesticide; broadcast by air, soybeans; at farm"},{"@type":"Process","@id":"73791133-cb76-31d0-b8a9-c53fdbf48b91","name":"apply pesticide; directed spray, soybeans; at farm"},{"@type":"Process","@id":"e178fdba-3b8c-36d1-8f72-43dd59c1dfe7","name":"operation of Directed sprayer; for growing soybeans; at farm; 170HP tractor, R8-15"},{"@type":"Process","@id":"17ddb543-0ce6-36d3-a326-d2b8ffa6d9f2","name":"operation of Tandem disk (Disk, tandem heavy primary op.); for growing soybeans; at farm; 210HP tractor, 26 ft wide"},{"@type":"Process","@id":"849c0c19-a578-36fe-b05a-1bdfe9ccf780","name":"operation of Tandem disk (Disk, tandem secondary op.); for growing soybeans; at farm; 175HP tractor, 26 ft wide"},{"@type":"Process","@id":"6d01fa15-275a-3490-b4ee-4a128cebc856","name":"operation of Tandem disk (Disk, tandem heavy primary op.); for growing soybeans; at farm; 90HP tractor, 11 ft wide"},{"@type":"Process","@id":"0d58c105-0b26-3958-9a43-eff6a68ec78b","name":"operation of Tandem disk (Disk, tandem secondary op.); for growing soybeans; at farm; 75HP tractor, 11 ft wide"},{"@type":"Process","@id":"c94c591f-e5b0-32a4-ae46-02991f0c29b2","name":"operation of Tandem disk (Disk, tandem heavy primary op.); for growing soybeans; at farm; 145HP tractor, 15 ft wide"},{"@type":"Process","@id":"be58c488-8639-3a9b-acac-98277e78b7f5","name":"apply liming materials; spreader and tandem disks, soybeans; at farm"},{"@type":"Process","@id":"d6b601c8-761c-3c7a-a834-35a3c2d1ce47","name":"operation of Tandem disk (Disk, tandem secondary op.); for growing soybeans; at farm; 120HP tractor, 15 ft wide"},{"@type":"Process","@id":"0df6f891-e58d-3cdb-a8cf-b5dcaea86352","name":"operation of Dry spreader; for growing soybeans; at farm; 280HP tractor, 44 ft wide"},{"@type":"Process","@id":"ddc3f0c5-ef78-3bde-bafa-5f6a4aabd936","name":"operation of Dry spreader; for growing soybeans; at farm; 190HP tractor, 31 ft wide"},{"@type":"Process","@id":"744398d8-fba9-3739-96c0-4ee6185981fc","name":"operation of Dry spreader; for growing soybeans; at farm; 240HP tractor, 38 ft wide"},{"@type":"Process","@id":"3349c6fd-c15d-3466-a191-e13601165dd7","name":"apply fertilizer; no broadcast, spot sprayer, soybeans; at farm"},{"@type":"Process","@id":"17bba1a2-b8bc-3d9d-9456-84dbf21c99a6","name":"apply fertilizer; with incorporation, fertilizer spreader, soybeans; at farm"},{"@type":"Process","@id":"0d414b90-d35b-3892-83a6-795fe6bda2b0","name":"apply fertilizer; without incorporation, fertilizer spreader, soybeans; at farm"},{"@type":"Process","@id":"2b84fa05-1ee0-3846-9baf-ad6f1f2141b6","name":"operation of Combine w/ soybean head; operated with a cart, for harvesting soybeans; at farm; 275HP, 18 ft wide"},{"@type":"Process","@id":"a268c290-1c8a-3443-a94f-c8e5579cbb4d","name":"harvest; combine with cart, soybeans; at farm"},{"@type":"Process","@id":"d4302ada-ef23-32ad-b3a6-43adff22b6bd","name":"operation of Combine w/ soybean head; operated with a cart, for harvesting soybeans; at farm; 220HP, 15 ft wide"},{"@type":"Process","@id":"480daf17-b57b-3307-9f20-aed97b87141c","name":"operation of Soybean grain cart; for harvesting soybeans; at farm; 190HP tractor, 1000 bu"},{"@type":"Process","@id":"93012ec9-f25b-3ce8-94f9-5230facb0c13","name":"operation of Soybean grain cart; for harvesting soybeans; at farm; 190HP tractor, 700 bu"},{"@type":"Process","@id":"142a9b52-ed19-3425-bd22-1c3544a33b98","name":"operation of Soybean grain cart; for harvesting soybeans; at farm; 190HP tractor, 500 bu"},{"@type":"Process","@id":"0b4995b4-455d-354d-806a-a41f18aa7e2a","name":"apply fertilizer; with incorporation, drawn broadcast sprayer, soybeans; at farm"},{"@type":"Process","@id":"33d47ae5-86ff-391c-9ea2-bd166faaae0a","name":"operation of Forage harvester; for harvesting soybeans; at farm; 100HP tractor, 6 ft wide"},{"@type":"Process","@id":"ec12c6d1-fc56-9e16-a611-ccda4d230e2f","name":"work; ag. tractors for soybeans harvest, 2014 fleet, all fuels; 50-100HP"},{"@type":"Process","@id":"9a02d30d-d274-3747-b090-887a2638811a","name":"harvest; drawn forage harvester, soybean residue; at farm"},{"@type":"Process","@id":"0beae123-0e20-3ec8-a135-f76380ea15a2","name":"apply fertilizer; without incorporation, drawn broadcast sprayer, soybeans; at farm"},{"@type":"Process","@id":"330e4a12-15d4-36a8-89e8-a0c8efbcd762","name":"operation of Header-Soybean; operated with a cart, for harvesting soybeans; at farm; 265HP tractor, 22 ft wide"},{"@type":"Process","@id":"8a1bc9b1-15fe-3404-b760-d864405c6918","name":"harvest; soybean header with cart, soybeans; at farm"},{"@type":"Process","@id":"e0e7ff74-599d-34df-b66a-9f2d0d4a3179","name":"operation of Header-Soybean; operated with a cart, for harvesting soybeans; at farm; 325HP tractor, 25 ft wide"},{"@type":"Process","@id":"b9ef481a-64f9-3f5a-8e00-2de274e1fc85","name":"apply fertilizer; no broadcast, directed sprayer, soybeans; at farm"},{"@type":"Process","@id":"0a526bb2-3401-3c59-a9a0-b9898f4d671a","name":"apply pesticide; broadcast without incorporation, self-propelled sprayer, soybeans; at farm"},{"@type":"Process","@id":"c10de522-61ee-3608-9e44-82b0eed8496b","name":"apply fertilizer; without incorporation, self-propelled broadcast sprayer, soybeans; at farm"},{"@type":"Process","@id":"78b20649-c543-3867-b7e1-90c3e63b1cd6","name":"apply liming materials; spreader and chisel plow, soybeans; at farm"},{"@type":"Process","@id":"d2555c90-56ba-30fa-831b-60013b8e8079","name":"apply pesticide; broadcast with incorporation, self-propelled sprayer, soybeans; at farm"},{"@type":"Process","@id":"c37d5501-0e02-8ed4-b9ad-24688f74dd6d","name":"work; other ag. equip. for soybeans harvest, 2014 fleet, all fuels; 300-600HP"},{"@type":"Process","@id":"046d5444-67b8-39c8-8955-370558933dd7","name":"operation of Harvester w/ pickup head (Forage harvester); for harvesting soybeans; at farm; 315HP, 12 ft wide"},{"@type":"Process","@id":"dacc8afe-abd7-3711-8565-ffa44ddf6e8f","name":"harvest; self-propelled forage harvester, soybean residue; at farm"},{"@type":"Process","@id":"4cfc50e8-0c9f-3be6-ac90-ffe8daf01ccc","name":"operation of Band sprayer; for growing soybeans; at farm; 170HP tractor, 50 ft wide"},{"@type":"Process","@id":"f580617b-7fb5-3f52-abf3-87e996137b95","name":"apply fertilizer; no broadcast, band sprayer, soybeans; at farm"},{"@type":"Process","@id":"cb421abf-95c0-3d85-aba8-136963b7240a","name":"soybeans; at harvest; at farm; wet basis"}],"processLinks":[{"@type":"ProcessLink","provider":{"@type":"Process","@id":"4cfc50e8-0c9f-3be6-ac90-ffe8daf01ccc","name":"operation of Band sprayer; for growing soybeans; at farm; 170HP tractor, 50 ft wide"},"flow":{"@type":"Flow","@id":"99271a13-0679-3efe-927d-5b188e2b0283","name":"operation of Band sprayer; for growing soybeans; at farm; 170HP tractor, 50 ft wide"},"process":{"@type":"Process","@id":"f580617b-7fb5-3f52-abf3-87e996137b95","name":"apply fertilizer; no broadcast, band sprayer, soybeans; at farm"},"exchange":{"@type":"Exchange","internalId":3,"name":"operation of Band sprayer; for growing soybeans; at farm; 170HP tractor, 50 ft wide"}},{"@type":"ProcessLink","provider":{"@type":"Process","@id":"c4a74bc7-6d52-7ed4-9620-7b6e1f2ef1af","name":"work; ag. tractors for growing soybeans, 2014 fleet, all fuels; 300-600HP"},"flow":{"@type":"Flow","@id":"fd8945f7-de45-3a5d-84cf-fb88d5aee24a","name":"work; ag. tractors for growing soybeans, 2014 fleet, all fuels; 300-600HP"},"process":{"@type":"Process","@id":"7aca15b0-8918-37c4-87ca-ee208827d815","name":"operation of Chisel plow (Chisel, st. pt.); for growing soybeans; at farm; 310HP tractor, 36 ft wide"},"exchange":{"@type":"Exchange","internalId":6,"name":"work; ag. tractors for growing soybeans, 2014 fleet, all fuels; 300-600HP"}},{"@type":"ProcessLink","provider":{"@type":"Process","@id":"e2e74891-c64e-3159-b1a9-8134915ba5ba","name":"operation of Broadcast sprayer; for growing soybeans; at farm; 125HP, 60 ft wide"},"flow":{"@type":"Flow","@id":"2bb05543-7838-3ff5-ae46-aa1e3acee485","name":"operation of Broadcast sprayer; for growing soybeans; at farm; 125HP, 60 ft wide"},"process":{"@type":"Process","@id":"c10de522-61ee-3608-9e44-82b0eed8496b","name":"apply fertilizer; without incorporation, self-propelled broadcast sprayer, soybeans; at farm"},"exchange":{"@type":"Exchange","internalId":2,"name":"operation of Broadcast sprayer; for growing soybeans; at farm; 125HP, 60 ft wide"}},{"@type":"ProcessLink","provider":{"@type":"Process","@id":"e2e74891-c64e-3159-b1a9-8134915ba5ba","name":"operation of Broadcast sprayer; for growing soybeans; at farm; 125HP, 60 ft wide"},"flow":{"@type":"Flow","@id":"2bb05543-7838-3ff5-ae46-aa1e3acee485","name":"operation of Broadcast sprayer; for growing soybeans; at farm; 125HP, 60 ft wide"},"process":{"@type":"Process","@id":"d2555c90-56ba-30fa-831b-60013b8e8079","name":"apply pesticide; broadcast with incorporation, self-propelled sprayer, soybeans; at farm"},"exchange":{"@type":"Exchange","internalId":7,"name":"operation of Broadcast sprayer; for growing soybeans; at farm; 125HP, 60 ft wide"}},{"@type":"ProcessLink","provider":{"@type":"Process","@id":"e2e74891-c64e-3159-b1a9-8134915ba5ba","name":"operation of Broadcast sprayer; for growing soybeans; at farm; 125HP, 60 ft wide"},"flow":{"@type":"Flow","@id":"2bb05543-7838-3ff5-ae46-aa1e3acee485","name":"operation of Broadcast sprayer; for growing soybeans; at farm; 125HP, 60 ft wide"},"process":{"@type":"Process","@id":"a53380cb-bd99-35da-83be-a2b680582e51","name":"apply fertilizer; with incorporation, self-propelled broadcast sprayer, soybeans; at farm"},"exchange":{"@type":"Exchange","internalId":5,"name":"operation of Broadcast sprayer; for growing soybeans; at farm; 125HP, 60 ft wide"}},{"@type":"ProcessLink","provider":{"@type":"Process","@id":"e2e74891-c64e-3159-b1a9-8134915ba5ba","name":"operation of Broadcast sprayer; for growing soybeans; at farm; 125HP, 60 ft wide"},"flow":{"@type":"Flow","@id":"2bb05543-7838-3ff5-ae46-aa1e3acee485","name":"operation of Broadcast sprayer; for growing soybeans; at farm; 125HP, 60 ft wide"},"process":{"@type":"Process","@id":"0a526bb2-3401-3c59-a9a0-b9898f4d671a","name":"apply pesticide; broadcast without incorporation, self-propelled sprayer, soybeans; at farm"},"exchange":{"@type":"Exchange","internalId":4,"name":"operation of Broadcast sprayer; for growing soybeans; at farm; 125HP, 60 ft wide"}},{"@type":"ProcessLink","provider":{"@type":"Process","@id":"a53380cb-bd99-35da-83be-a2b680582e51","name":"apply fertilizer; with incorporation, self-propelled broadcast sprayer, soybeans; at farm"},"flow":{"@type":"Flow","@id":"b550ccf3-c029-37aa-b5ef-b954f7fb96ba","name":"apply fertilizer; with incorporation, self-propelled broadcast sprayer, soybeans; at farm"},"process":{"@type":"Process","@id":"cb421abf-95c0-3d85-aba8-136963b7240a","name":"soybeans; at harvest; at farm; wet basis"},"exchange":{"@type":"Exchange","internalId":74,"name":"apply fertilizer; with incorporation, self-propelled broadcast sprayer, soybeans; at farm"}},{"@type":"ProcessLink","provider":{"@type":"Process","@id":"c10de522-61ee-3608-9e44-82b0eed8496b","name":"apply fertilizer; without incorporation, self-propelled broadcast sprayer, soybeans; at farm"},"flow":{"@type":"Flow","@id":"b929ab01-3fba-3170-8f14-17e88d8bd3f1","name":"apply fertilizer; without incorporation, self-propelled broadcast sprayer, soybeans; at farm"},"process":{"@type":"Process","@id":"cb421abf-95c0-3d85-aba8-136963b7240a","name":"soybeans; at harvest; at farm; wet basis"},"exchange":{"@type":"Exchange","internalId":133,"name":"apply fertilizer; without incorporation, self-propelled broadcast sprayer, soybeans; at farm"}},{"@type":"ProcessLink","provider":{"@type":"Process","@id":"b9ef481a-64f9-3f5a-8e00-2de274e1fc85","name":"apply fertilizer; no broadcast, directed sprayer, soybeans; at farm"},"flow":{"@type":"Flow","@id":"bb094028-2b0f-389f-aaf9-3070161f7447","name":"apply fertilizer; no broadcast, directed sprayer, soybeans; at farm"},"process":{"@type":"Process","@id":"cb421abf-95c0-3d85-aba8-136963b7240a","name":"soybeans; at harvest; at farm; wet basis"},"exchange":{"@type":"Exchange","internalId":296,"name":"apply fertilizer; no broadcast, directed sprayer, soybeans; at farm"}},{"@type":"ProcessLink","provider":{"@type":"Process","@id":"c2da6ede-1508-3a1e-aa6f-16206181b825","name":"apply pesticide; broadcast with incorporation, drawn sprayer, soybeans; at farm"},"flow":{"@type":"Flow","@id":"671eba67-fd48-37d2-ab51-d51cb179a296","name":"apply pesticide; broadcast with incorporation, drawn sprayer, soybeans; at farm"},"process":{"@type":"Process","@id":"cb421abf-95c0-3d85-aba8-136963b7240a","name":"soybeans; at harvest; at farm; wet basis"},"exchange":{"@type":"Exchange","internalId":341,"name":"apply pesticide; broadcast with incorporation, drawn sprayer, soybeans; at farm"}},{"@type":"ProcessLink","provider":{"@type":"Process","@id":"cdc04976-fe15-3044-9dc7-2ef81a12ba69","name":"operation of Header-Soybean; operated without a cart, for harvesting soybeans; at farm; 265HP tractor, 22 ft wide"},"flow":{"@type":"Flow","@id":"66a122b7-c6d8-3b98-a650-bf986e375616","name":"operation of Header-Soybean; operated without a cart, for harvesting soybeans; at farm; 265HP tractor, 22 ft wide"},"process":{"@type":"Process","@id":"61caa6ff-b0a8-309b-a0d8-08a83546661a","name":"harvest; soybean header, soybeans; at farm"},"exchange":{"@type":"Exchange","internalId":2,"name":"operation of Header-Soybean; operated without a cart, for harvesting soybeans; at farm; 265HP tractor, 22 ft wide"}},{"@type":"ProcessLink","provider":{"@type":"Process","@id":"0a526bb2-3401-3c59-a9a0-b9898f4d671a","name":"apply pesticide; broadcast without incorporation, self-propelled sprayer, soybeans; at farm"},"flow":{"@type":"Flow","@id":"983aeb55-e8cb-3c88-a3d6-a16a1d8f56b8","name":"apply pesticide; broadcast without incorporation, self-propelled sprayer, soybeans; at farm"},"process":{"@type":"Process","@id":"cb421abf-95c0-3d85-aba8-136963b7240a","name":"soybeans; at harvest; at farm; wet basis"},"exchange":{"@type":"Exchange","internalId":273,"name":"apply pesticide; broadcast without incorporation, self-propelled sprayer, soybeans; at farm"}},{"@type":"ProcessLink","provider":{"@type":"Process","@id":"debeb874-d112-39e6-ae5c-a23a79b9641c","name":"operation of Broadcast sprayer; for growing soybeans; at farm; 60HP tractor, 37 ft wide"},"flow":{"@type":"Flow","@id":"3be49de8-cb4b-324c-bf0b-b8affc4dcee2","name":"operation of Broadcast sprayer; for growing soybeans; at farm; 60HP tractor, 37 ft wide"},"process":{"@type":"Process","@id":"0b4995b4-455d-354d-806a-a41f18aa7e2a","name":"apply fertilizer; with incorporation, drawn broadcast sprayer, soybeans; at farm"},"exchange":{"@type":"Exchange","internalId":5,"name":"operation of Broadcast sprayer; for growing soybeans; at farm; 60HP tractor, 37 ft wide"}},{"@type":"ProcessLink","provider":{"@type":"Process","@id":"debeb874-d112-39e6-ae5c-a23a79b9641c","name":"operation of Broadcast sprayer; for growing soybeans; at farm; 60HP tractor, 37 ft wide"},"flow":{"@type":"Flow","@id":"3be49de8-cb4b-324c-bf0b-b8affc4dcee2","name":"operation of Broadcast sprayer; for growing soybeans; at farm; 60HP tractor, 37 ft wide"},"process":{"@type":"Process","@id":"9514c9dd-50c0-3724-b632-df3d75297d42","name":"apply pesticide; broadcast without incorporation, drawn sprayer, soybeans; at farm"},"exchange":{"@type":"Exchange","internalId":4,"name":"operation of Broadcast sprayer; for growing soybeans; at farm; 60HP tractor, 37 ft wide"}},{"@type":"ProcessLink","provider":{"@type":"Process","@id":"debeb874-d112-39e6-ae5c-a23a79b9641c","name":"operation of Broadcast sprayer; for growing soybeans; at farm; 60HP tractor, 37 ft wide"},"flow":{"@type":"Flow","@id":"3be49de8-cb4b-324c-bf0b-b8affc4dcee2","name":"operation of Broadcast sprayer; for growing soybeans; at farm; 60HP tractor, 37 ft wide"},"process":{"@type":"Process","@id":"0beae123-0e20-3ec8-a135-f76380ea15a2","name":"apply fertilizer; without incorporation, drawn broadcast sprayer, soybeans; at farm"},"exchange":{"@type":"Exchange","internalId":4,"name":"operation of Broadcast sprayer; for growing soybeans; at farm; 60HP tractor, 37 ft wide"}},{"@type":"ProcessLink","provider":{"@type":"Process","@id":"debeb874-d112-39e6-ae5c-a23a79b9641c","name":"operation of Broadcast sprayer; for growing soybeans; at farm; 60HP tractor, 37 ft wide"},"flow":{"@type":"Flow","@id":"3be49de8-cb4b-324c-bf0b-b8affc4dcee2","name":"operation of Broadcast sprayer; for growing soybeans; at farm; 60HP tractor, 37 ft wide"},"process":{"@type":"Process","@id":"c2da6ede-1508-3a1e-aa6f-16206181b825","name":"apply pesticide; broadcast with incorporation, drawn sprayer, soybeans; at farm"},"exchange":{"@type":"Exchange","internalId":2,"name":"operation of Broadcast sprayer; for growing soybeans; at farm; 60HP tractor, 37 ft wide"}},{"@type":"ProcessLink","provider":{"@type":"Process","@id":"dacc8afe-abd7-3711-8565-ffa44ddf6e8f","name":"harvest; self-propelled forage harvester, soybean residue; at farm"},"flow":{"@type":"Flow","@id":"a5177ecb-ab4d-35d6-9e04-3523e295fd40","name":"harvest; self-propelled forage harvester, soybean residue; at farm"},"process":{"@type":"Process","@id":"cb421abf-95c0-3d85-aba8-136963b7240a","name":"soybeans; at harvest; at farm; wet basis"},"exchange":{"@type":"Exchange","internalId":738,"name":"harvest; self-propelled forage harvester, soybean residue; at farm"}},{"@type":"ProcessLink","provider":{"@type":"Process","@id":"0d58c105-0b26-3958-9a43-eff6a68ec78b","name":"operation of Tandem disk (Disk, tandem secondary op.); for growing soybeans; at farm; 75HP tractor, 11 ft wide"},"flow":{"@type":"Flow","@id":"0284a908-f2eb-33ca-b878-8cba5ca5ae32","name":"operation of Tandem disk (Disk, tandem secondary op.); for growing soybeans; at farm; 75HP tractor, 11 ft wide"},"process":{"@type":"Process","@id":"be58c488-8639-3a9b-acac-98277e78b7f5","name":"apply liming materials; spreader and tandem disks, soybeans; at farm"},"exchange":{"@type":"Exchange","internalId":10,"name":"operation of Tandem disk (Disk, tandem secondary op.); for growing soybeans; at farm; 75HP tractor, 11 ft wide"}},{"@type":"ProcessLink","provider":{"@type":"Process","@id":"330e4a12-15d4-36a8-89e8-a0c8efbcd762","name":"operation of Header-Soybean; operated with a cart, for harvesting soybeans; at farm; 265HP tractor, 22 ft wide"},"flow":{"@type":"Flow","@id":"d0e763bb-5fd3-3bc4-90b1-00a0a8630c71","name":"operation of Header-Soybean; operated with a cart, for harvesting soybeans; at farm; 265HP tractor, 22 ft wide"},"process":{"@type":"Process","@id":"8a1bc9b1-15fe-3404-b760-d864405c6918","name":"harvest; soybean header with cart, soybeans; at farm"},"exchange":{"@type":"Exchange","internalId":4,"name":"operation of Header-Soybean; operated with a cart, for harvesting soybeans; at farm; 265HP tractor, 22 ft wide"}},{"@type":"ProcessLink","provider":{"@type":"Process","@id":"d3565394-501c-3e78-be6d-ccbc3c7fe002","name":"operation of Combine w/ soybean head; operated without a cart, for harvesting soybeans; at farm; 220HP, 15 ft wide"},"flow":{"@type":"Flow","@id":"28d23bff-d34b-3a97-9a3b-66e763750466","name":"operation of Combine w/ soybean head; operated without a cart, for harvesting soybeans; at farm; 220HP, 15 ft wide"},"process":{"@type":"Process","@id":"3502cf86-9b9b-3283-a929-1cef5f839ed6","name":"harvest; combine, soybeans; at farm"},"exchange":{"@type":"Exchange","internalId":4,"name":"operation of Combine w/ soybean head; operated without a cart, for harvesting soybeans; at farm; 220HP, 15 ft wide"}},{"@type":"ProcessLink","provider":{"@type":"Process","@id":"ddc3f0c5-ef78-3bde-bafa-5f6a4aabd936","name":"operation of Dry spreader; for growing soybeans; at farm; 190HP tractor, 31 ft wide"},"flow":{"@type":"Flow","@id":"cf672930-cade-3975-a2a6-287256ac10c2","name":"operation of Dry spreader; for growing soybeans; at farm; 190HP tractor, 31 ft wide"},"process":{"@type":"Process","@id":"0d414b90-d35b-3892-83a6-795fe6bda2b0","name":"apply fertilizer; without incorporation, fertilizer spreader, soybeans; at farm"},"exchange":{"@type":"Exchange","internalId":3,"name":"operation of Dry spreader; for growing soybeans; at farm; 190HP tractor, 31 ft wide"}},{"@type":"ProcessLink","provider":{"@type":"Process","@id":"ddc3f0c5-ef78-3bde-bafa-5f6a4aabd936","name":"operation of Dry spreader; for growing soybeans; at farm; 190HP tractor, 31 ft wide"},"flow":{"@type":"Flow","@id":"cf672930-cade-3975-a2a6-287256ac10c2","name":"operation of Dry spreader; for growing soybeans; at farm; 190HP tractor, 31 ft wide"},"process":{"@type":"Process","@id":"17bba1a2-b8bc-3d9d-9456-84dbf21c99a6","name":"apply fertilizer; with incorporation, fertilizer spreader, soybeans; at farm"},"exchange":{"@type":"Exchange","internalId":4,"name":"operation of Dry spreader; for growing soybeans; at farm; 190HP tractor, 31 ft wide"}},{"@type":"ProcessLink","provider":{"@type":"Process","@id":"ddc3f0c5-ef78-3bde-bafa-5f6a4aabd936","name":"operation of Dry spreader; for growing soybeans; at farm; 190HP tractor, 31 ft wide"},"flow":{"@type":"Flow","@id":"cf672930-cade-3975-a2a6-287256ac10c2","name":"operation of Dry spreader; for growing soybeans; at farm; 190HP tractor, 31 ft wide"},"process":{"@type":"Process","@id":"be58c488-8639-3a9b-acac-98277e78b7f5","name":"apply liming materials; spreader and tandem disks, soybeans; at farm"},"exchange":{"@type":"Exchange","internalId":7,"name":"operation of Dry spreader; for growing soybeans; at farm; 190HP tractor, 31 ft wide"}},{"@type":"ProcessLink","provider":{"@type":"Process","@id":"ddc3f0c5-ef78-3bde-bafa-5f6a4aabd936","name":"operation of Dry spreader; for growing soybeans; at farm; 190HP tractor, 31 ft wide"},"flow":{"@type":"Flow","@id":"cf672930-cade-3975-a2a6-287256ac10c2","name":"operation of Dry spreader; for growing soybeans; at farm; 190HP tractor, 31 ft wide"},"process":{"@type":"Process","@id":"78b20649-c543-3867-b7e1-90c3e63b1cd6","name":"apply liming materials; spreader and chisel plow, soybeans; at farm"},"exchange":{"@type":"Exchange","internalId":7,"name":"operation of Dry spreader; for growing soybeans; at farm; 190HP tractor, 31 ft wide"}},{"@type":"ProcessLink","provider":{"@type":"Process","@id":"0b4995b4-455d-354d-806a-a41f18aa7e2a","name":"apply fertilizer; with incorporation, drawn broadcast sprayer, soybeans; at farm"},"flow":{"@type":"Flow","@id":"98bf1414-fb6d-3e9c-9bcf-76e2a7a6d50b","name":"apply fertilizer; with incorporation, drawn broadcast sprayer, soybeans; at farm"},"process":{"@type":"Process","@id":"cb421abf-95c0-3d85-aba8-136963b7240a","name":"soybeans; at harvest; at farm; wet basis"},"exchange":{"@type":"Exchange","internalId":512,"name":"apply fertilizer; with incorporation, drawn broadcast sprayer, soybeans; at farm"}},{"@type":"ProcessLink","provider":{"@type":"Process","@id":"849c0c19-a578-36fe-b05a-1bdfe9ccf780","name":"operation of Tandem disk (Disk, tandem secondary op.); for growing soybeans; at farm; 175HP tractor, 26 ft wide"},"flow":{"@type":"Flow","@id":"cc4e0105-4bdc-39a7-9558-5ef9a8eaa03a","name":"operation of Tandem disk (Disk, tandem secondary op.); for growing soybeans; at farm; 175HP tractor, 26 ft wide"},"process":{"@type":"Process","@id":"be58c488-8639-3a9b-acac-98277e78b7f5","name":"apply liming materials; spreader and tandem disks, soybeans; at farm"},"exchange":{"@type":"Exchange","internalId":4,"name":"operation of Tandem disk (Disk, tandem secondary op.); for growing soybeans; at farm; 175HP tractor, 26 ft wide"}},{"@type":"ProcessLink","provider":{"@type":"Process","@id":"142a9b52-ed19-3425-bd22-1c3544a33b98","name":"operation of Soybean grain cart; for harvesting soybeans; at farm; 190HP tractor, 500 bu"},"flow":{"@type":"Flow","@id":"82603f76-7576-34ff-9f6e-d3d4100fb5ad","name":"operation of Soybean grain cart; for harvesting soybeans; at farm; 190HP tractor, 500 bu"},"process":{"@type":"Process","@id":"8a1bc9b1-15fe-3404-b760-d864405c6918","name":"harvest; soybean header with cart, soybeans; at farm"},"exchange":{"@type":"Exchange","internalId":7,"name":"operation of Soybean grain cart; for harvesting soybeans; at farm; 190HP tractor, 500 bu"}},{"@type":"ProcessLink","provider":{"@type":"Process","@id":"142a9b52-ed19-3425-bd22-1c3544a33b98","name":"operation of Soybean grain cart; for harvesting soybeans; at farm; 190HP tractor, 500 bu"},"flow":{"@type":"Flow","@id":"82603f76-7576-34ff-9f6e-d3d4100fb5ad","name":"operation of Soybean grain cart; for harvesting soybeans; at farm; 190HP tractor, 500 bu"},"process":{"@type":"Process","@id":"a268c290-1c8a-3443-a94f-c8e5579cbb4d","name":"harvest; combine with cart, soybeans; at farm"},"exchange":{"@type":"Exchange","internalId":5,"name":"operation of Soybean grain cart; for harvesting soybeans; at farm; 190HP tractor, 500 bu"}},{"@type":"ProcessLink","provider":{"@type":"Process","@id":"0beae123-0e20-3ec8-a135-f76380ea15a2","name":"apply fertilizer; without incorporation, drawn broadcast sprayer, soybeans; at farm"},"flow":{"@type":"Flow","@id":"4018d613-a5e0-3293-b21f-6329f8c37a15","name":"apply fertilizer; without incorporation, drawn broadcast sprayer, soybeans; at farm"},"process":{"@type":"Process","@id":"cb421abf-95c0-3d85-aba8-136963b7240a","name":"soybeans; at harvest; at farm; wet basis"},"exchange":{"@type":"Exchange","internalId":109,"name":"apply fertilizer; without incorporation, drawn broadcast sprayer, soybeans; at farm"}},{"@type":"ProcessLink","provider":{"@type":"Process","@id":"3349c6fd-c15d-3466-a191-e13601165dd7","name":"apply fertilizer; no broadcast, spot sprayer, soybeans; at farm"},"flow":{"@type":"Flow","@id":"60d0b43c-01f6-3bbc-aa4c-824521dfa8a6","name":"apply fertilizer; no broadcast, spot sprayer, soybeans; at farm"},"process":{"@type":"Process","@id":"cb421abf-95c0-3d85-aba8-136963b7240a","name":"soybeans; at harvest; at farm; wet basis"},"exchange":{"@type":"Exchange","internalId":416,"name":"apply fertilizer; no broadcast, spot sprayer, soybeans; at farm"}},{"@type":"ProcessLink","provider":{"@type":"Process","@id":"5a945d02-e2ce-4698-895d-635cd88eb8eb","name":"work; combines for soybeans harvest, 2014 fleet, all fuels; 175-300HP"},"flow":{"@type":"Flow","@id":"dd3f7130-9e01-39ce-8706-571bd0d7ab78","name":"work; combines for soybeans harvest, 2014 fleet, all fuels; 175-300HP"},"process":{"@type":"Process","@id":"2b84fa05-1ee0-3846-9baf-ad6f1f2141b6","name":"operation of Combine w/ soybean head; operated with a cart, for harvesting soybeans; at farm; 275HP, 18 ft wide"},"exchange":{"@type":"Exchange","internalId":3,"name":"work; combines for soybeans harvest, 2014 fleet, all fuels; 175-300HP"}},{"@type":"ProcessLink","provider":{"@type":"Process","@id":"5a945d02-e2ce-4698-895d-635cd88eb8eb","name":"work; combines for soybeans harvest, 2014 fleet, all fuels; 175-300HP"},"flow":{"@type":"Flow","@id":"dd3f7130-9e01-39ce-8706-571bd0d7ab78","name":"work; combines for soybeans harvest, 2014 fleet, all fuels; 175-300HP"},"process":{"@type":"Process","@id":"e6032874-eacb-359f-a2c0-2faf67914c48","name":"operation of Combine w/ soybean head; operated without a cart, for harvesting soybeans; at farm; 275HP, 18 ft wide"},"exchange":{"@type":"Exchange","internalId":6,"name":"work; combines for soybeans harvest, 2014 fleet, all fuels; 175-300HP"}},{"@type":"ProcessLink","provider":{"@type":"Process","@id":"5a945d02-e2ce-4698-895d-635cd88eb8eb","name":"work; combines for soybeans harvest, 2014 fleet, all fuels; 175-300HP"},"flow":{"@type":"Flow","@id":"dd3f7130-9e01-39ce-8706-571bd0d7ab78","name":"work; combines for soybeans harvest, 2014 fleet, all fuels; 175-300HP"},"process":{"@type":"Process","@id":"d4302ada-ef23-32ad-b3a6-43adff22b6bd","name":"operation of Combine w/ soybean head; operated with a cart, for harvesting soybeans; at farm; 220HP, 15 ft wide"},"exchange":{"@type":"Exchange","internalId":5,"name":"work; combines for soybeans harvest, 2014 fleet, all fuels; 175-300HP"}},{"@type":"ProcessLink","provider":{"@type":"Process","@id":"5a945d02-e2ce-4698-895d-635cd88eb8eb","name":"work; combines for soybeans harvest, 2014 fleet, all fuels; 175-300HP"},"flow":{"@type":"Flow","@id":"dd3f7130-9e01-39ce-8706-571bd0d7ab78","name":"work; combines for soybeans harvest, 2014 fleet, all fuels; 175-300HP"},"process":{"@type":"Process","@id":"d3565394-501c-3e78-be6d-ccbc3c7fe002","name":"operation of Combine w/ soybean head; operated without a cart, for harvesting soybeans; at farm; 220HP, 15 ft wide"},"exchange":{"@type":"Exchange","internalId":5,"name":"work; combines for soybeans harvest, 2014 fleet, all fuels; 175-300HP"}},{"@type":"ProcessLink","provider":{"@type":"Process","@id":"ffe3927f-562f-3d52-83af-ae9f83186028","name":"operation of Broadcast sprayer; for growing soybeans; at farm; 170HP tractor, 55 ft wide"},"flow":{"@type":"Flow","@id":"859ae583-d069-3ae1-b6a5-a286150db635","name":"operation of Broadcast sprayer; for growing soybeans; at farm; 170HP tractor, 55 ft wide"},"process":{"@type":"Process","@id":"0b4995b4-455d-354d-806a-a41f18aa7e2a","name":"apply fertilizer; with incorporation, drawn broadcast sprayer, soybeans; at farm"},"exchange":{"@type":"Exchange","internalId":6,"name":"operation of Broadcast sprayer; for growing soybeans; at farm; 170HP tractor, 55 ft wide"}},{"@type":"ProcessLink","provider":{"@type":"Process","@id":"ffe3927f-562f-3d52-83af-ae9f83186028","name":"operation of Broadcast sprayer; for growing soybeans; at farm; 170HP tractor, 55 ft wide"},"flow":{"@type":"Flow","@id":"859ae583-d069-3ae1-b6a5-a286150db635","name":"operation of Broadcast sprayer; for growing soybeans; at farm; 170HP tractor, 55 ft wide"},"process":{"@type":"Process","@id":"9514c9dd-50c0-3724-b632-df3d75297d42","name":"apply pesticide; broadcast without incorporation, drawn sprayer, soybeans; at farm"},"exchange":{"@type":"Exchange","internalId":3,"name":"operation of Broadcast sprayer; for growing soybeans; at farm; 170HP tractor, 55 ft wide"}},{"@type":"ProcessLink","provider":{"@type":"Process","@id":"ffe3927f-562f-3d52-83af-ae9f83186028","name":"operation of Broadcast sprayer; for growing soybeans; at farm; 170HP tractor, 55 ft wide"},"flow":{"@type":"Flow","@id":"859ae583-d069-3ae1-b6a5-a286150db635","name":"operation of Broadcast sprayer; for growing soybeans; at farm; 170HP tractor, 55 ft wide"},"process":{"@type":"Process","@id":"0beae123-0e20-3ec8-a135-f76380ea15a2","name":"apply fertilizer; without incorporation, drawn broadcast sprayer, soybeans; at farm"},"exchange":{"@type":"Exchange","internalId":2,"name":"operation of Broadcast sprayer; for growing soybeans; at farm; 170HP tractor, 55 ft wide"}},{"@type":"ProcessLink","provider":{"@type":"Process","@id":"ffe3927f-562f-3d52-83af-ae9f83186028","name":"operation of Broadcast sprayer; for growing soybeans; at farm; 170HP tractor, 55 ft wide"},"flow":{"@type":"Flow","@id":"859ae583-d069-3ae1-b6a5-a286150db635","name":"operation of Broadcast sprayer; for growing soybeans; at farm; 170HP tractor, 55 ft wide"},"process":{"@type":"Process","@id":"c2da6ede-1508-3a1e-aa6f-16206181b825","name":"apply pesticide; broadcast with incorporation, drawn sprayer, soybeans; at farm"},"exchange":{"@type":"Exchange","internalId":3,"name":"operation of Broadcast sprayer; for growing soybeans; at farm; 170HP tractor, 55 ft wide"}},{"@type":"ProcessLink","provider":{"@type":"Process","@id":"e0e7ff74-599d-34df-b66a-9f2d0d4a3179","name":"operation of Header-Soybean; operated with a cart, for harvesting soybeans; at farm; 325HP tractor, 25 ft wide"},"flow":{"@type":"Flow","@id":"ece8e5c5-3cff-3d5b-8d26-bc58410f0291","name":"operation of Header-Soybean; operated with a cart, for harvesting soybeans; at farm; 325HP tractor, 25 ft wide"},"process":{"@type":"Process","@id":"8a1bc9b1-15fe-3404-b760-d864405c6918","name":"harvest; soybean header with cart, soybeans; at farm"},"exchange":{"@type":"Exchange","internalId":2,"name":"operation of Header-Soybean; operated with a cart, for harvesting soybeans; at farm; 325HP tractor, 25 ft wide"}},{"@type":"ProcessLink","provider":{"@type":"Process","@id":"9514c9dd-50c0-3724-b632-df3d75297d42","name":"apply pesticide; broadcast without incorporation, drawn sprayer, soybeans; at farm"},"flow":{"@type":"Flow","@id":"57c73ea4-5321-3d7d-a4ec-679bf42320e3","name":"apply pesticide; broadcast without incorporation, drawn sprayer, soybeans; at farm"},"process":{"@type":"Process","@id":"cb421abf-95c0-3d85-aba8-136963b7240a","name":"soybeans; at harvest; at farm; wet basis"},"exchange":{"@type":"Exchange","internalId":484,"name":"apply pesticide; broadcast without incorporation, drawn sprayer, soybeans; at farm"}},{"@type":"ProcessLink","provider":{"@type":"Process","@id":"9a02d30d-d274-3747-b090-887a2638811a","name":"harvest; drawn forage harvester, soybean residue; at farm"},"flow":{"@type":"Flow","@id":"6ddccbf9-714c-35be-b333-72f52b185593","name":"harvest; drawn forage harvester, soybean residue; at farm"},"process":{"@type":"Process","@id":"cb421abf-95c0-3d85-aba8-136963b7240a","name":"soybeans; at harvest; at farm; wet basis"},"exchange":{"@type":"Exchange","internalId":434,"name":"harvest; drawn forage harvester, soybean residue; at farm"}},{"@type":"ProcessLink","provider":{"@type":"Process","@id":"5c32058d-7ca0-a694-4368-f69292f2e41a","name":"work; ag. tractors for growing soybeans, 2014 fleet, all fuels; 50-100HP"},"flow":{"@type":"Flow","@id":"f25cd1d0-25e2-3f65-b4e7-fb32c2336b22","name":"work; ag. tractors for growing soybeans, 2014 fleet, all fuels; 50-100HP"},"process":{"@type":"Process","@id":"debeb874-d112-39e6-ae5c-a23a79b9641c","name":"operation of Broadcast sprayer; for growing soybeans; at farm; 60HP tractor, 37 ft wide"},"exchange":{"@type":"Exchange","internalId":5,"name":"work; ag. tractors for growing soybeans, 2014 fleet, all fuels; 50-100HP"}},{"@type":"ProcessLink","provider":{"@type":"Process","@id":"5c32058d-7ca0-a694-4368-f69292f2e41a","name":"work; ag. tractors for growing soybeans, 2014 fleet, all fuels; 50-100HP"},"flow":{"@type":"Flow","@id":"f25cd1d0-25e2-3f65-b4e7-fb32c2336b22","name":"work; ag. tractors for growing soybeans, 2014 fleet, all fuels; 50-100HP"},"process":{"@type":"Process","@id":"6d01fa15-275a-3490-b4ee-4a128cebc856","name":"operation of Tandem disk (Disk, tandem heavy primary op.); for growing soybeans; at farm; 90HP tractor, 11 ft wide"},"exchange":{"@type":"Exchange","internalId":4,"name":"work; ag. tractors for growing soybeans, 2014 fleet, all fuels; 50-100HP"}},{"@type":"ProcessLink","provider":{"@type":"Process","@id":"5c32058d-7ca0-a694-4368-f69292f2e41a","name":"work; ag. tractors for growing soybeans, 2014 fleet, all fuels; 50-100HP"},"flow":{"@type":"Flow","@id":"f25cd1d0-25e2-3f65-b4e7-fb32c2336b22","name":"work; ag. tractors for growing soybeans, 2014 fleet, all fuels; 50-100HP"},"process":{"@type":"Process","@id":"0d58c105-0b26-3958-9a43-eff6a68ec78b","name":"operation of Tandem disk (Disk, tandem secondary op.); for growing soybeans; at farm; 75HP tractor, 11 ft wide"},"exchange":{"@type":"Exchange","internalId":5,"name":"work; ag. tractors for growing soybeans, 2014 fleet, all fuels; 50-100HP"}},{"@type":"ProcessLink","provider":{"@type":"Process","@id":"6d01fa15-275a-3490-b4ee-4a128cebc856","name":"operation of Tandem disk (Disk, tandem heavy primary op.); for growing soybeans; at farm; 90HP tractor, 11 ft wide"},"flow":{"@type":"Flow","@id":"13818d64-77bc-32b3-a832-4da8ed4b814e","name":"operation of Tandem disk (Disk, tandem heavy primary op.); for growing soybeans; at farm; 90HP tractor, 11 ft wide"},"process":{"@type":"Process","@id":"be58c488-8639-3a9b-acac-98277e78b7f5","name":"apply liming materials; spreader and tandem disks, soybeans; at farm"},"exchange":{"@type":"Exchange","internalId":9,"name":"operation of Tandem disk (Disk, tandem heavy primary op.); for growing soybeans; at farm; 90HP tractor, 11 ft wide"}},{"@type":"ProcessLink","provider":{"@type":"Process","@id":"8a1bc9b1-15fe-3404-b760-d864405c6918","name":"harvest; soybean header with cart, soybeans; at farm"},"flow":{"@type":"Flow","@id":"d61c46df-1b2a-3b0a-b9e6-304e67dd04da","name":"harvest; soybean header with cart, soybeans; at farm"},"process":{"@type":"Process","@id":"cb421abf-95c0-3d85-aba8-136963b7240a","name":"soybeans; at harvest; at farm; wet basis"},"exchange":{"@type":"Exchange","internalId":444,"name":"harvest; soybean header with cart, soybeans; at farm"}},{"@type":"ProcessLink","provider":{"@type":"Process","@id":"9313213b-9156-3d6e-baa8-85fcde2dbeee","name":"operation of Chisel plow (Chisel, st. pt.); for growing soybeans; at farm; 155HP tractor, 20 ft wide"},"flow":{"@type":"Flow","@id":"6425031d-5297-39d9-8362-d2a53b353f6b","name":"operation of Chisel plow (Chisel, st. pt.); for growing soybeans; at farm; 155HP tractor, 20 ft wide"},"process":{"@type":"Process","@id":"0b4995b4-455d-354d-806a-a41f18aa7e2a","name":"apply fertilizer; with incorporation, drawn broadcast sprayer, soybeans; at farm"},"exchange":{"@type":"Exchange","internalId":3,"name":"operation of Chisel plow (Chisel, st. pt.); for growing soybeans; at farm; 155HP tractor, 20 ft wide"}},{"@type":"ProcessLink","provider":{"@type":"Process","@id":"9313213b-9156-3d6e-baa8-85fcde2dbeee","name":"operation of Chisel plow (Chisel, st. pt.); for growing soybeans; at farm; 155HP tractor, 20 ft wide"},"flow":{"@type":"Flow","@id":"6425031d-5297-39d9-8362-d2a53b353f6b","name":"operation of Chisel plow (Chisel, st. pt.); for growing soybeans; at farm; 155HP tractor, 20 ft wide"},"process":{"@type":"Process","@id":"d2555c90-56ba-30fa-831b-60013b8e8079","name":"apply pesticide; broadcast with incorporation, self-propelled sprayer, soybeans; at farm"},"exchange":{"@type":"Exchange","internalId":5,"name":"operation of Chisel plow (Chisel, st. pt.); for growing soybeans; at farm; 155HP tractor, 20 ft wide"}},{"@type":"ProcessLink","provider":{"@type":"Process","@id":"9313213b-9156-3d6e-baa8-85fcde2dbeee","name":"operation of Chisel plow (Chisel, st. pt.); for growing soybeans; at farm; 155HP tractor, 20 ft wide"},"flow":{"@type":"Flow","@id":"6425031d-5297-39d9-8362-d2a53b353f6b","name":"operation of Chisel plow (Chisel, st. pt.); for growing soybeans; at farm; 155HP tractor, 20 ft wide"},"process":{"@type":"Process","@id":"a53380cb-bd99-35da-83be-a2b680582e51","name":"apply fertilizer; with incorporation, self-propelled broadcast sprayer, soybeans; at farm"},"exchange":{"@type":"Exchange","internalId":4,"name":"operation of Chisel plow (Chisel, st. pt.); for growing soybeans; at farm; 155HP tractor, 20 ft wide"}},{"@type":"ProcessLink","provider":{"@type":"Process","@id":"9313213b-9156-3d6e-baa8-85fcde2dbeee","name":"operation of Chisel plow (Chisel, st. pt.); for growing soybeans; at farm; 155HP tractor, 20 ft wide"},"flow":{"@type":"Flow","@id":"6425031d-5297-39d9-8362-d2a53b353f6b","name":"operation of Chisel plow (Chisel, st. pt.); for growing soybeans; at farm; 155HP tractor, 20 ft wide"},"process":{"@type":"Process","@id":"17bba1a2-b8bc-3d9d-9456-84dbf21c99a6","name":"apply fertilizer; with incorporation, fertilizer spreader, soybeans; at farm"},"exchange":{"@type":"Exchange","internalId":2,"name":"operation of Chisel plow (Chisel, st. pt.); for growing soybeans; at farm; 155HP tractor, 20 ft wide"}},{"@type":"ProcessLink","provider":{"@type":"Process","@id":"9313213b-9156-3d6e-baa8-85fcde2dbeee","name":"operation of Chisel plow (Chisel, st. pt.); for growing soybeans; at farm; 155HP tractor, 20 ft wide"},"flow":{"@type":"Flow","@id":"6425031d-5297-39d9-8362-d2a53b353f6b","name":"operation of Chisel plow (Chisel, st. pt.); for growing soybeans; at farm; 155HP tractor, 20 ft wide"},"process":{"@type":"Process","@id":"78b20649-c543-3867-b7e1-90c3e63b1cd6","name":"apply liming materials; spreader and chisel plow, soybeans; at farm"},"exchange":{"@type":"Exchange","internalId":4,"name":"operation of Chisel plow (Chisel, st. pt.); for growing soybeans; at farm; 155HP tractor, 20 ft wide"}},{"@type":"ProcessLink","provider":{"@type":"Process","@id":"9313213b-9156-3d6e-baa8-85fcde2dbeee","name":"operation of Chisel plow (Chisel, st. pt.); for growing soybeans; at farm; 155HP tractor, 20 ft wide"},"flow":{"@type":"Flow","@id":"6425031d-5297-39d9-8362-d2a53b353f6b","name":"operation of Chisel plow (Chisel, st. pt.); for growing soybeans; at farm; 155HP tractor, 20 ft wide"},"process":{"@type":"Process","@id":"c2da6ede-1508-3a1e-aa6f-16206181b825","name":"apply pesticide; broadcast with incorporation, drawn sprayer, soybeans; at farm"},"exchange":{"@type":"Exchange","internalId":7,"name":"operation of Chisel plow (Chisel, st. pt.); for growing soybeans; at farm; 155HP tractor, 20 ft wide"}},{"@type":"ProcessLink","provider":{"@type":"Process","@id":"d6b601c8-761c-3c7a-a834-35a3c2d1ce47","name":"operation of Tandem disk (Disk, tandem secondary op.); for growing soybeans; at farm; 120HP tractor, 15 ft wide"},"flow":{"@type":"Flow","@id":"448c3bd4-af2e-3a98-a958-bde01372182c","name":"operation of Tandem disk (Disk, tandem secondary op.); for growing soybeans; at farm; 120HP tractor, 15 ft wide"},"process":{"@type":"Process","@id":"be58c488-8639-3a9b-acac-98277e78b7f5","name":"apply liming materials; spreader and tandem disks, soybeans; at farm"},"exchange":{"@type":"Exchange","internalId":2,"name":"operation of Tandem disk (Disk, tandem secondary op.); for growing soybeans; at farm; 120HP tractor, 15 ft wide"}},{"@type":"ProcessLink","provider":{"@type":"Process","@id":"93012ec9-f25b-3ce8-94f9-5230facb0c13","name":"operation of Soybean grain cart; for harvesting soybeans; at farm; 190HP tractor, 700 bu"},"flow":{"@type":"Flow","@id":"d0bab3cb-c270-3286-91fb-b16a016f4faa","name":"operation of Soybean grain cart; for harvesting soybeans; at farm; 190HP tractor, 700 bu"},"process":{"@type":"Process","@id":"8a1bc9b1-15fe-3404-b760-d864405c6918","name":"harvest; soybean header with cart, soybeans; at farm"},"exchange":{"@type":"Exchange","internalId":3,"name":"operation of Soybean grain cart; for harvesting soybeans; at farm; 190HP tractor, 700 bu"}},{"@type":"ProcessLink","provider":{"@type":"Process","@id":"93012ec9-f25b-3ce8-94f9-5230facb0c13","name":"operation of Soybean grain cart; for harvesting soybeans; at farm; 190HP tractor, 700 bu"},"flow":{"@type":"Flow","@id":"d0bab3cb-c270-3286-91fb-b16a016f4faa","name":"operation of Soybean grain cart; for harvesting soybeans; at farm; 190HP tractor, 700 bu"},"process":{"@type":"Process","@id":"a268c290-1c8a-3443-a94f-c8e5579cbb4d","name":"harvest; combine with cart, soybeans; at farm"},"exchange":{"@type":"Exchange","internalId":4,"name":"operation of Soybean grain cart; for harvesting soybeans; at farm; 190HP tractor, 700 bu"}},{"@type":"ProcessLink","provider":{"@type":"Process","@id":"ec12c6d1-fc56-9e16-a611-ccda4d230e2f","name":"work; ag. tractors for soybeans harvest, 2014 fleet, all fuels; 50-100HP"},"flow":{"@type":"Flow","@id":"40e8c075-6d0a-309d-95f9-d026869016b2","name":"work; ag. tractors for soybeans harvest, 2014 fleet, all fuels; 50-100HP"},"process":{"@type":"Process","@id":"33d47ae5-86ff-391c-9ea2-bd166faaae0a","name":"operation of Forage harvester; for harvesting soybeans; at farm; 100HP tractor, 6 ft wide"},"exchange":{"@type":"Exchange","internalId":2,"name":"work; ag. tractors for soybeans harvest, 2014 fleet, all fuels; 50-100HP"}},{"@type":"ProcessLink","provider":{"@type":"Process","@id":"e178fdba-3b8c-36d1-8f72-43dd59c1dfe7","name":"operation of Directed sprayer; for growing soybeans; at farm; 170HP tractor, R8-15"},"flow":{"@type":"Flow","@id":"9d3042e4-0fb9-3267-82bd-27f45040814c","name":"operation of Directed sprayer; for growing soybeans; at farm; 170HP tractor, R8-15"},"process":{"@type":"Process","@id":"b9ef481a-64f9-3f5a-8e00-2de274e1fc85","name":"apply fertilizer; no broadcast, directed sprayer, soybeans; at farm"},"exchange":{"@type":"Exchange","internalId":3,"name":"operation of Directed sprayer; for growing soybeans; at farm; 170HP tractor, R8-15"}},{"@type":"ProcessLink","provider":{"@type":"Process","@id":"e178fdba-3b8c-36d1-8f72-43dd59c1dfe7","name":"operation of Directed sprayer; for growing soybeans; at farm; 170HP tractor, R8-15"},"flow":{"@type":"Flow","@id":"9d3042e4-0fb9-3267-82bd-27f45040814c","name":"operation of Directed sprayer; for growing soybeans; at farm; 170HP tractor, R8-15"},"process":{"@type":"Process","@id":"73791133-cb76-31d0-b8a9-c53fdbf48b91","name":"apply pesticide; directed spray, soybeans; at farm"},"exchange":{"@type":"Exchange","internalId":2,"name":"operation of Directed sprayer; for growing soybeans; at farm; 170HP tractor, R8-15"}},{"@type":"ProcessLink","provider":{"@type":"Process","@id":"6ec199b6-1f42-3624-a790-54df5743ce48","name":"apply pesticide; foliar, soybeans; at farm"},"flow":{"@type":"Flow","@id":"9b58d4e4-aa2a-3f8b-b72d-7abdec699819","name":"apply pesticide; foliar, soybeans; at farm"},"process":{"@type":"Process","@id":"cb421abf-95c0-3d85-aba8-136963b7240a","name":"soybeans; at harvest; at farm; wet basis"},"exchange":{"@type":"Exchange","internalId":230,"name":"apply pesticide; foliar, soybeans; at farm"}},{"@type":"ProcessLink","provider":{"@type":"Process","@id":"61caa6ff-b0a8-309b-a0d8-08a83546661a","name":"harvest; soybean header, soybeans; at farm"},"flow":{"@type":"Flow","@id":"ec6ff770-7f8a-3c84-85a9-833cf13d50d1","name":"harvest; soybean header, soybeans; at farm"},"process":{"@type":"Process","@id":"cb421abf-95c0-3d85-aba8-136963b7240a","name":"soybeans; at harvest; at farm; wet basis"},"exchange":{"@type":"Exchange","internalId":522,"name":"harvest; soybean header, soybeans; at farm"}},{"@type":"ProcessLink","provider":{"@type":"Process","@id":"17ddb543-0ce6-36d3-a326-d2b8ffa6d9f2","name":"operation of Tandem disk (Disk, tandem heavy primary op.); for growing soybeans; at farm; 210HP tractor, 26 ft wide"},"flow":{"@type":"Flow","@id":"57317b79-c070-3127-b0cb-9e170baf52e4","name":"operation of Tandem disk (Disk, tandem heavy primary op.); for growing soybeans; at farm; 210HP tractor, 26 ft wide"},"process":{"@type":"Process","@id":"be58c488-8639-3a9b-acac-98277e78b7f5","name":"apply liming materials; spreader and tandem disks, soybeans; at farm"},"exchange":{"@type":"Exchange","internalId":6,"name":"operation of Tandem disk (Disk, tandem heavy primary op.); for growing soybeans; at farm; 210HP tractor, 26 ft wide"}},{"@type":"ProcessLink","provider":{"@type":"Process","@id":"046d5444-67b8-39c8-8955-370558933dd7","name":"operation of Harvester w/ pickup head (Forage harvester); for harvesting soybeans; at farm; 315HP, 12 ft wide"},"flow":{"@type":"Flow","@id":"adc251b7-9c7e-318f-8632-0c8181d276c2","name":"operation of Harvester w/ pickup head (Forage harvester); for harvesting soybeans; at farm; 315HP, 12 ft wide"},"process":{"@type":"Process","@id":"dacc8afe-abd7-3711-8565-ffa44ddf6e8f","name":"harvest; self-propelled forage harvester, soybean residue; at farm"},"exchange":{"@type":"Exchange","internalId":4,"name":"operation of Harvester w/ pickup head (Forage harvester); for harvesting soybeans; at farm; 315HP, 12 ft wide"}},{"@type":"ProcessLink","provider":{"@type":"Process","@id":"c37d5501-0e02-8ed4-b9ad-24688f74dd6d","name":"work; other ag. equip. for soybeans harvest, 2014 fleet, all fuels; 300-600HP"},"flow":{"@type":"Flow","@id":"a2bfbfcd-e528-342a-8021-e26b89804187","name":"work; other ag. equip. for soybeans harvest, 2014 fleet, all fuels; 300-600HP"},"process":{"@type":"Process","@id":"046d5444-67b8-39c8-8955-370558933dd7","name":"operation of Harvester w/ pickup head (Forage harvester); for harvesting soybeans; at farm; 315HP, 12 ft wide"},"exchange":{"@type":"Exchange","internalId":3,"name":"work; other ag. equip. for soybeans harvest, 2014 fleet, all fuels; 300-600HP"}},{"@type":"ProcessLink","provider":{"@type":"Process","@id":"7aca15b0-8918-37c4-87ca-ee208827d815","name":"operation of Chisel plow (Chisel, st. pt.); for growing soybeans; at farm; 310HP tractor, 36 ft wide"},"flow":{"@type":"Flow","@id":"c6b7571c-c124-3a63-aea0-e87c116df393","name":"operation of Chisel plow (Chisel, st. pt.); for growing soybeans; at farm; 310HP tractor, 36 ft wide"},"process":{"@type":"Process","@id":"0b4995b4-455d-354d-806a-a41f18aa7e2a","name":"apply fertilizer; with incorporation, drawn broadcast sprayer, soybeans; at farm"},"exchange":{"@type":"Exchange","internalId":2,"name":"operation of Chisel plow (Chisel, st. pt.); for growing soybeans; at farm; 310HP tractor, 36 ft wide"}},{"@type":"ProcessLink","provider":{"@type":"Process","@id":"7aca15b0-8918-37c4-87ca-ee208827d815","name":"operation of Chisel plow (Chisel, st. pt.); for growing soybeans; at farm; 310HP tractor, 36 ft wide"},"flow":{"@type":"Flow","@id":"c6b7571c-c124-3a63-aea0-e87c116df393","name":"operation of Chisel plow (Chisel, st. pt.); for growing soybeans; at farm; 310HP tractor, 36 ft wide"},"process":{"@type":"Process","@id":"d2555c90-56ba-30fa-831b-60013b8e8079","name":"apply pesticide; broadcast with incorporation, self-propelled sprayer, soybeans; at farm"},"exchange":{"@type":"Exchange","internalId":4,"name":"operation of Chisel plow (Chisel, st. pt.); for growing soybeans; at farm; 310HP tractor, 36 ft wide"}},{"@type":"ProcessLink","provider":{"@type":"Process","@id":"7aca15b0-8918-37c4-87ca-ee208827d815","name":"operation of Chisel plow (Chisel, st. pt.); for growing soybeans; at farm; 310HP tractor, 36 ft wide"},"flow":{"@type":"Flow","@id":"c6b7571c-c124-3a63-aea0-e87c116df393","name":"operation of Chisel plow (Chisel, st. pt.); for growing soybeans; at farm; 310HP tractor, 36 ft wide"},"process":{"@type":"Process","@id":"a53380cb-bd99-35da-83be-a2b680582e51","name":"apply fertilizer; with incorporation, self-propelled broadcast sprayer, soybeans; at farm"},"exchange":{"@type":"Exchange","internalId":6,"name":"operation of Chisel plow (Chisel, st. pt.); for growing soybeans; at farm; 310HP tractor, 36 ft wide"}},{"@type":"ProcessLink","provider":{"@type":"Process","@id":"7aca15b0-8918-37c4-87ca-ee208827d815","name":"operation of Chisel plow (Chisel, st. pt.); for growing soybeans; at farm; 310HP tractor, 36 ft wide"},"flow":{"@type":"Flow","@id":"c6b7571c-c124-3a63-aea0-e87c116df393","name":"operation of Chisel plow (Chisel, st. pt.); for growing soybeans; at farm; 310HP tractor, 36 ft wide"},"process":{"@type":"Process","@id":"17bba1a2-b8bc-3d9d-9456-84dbf21c99a6","name":"apply fertilizer; with incorporation, fertilizer spreader, soybeans; at farm"},"exchange":{"@type":"Exchange","internalId":7,"name":"operation of Chisel plow (Chisel, st. pt.); for growing soybeans; at farm; 310HP tractor, 36 ft wide"}},{"@type":"ProcessLink","provider":{"@type":"Process","@id":"7aca15b0-8918-37c4-87ca-ee208827d815","name":"operation of Chisel plow (Chisel, st. pt.); for growing soybeans; at farm; 310HP tractor, 36 ft wide"},"flow":{"@type":"Flow","@id":"c6b7571c-c124-3a63-aea0-e87c116df393","name":"operation of Chisel plow (Chisel, st. pt.); for growing soybeans; at farm; 310HP tractor, 36 ft wide"},"process":{"@type":"Process","@id":"78b20649-c543-3867-b7e1-90c3e63b1cd6","name":"apply liming materials; spreader and chisel plow, soybeans; at farm"},"exchange":{"@type":"Exchange","internalId":2,"name":"operation of Chisel plow (Chisel, st. pt.); for growing soybeans; at farm; 310HP tractor, 36 ft wide"}},{"@type":"ProcessLink","provider":{"@type":"Process","@id":"7aca15b0-8918-37c4-87ca-ee208827d815","name":"operation of Chisel plow (Chisel, st. pt.); for growing soybeans; at farm; 310HP tractor, 36 ft wide"},"flow":{"@type":"Flow","@id":"c6b7571c-c124-3a63-aea0-e87c116df393","name":"operation of Chisel plow (Chisel, st. pt.); for growing soybeans; at farm; 310HP tractor, 36 ft wide"},"process":{"@type":"Process","@id":"c2da6ede-1508-3a1e-aa6f-16206181b825","name":"apply pesticide; broadcast with incorporation, drawn sprayer, soybeans; at farm"},"exchange":{"@type":"Exchange","internalId":6,"name":"operation of Chisel plow (Chisel, st. pt.); for growing soybeans; at farm; 310HP tractor, 36 ft wide"}},{"@type":"ProcessLink","provider":{"@type":"Process","@id":"32302354-eef8-2b35-1665-ede1231cc8fb","name":"work; ag. tractors for growing soybeans, 2014 fleet, all fuels; 100-175HP"},"flow":{"@type":"Flow","@id":"81ea7960-68c6-3896-94d4-67d52abe944a","name":"work; ag. tractors for growing soybeans, 2014 fleet, all fuels; 100-175HP"},"process":{"@type":"Process","@id":"c94c591f-e5b0-32a4-ae46-02991f0c29b2","name":"operation of Tandem disk (Disk, tandem heavy primary op.); for growing soybeans; at farm; 145HP tractor, 15 ft wide"},"exchange":{"@type":"Exchange","internalId":5,"name":"work; ag. tractors for growing soybeans, 2014 fleet, all fuels; 100-175HP"}},{"@type":"ProcessLink","provider":{"@type":"Process","@id":"32302354-eef8-2b35-1665-ede1231cc8fb","name":"work; ag. tractors for growing soybeans, 2014 fleet, all fuels; 100-175HP"},"flow":{"@type":"Flow","@id":"81ea7960-68c6-3896-94d4-67d52abe944a","name":"work; ag. tractors for growing soybeans, 2014 fleet, all fuels; 100-175HP"},"process":{"@type":"Process","@id":"d6b601c8-761c-3c7a-a834-35a3c2d1ce47","name":"operation of Tandem disk (Disk, tandem secondary op.); for growing soybeans; at farm; 120HP tractor, 15 ft wide"},"exchange":{"@type":"Exchange","internalId":5,"name":"work; ag. tractors for growing soybeans, 2014 fleet, all fuels; 100-175HP"}},{"@type":"ProcessLink","provider":{"@type":"Process","@id":"32302354-eef8-2b35-1665-ede1231cc8fb","name":"work; ag. tractors for growing soybeans, 2014 fleet, all fuels; 100-175HP"},"flow":{"@type":"Flow","@id":"81ea7960-68c6-3896-94d4-67d52abe944a","name":"work; ag. tractors for growing soybeans, 2014 fleet, all fuels; 100-175HP"},"process":{"@type":"Process","@id":"9313213b-9156-3d6e-baa8-85fcde2dbeee","name":"operation of Chisel plow (Chisel, st. pt.); for growing soybeans; at farm; 155HP tractor, 20 ft wide"},"exchange":{"@type":"Exchange","internalId":3,"name":"work; ag. tractors for growing soybeans, 2014 fleet, all fuels; 100-175HP"}},{"@type":"ProcessLink","provider":{"@type":"Process","@id":"32302354-eef8-2b35-1665-ede1231cc8fb","name":"work; ag. tractors for growing soybeans, 2014 fleet, all fuels; 100-175HP"},"flow":{"@type":"Flow","@id":"81ea7960-68c6-3896-94d4-67d52abe944a","name":"work; ag. tractors for growing soybeans, 2014 fleet, all fuels; 100-175HP"},"process":{"@type":"Process","@id":"849c0c19-a578-36fe-b05a-1bdfe9ccf780","name":"operation of Tandem disk (Disk, tandem secondary op.); for growing soybeans; at farm; 175HP tractor, 26 ft wide"},"exchange":{"@type":"Exchange","internalId":6,"name":"work; ag. tractors for growing soybeans, 2014 fleet, all fuels; 100-175HP"}},{"@type":"ProcessLink","provider":{"@type":"Process","@id":"32302354-eef8-2b35-1665-ede1231cc8fb","name":"work; ag. tractors for growing soybeans, 2014 fleet, all fuels; 100-175HP"},"flow":{"@type":"Flow","@id":"81ea7960-68c6-3896-94d4-67d52abe944a","name":"work; ag. tractors for growing soybeans, 2014 fleet, all fuels; 100-175HP"},"process":{"@type":"Process","@id":"e178fdba-3b8c-36d1-8f72-43dd59c1dfe7","name":"operation of Directed sprayer; for growing soybeans; at farm; 170HP tractor, R8-15"},"exchange":{"@type":"Exchange","internalId":4,"name":"work; ag. tractors for growing soybeans, 2014 fleet, all fuels; 100-175HP"}},{"@type":"ProcessLink","provider":{"@type":"Process","@id":"32302354-eef8-2b35-1665-ede1231cc8fb","name":"work; ag. tractors for growing soybeans, 2014 fleet, all fuels; 100-175HP"},"flow":{"@type":"Flow","@id":"81ea7960-68c6-3896-94d4-67d52abe944a","name":"work; ag. tractors for growing soybeans, 2014 fleet, all fuels; 100-175HP"},"process":{"@type":"Process","@id":"8b6025ba-95e1-3e4c-9330-f1eebfaa704a","name":"operation of Spot sprayer; for growing soybeans; at farm; 170HP tractor, 40 ft wide"},"exchange":{"@type":"Exchange","internalId":2,"name":"work; ag. tractors for growing soybeans, 2014 fleet, all fuels; 100-175HP"}},{"@type":"ProcessLink","provider":{"@type":"Process","@id":"32302354-eef8-2b35-1665-ede1231cc8fb","name":"work; ag. tractors for growing soybeans, 2014 fleet, all fuels; 100-175HP"},"flow":{"@type":"Flow","@id":"81ea7960-68c6-3896-94d4-67d52abe944a","name":"work; ag. tractors for growing soybeans, 2014 fleet, all fuels; 100-175HP"},"process":{"@type":"Process","@id":"3c42c48f-5e30-33bb-856e-1a9b2c794c13","name":"operation of Broadcast sprayer; for growing soybeans; at farm; 150HP tractor, 51 ft wide"},"exchange":{"@type":"Exchange","internalId":2,"name":"work; ag. tractors for growing soybeans, 2014 fleet, all fuels; 100-175HP"}},{"@type":"ProcessLink","provider":{"@type":"Process","@id":"32302354-eef8-2b35-1665-ede1231cc8fb","name":"work; ag. tractors for growing soybeans, 2014 fleet, all fuels; 100-175HP"},"flow":{"@type":"Flow","@id":"81ea7960-68c6-3896-94d4-67d52abe944a","name":"work; ag. tractors for growing soybeans, 2014 fleet, all fuels; 100-175HP"},"process":{"@type":"Process","@id":"ffe3927f-562f-3d52-83af-ae9f83186028","name":"operation of Broadcast sprayer; for growing soybeans; at farm; 170HP tractor, 55 ft wide"},"exchange":{"@type":"Exchange","internalId":3,"name":"work; ag. tractors for growing soybeans, 2014 fleet, all fuels; 100-175HP"}},{"@type":"ProcessLink","provider":{"@type":"Process","@id":"32302354-eef8-2b35-1665-ede1231cc8fb","name":"work; ag. tractors for growing soybeans, 2014 fleet, all fuels; 100-175HP"},"flow":{"@type":"Flow","@id":"81ea7960-68c6-3896-94d4-67d52abe944a","name":"work; ag. tractors for growing soybeans, 2014 fleet, all fuels; 100-175HP"},"process":{"@type":"Process","@id":"4cfc50e8-0c9f-3be6-ac90-ffe8daf01ccc","name":"operation of Band sprayer; for growing soybeans; at farm; 170HP tractor, 50 ft wide"},"exchange":{"@type":"Exchange","internalId":5,"name":"work; ag. tractors for growing soybeans, 2014 fleet, all fuels; 100-175HP"}},{"@type":"ProcessLink","provider":{"@type":"Process","@id":"a268c290-1c8a-3443-a94f-c8e5579cbb4d","name":"harvest; combine with cart, soybeans; at farm"},"flow":{"@type":"Flow","@id":"3a7c2190-9235-3a9d-8715-9dbebbbd900d","name":"harvest; combine with cart, soybeans; at farm"},"process":{"@type":"Process","@id":"cb421abf-95c0-3d85-aba8-136963b7240a","name":"soybeans; at harvest; at farm; wet basis"},"exchange":{"@type":"Exchange","internalId":201,"name":"harvest; combine with cart, soybeans; at farm"}},{"@type":"ProcessLink","provider":{"@type":"Process","@id":"2b84fa05-1ee0-3846-9baf-ad6f1f2141b6","name":"operation of Combine w/ soybean head; operated with a cart, for harvesting soybeans; at farm; 275HP, 18 ft wide"},"flow":{"@type":"Flow","@id":"2db679c8-b4b0-36b5-a44f-6f954753949c","name":"operation of Combine w/ soybean head; operated with a cart, for harvesting soybeans; at farm; 275HP, 18 ft wide"},"process":{"@type":"Process","@id":"a268c290-1c8a-3443-a94f-c8e5579cbb4d","name":"harvest; combine with cart, soybeans; at farm"},"exchange":{"@type":"Exchange","internalId":6,"name":"operation of Combine w/ soybean head; operated with a cart, for harvesting soybeans; at farm; 275HP, 18 ft wide"}},{"@type":"ProcessLink","provider":{"@type":"Process","@id":"f580617b-7fb5-3f52-abf3-87e996137b95","name":"apply fertilizer; no broadcast, band sprayer, soybeans; at farm"},"flow":{"@type":"Flow","@id":"466415fd-020b-34a7-b934-8b4533480248","name":"apply fertilizer; no broadcast, band sprayer, soybeans; at farm"},"process":{"@type":"Process","@id":"cb421abf-95c0-3d85-aba8-136963b7240a","name":"soybeans; at harvest; at farm; wet basis"},"exchange":{"@type":"Exchange","internalId":19,"name":"apply fertilizer; no broadcast, band sprayer, soybeans; at farm"}},{"@type":"ProcessLink","provider":{"@type":"Process","@id":"d4302ada-ef23-32ad-b3a6-43adff22b6bd","name":"operation of Combine w/ soybean head; operated with a cart, for harvesting soybeans; at farm; 220HP, 15 ft wide"},"flow":{"@type":"Flow","@id":"1f942989-1bd8-3021-96fe-3b12de531cd2","name":"operation of Combine w/ soybean head; operated with a cart, for harvesting soybeans; at farm; 220HP, 15 ft wide"},"process":{"@type":"Process","@id":"a268c290-1c8a-3443-a94f-c8e5579cbb4d","name":"harvest; combine with cart, soybeans; at farm"},"exchange":{"@type":"Exchange","internalId":2,"name":"operation of Combine w/ soybean head; operated with a cart, for harvesting soybeans; at farm; 220HP, 15 ft wide"}},{"@type":"ProcessLink","provider":{"@type":"Process","@id":"fe66754b-bb3b-dd22-1d0a-6f5e26860af9","name":"work; ag. tractors for soybeans harvest, 2014 fleet, all fuels; 175-300HP"},"flow":{"@type":"Flow","@id":"07840bdb-7fa4-3cb2-b090-b4b8d3d0afb6","name":"work; ag. tractors for soybeans harvest, 2014 fleet, all fuels; 175-300HP"},"process":{"@type":"Process","@id":"93012ec9-f25b-3ce8-94f9-5230facb0c13","name":"operation of Soybean grain cart; for harvesting soybeans; at farm; 190HP tractor, 700 bu"},"exchange":{"@type":"Exchange","internalId":2,"name":"work; ag. tractors for soybeans harvest, 2014 fleet, all fuels; 175-300HP"}},{"@type":"ProcessLink","provider":{"@type":"Process","@id":"fe66754b-bb3b-dd22-1d0a-6f5e26860af9","name":"work; ag. tractors for soybeans harvest, 2014 fleet, all fuels; 175-300HP"},"flow":{"@type":"Flow","@id":"07840bdb-7fa4-3cb2-b090-b4b8d3d0afb6","name":"work; ag. tractors for soybeans harvest, 2014 fleet, all fuels; 175-300HP"},"process":{"@type":"Process","@id":"330e4a12-15d4-36a8-89e8-a0c8efbcd762","name":"operation of Header-Soybean; operated with a cart, for harvesting soybeans; at farm; 265HP tractor, 22 ft wide"},"exchange":{"@type":"Exchange","internalId":5,"name":"work; ag. tractors for soybeans harvest, 2014 fleet, all fuels; 175-300HP"}},{"@type":"ProcessLink","provider":{"@type":"Process","@id":"fe66754b-bb3b-dd22-1d0a-6f5e26860af9","name":"work; ag. tractors for soybeans harvest, 2014 fleet, all fuels; 175-300HP"},"flow":{"@type":"Flow","@id":"07840bdb-7fa4-3cb2-b090-b4b8d3d0afb6","name":"work; ag. tractors for soybeans harvest, 2014 fleet, all fuels; 175-300HP"},"process":{"@type":"Process","@id":"480daf17-b57b-3307-9f20-aed97b87141c","name":"operation of Soybean grain cart; for harvesting soybeans; at farm; 190HP tractor, 1000 bu"},"exchange":{"@type":"Exchange","internalId":6,"name":"work; ag. tractors for soybeans harvest, 2014 fleet, all fuels; 175-300HP"}},{"@type":"ProcessLink","provider":{"@type":"Process","@id":"fe66754b-bb3b-dd22-1d0a-6f5e26860af9","name":"work; ag. tractors for soybeans harvest, 2014 fleet, all fuels; 175-300HP"},"flow":{"@type":"Flow","@id":"07840bdb-7fa4-3cb2-b090-b4b8d3d0afb6","name":"work; ag. tractors for soybeans harvest, 2014 fleet, all fuels; 175-300HP"},"process":{"@type":"Process","@id":"142a9b52-ed19-3425-bd22-1c3544a33b98","name":"operation of Soybean grain cart; for harvesting soybeans; at farm; 190HP tractor, 500 bu"},"exchange":{"@type":"Exchange","internalId":3,"name":"work; ag. tractors for soybeans harvest, 2014 fleet, all fuels; 175-300HP"}},{"@type":"ProcessLink","provider":{"@type":"Process","@id":"fe66754b-bb3b-dd22-1d0a-6f5e26860af9","name":"work; ag. tractors for soybeans harvest, 2014 fleet, all fuels; 175-300HP"},"flow":{"@type":"Flow","@id":"07840bdb-7fa4-3cb2-b090-b4b8d3d0afb6","name":"work; ag. tractors for soybeans harvest, 2014 fleet, all fuels; 175-300HP"},"process":{"@type":"Process","@id":"cdc04976-fe15-3044-9dc7-2ef81a12ba69","name":"operation of Header-Soybean; operated without a cart, for harvesting soybeans; at farm; 265HP tractor, 22 ft wide"},"exchange":{"@type":"Exchange","internalId":6,"name":"work; ag. tractors for soybeans harvest, 2014 fleet, all fuels; 175-300HP"}},{"@type":"ProcessLink","provider":{"@type":"Process","@id":"3a80e751-06ca-3ab5-998b-7937235443da","name":"operation of Broadcast sprayer; for growing soybeans; at farm; 250HP, 90 ft wide"},"flow":{"@type":"Flow","@id":"1bdb7f29-9c2c-3e22-a9dd-c30cf62e7e37","name":"operation of Broadcast sprayer; for growing soybeans; at farm; 250HP, 90 ft wide"},"process":{"@type":"Process","@id":"c10de522-61ee-3608-9e44-82b0eed8496b","name":"apply fertilizer; without incorporation, self-propelled broadcast sprayer, soybeans; at farm"},"exchange":{"@type":"Exchange","internalId":3,"name":"operation of Broadcast sprayer; for growing soybeans; at farm; 250HP, 90 ft wide"}},{"@type":"ProcessLink","provider":{"@type":"Process","@id":"3a80e751-06ca-3ab5-998b-7937235443da","name":"operation of Broadcast sprayer; for growing soybeans; at farm; 250HP, 90 ft wide"},"flow":{"@type":"Flow","@id":"1bdb7f29-9c2c-3e22-a9dd-c30cf62e7e37","name":"operation of Broadcast sprayer; for growing soybeans; at farm; 250HP, 90 ft wide"},"process":{"@type":"Process","@id":"d2555c90-56ba-30fa-831b-60013b8e8079","name":"apply pesticide; broadcast with incorporation, self-propelled sprayer, soybeans; at farm"},"exchange":{"@type":"Exchange","internalId":6,"name":"operation of Broadcast sprayer; for growing soybeans; at farm; 250HP, 90 ft wide"}},{"@type":"ProcessLink","provider":{"@type":"Process","@id":"3a80e751-06ca-3ab5-998b-7937235443da","name":"operation of Broadcast sprayer; for growing soybeans; at farm; 250HP, 90 ft wide"},"flow":{"@type":"Flow","@id":"1bdb7f29-9c2c-3e22-a9dd-c30cf62e7e37","name":"operation of Broadcast sprayer; for growing soybeans; at farm; 250HP, 90 ft wide"},"process":{"@type":"Process","@id":"a53380cb-bd99-35da-83be-a2b680582e51","name":"apply fertilizer; with incorporation, self-propelled broadcast sprayer, soybeans; at farm"},"exchange":{"@type":"Exchange","internalId":2,"name":"operation of Broadcast sprayer; for growing soybeans; at farm; 250HP, 90 ft wide"}},{"@type":"ProcessLink","provider":{"@type":"Process","@id":"3a80e751-06ca-3ab5-998b-7937235443da","name":"operation of Broadcast sprayer; for growing soybeans; at farm; 250HP, 90 ft wide"},"flow":{"@type":"Flow","@id":"1bdb7f29-9c2c-3e22-a9dd-c30cf62e7e37","name":"operation of Broadcast sprayer; for growing soybeans; at farm; 250HP, 90 ft wide"},"process":{"@type":"Process","@id":"0a526bb2-3401-3c59-a9a0-b9898f4d671a","name":"apply pesticide; broadcast without incorporation, self-propelled sprayer, soybeans; at farm"},"exchange":{"@type":"Exchange","internalId":3,"name":"operation of Broadcast sprayer; for growing soybeans; at farm; 250HP, 90 ft wide"}},{"@type":"ProcessLink","provider":{"@type":"Process","@id":"a7007f47-7f7c-3800-bf5a-505408381207","name":"operation of Header-Soybean; operated without a cart, for harvesting soybeans; at farm; 325HP tractor, 25 ft wide"},"flow":{"@type":"Flow","@id":"ab2c620c-62eb-3645-81d7-2e5970e4cae1","name":"operation of Header-Soybean; operated without a cart, for harvesting soybeans; at farm; 325HP tractor, 25 ft wide"},"process":{"@type":"Process","@id":"61caa6ff-b0a8-309b-a0d8-08a83546661a","name":"harvest; soybean header, soybeans; at farm"},"exchange":{"@type":"Exchange","internalId":3,"name":"operation of Header-Soybean; operated without a cart, for harvesting soybeans; at farm; 325HP tractor, 25 ft wide"}},{"@type":"ProcessLink","provider":{"@type":"Process","@id":"47c0ad28-e711-a5c5-85e7-742b7cc51c26","name":"work; ag. tractors for soybeans harvest, 2014 fleet, all fuels; 300-600HP"},"flow":{"@type":"Flow","@id":"30df61f6-ed07-316b-9462-819055f880b8","name":"work; ag. tractors for soybeans harvest, 2014 fleet, all fuels; 300-600HP"},"process":{"@type":"Process","@id":"e0e7ff74-599d-34df-b66a-9f2d0d4a3179","name":"operation of Header-Soybean; operated with a cart, for harvesting soybeans; at farm; 325HP tractor, 25 ft wide"},"exchange":{"@type":"Exchange","internalId":2,"name":"work; ag. tractors for soybeans harvest, 2014 fleet, all fuels; 300-600HP"}},{"@type":"ProcessLink","provider":{"@type":"Process","@id":"47c0ad28-e711-a5c5-85e7-742b7cc51c26","name":"work; ag. tractors for soybeans harvest, 2014 fleet, all fuels; 300-600HP"},"flow":{"@type":"Flow","@id":"30df61f6-ed07-316b-9462-819055f880b8","name":"work; ag. tractors for soybeans harvest, 2014 fleet, all fuels; 300-600HP"},"process":{"@type":"Process","@id":"a7007f47-7f7c-3800-bf5a-505408381207","name":"operation of Header-Soybean; operated without a cart, for harvesting soybeans; at farm; 325HP tractor, 25 ft wide"},"exchange":{"@type":"Exchange","internalId":5,"name":"work; ag. tractors for soybeans harvest, 2014 fleet, all fuels; 300-600HP"}},{"@type":"ProcessLink","provider":{"@type":"Process","@id":"33d47ae5-86ff-391c-9ea2-bd166faaae0a","name":"operation of Forage harvester; for harvesting soybeans; at farm; 100HP tractor, 6 ft wide"},"flow":{"@type":"Flow","@id":"45381f63-7886-3d48-ac25-6b83680530fc","name":"operation of Forage harvester; for harvesting soybeans; at farm; 100HP tractor, 6 ft wide"},"process":{"@type":"Process","@id":"9a02d30d-d274-3747-b090-887a2638811a","name":"harvest; drawn forage harvester, soybean residue; at farm"},"exchange":{"@type":"Exchange","internalId":4,"name":"operation of Forage harvester; for harvesting soybeans; at farm; 100HP tractor, 6 ft wide"}},{"@type":"ProcessLink","provider":{"@type":"Process","@id":"c94c591f-e5b0-32a4-ae46-02991f0c29b2","name":"operation of Tandem disk (Disk, tandem heavy primary op.); for growing soybeans; at farm; 145HP tractor, 15 ft wide"},"flow":{"@type":"Flow","@id":"9976c173-b35f-3e6e-ab73-c7602dd464e7","name":"operation of Tandem disk (Disk, tandem heavy primary op.); for growing soybeans; at farm; 145HP tractor, 15 ft wide"},"process":{"@type":"Process","@id":"be58c488-8639-3a9b-acac-98277e78b7f5","name":"apply liming materials; spreader and tandem disks, soybeans; at farm"},"exchange":{"@type":"Exchange","internalId":5,"name":"operation of Tandem disk (Disk, tandem heavy primary op.); for growing soybeans; at farm; 145HP tractor, 15 ft wide"}},{"@type":"ProcessLink","provider":{"@type":"Process","@id":"6f97470b-d112-3a03-8030-3257a23797dd","name":"operation of Chisel plow (Chisel, st. pt.); for growing soybeans; at farm; 225HP tractor, 28 ft wide"},"flow":{"@type":"Flow","@id":"774bd216-9b3f-38c1-b18e-737a0ebd8d8d","name":"operation of Chisel plow (Chisel, st. pt.); for growing soybeans; at farm; 225HP tractor, 28 ft wide"},"process":{"@type":"Process","@id":"0b4995b4-455d-354d-806a-a41f18aa7e2a","name":"apply fertilizer; with incorporation, drawn broadcast sprayer, soybeans; at farm"},"exchange":{"@type":"Exchange","internalId":7,"name":"operation of Chisel plow (Chisel, st. pt.); for growing soybeans; at farm; 225HP tractor, 28 ft wide"}},{"@type":"ProcessLink","provider":{"@type":"Process","@id":"6f97470b-d112-3a03-8030-3257a23797dd","name":"operation of Chisel plow (Chisel, st. pt.); for growing soybeans; at farm; 225HP tractor, 28 ft wide"},"flow":{"@type":"Flow","@id":"774bd216-9b3f-38c1-b18e-737a0ebd8d8d","name":"operation of Chisel plow (Chisel, st. pt.); for growing soybeans; at farm; 225HP tractor, 28 ft wide"},"process":{"@type":"Process","@id":"d2555c90-56ba-30fa-831b-60013b8e8079","name":"apply pesticide; broadcast with incorporation, self-propelled sprayer, soybeans; at farm"},"exchange":{"@type":"Exchange","internalId":3,"name":"operation of Chisel plow (Chisel, st. pt.); for growing soybeans; at farm; 225HP tractor, 28 ft wide"}},{"@type":"ProcessLink","provider":{"@type":"Process","@id":"6f97470b-d112-3a03-8030-3257a23797dd","name":"operation of Chisel plow (Chisel, st. pt.); for growing soybeans; at farm; 225HP tractor, 28 ft wide"},"flow":{"@type":"Flow","@id":"774bd216-9b3f-38c1-b18e-737a0ebd8d8d","name":"operation of Chisel plow (Chisel, st. pt.); for growing soybeans; at farm; 225HP tractor, 28 ft wide"},"process":{"@type":"Process","@id":"a53380cb-bd99-35da-83be-a2b680582e51","name":"apply fertilizer; with incorporation, self-propelled broadcast sprayer, soybeans; at farm"},"exchange":{"@type":"Exchange","internalId":3,"name":"operation of Chisel plow (Chisel, st. pt.); for growing soybeans; at farm; 225HP tractor, 28 ft wide"}},{"@type":"ProcessLink","provider":{"@type":"Process","@id":"6f97470b-d112-3a03-8030-3257a23797dd","name":"operation of Chisel plow (Chisel, st. pt.); for growing soybeans; at farm; 225HP tractor, 28 ft wide"},"flow":{"@type":"Flow","@id":"774bd216-9b3f-38c1-b18e-737a0ebd8d8d","name":"operation of Chisel plow (Chisel, st. pt.); for growing soybeans; at farm; 225HP tractor, 28 ft wide"},"process":{"@type":"Process","@id":"17bba1a2-b8bc-3d9d-9456-84dbf21c99a6","name":"apply fertilizer; with incorporation, fertilizer spreader, soybeans; at farm"},"exchange":{"@type":"Exchange","internalId":3,"name":"operation of Chisel plow (Chisel, st. pt.); for growing soybeans; at farm; 225HP tractor, 28 ft wide"}},{"@type":"ProcessLink","provider":{"@type":"Process","@id":"6f97470b-d112-3a03-8030-3257a23797dd","name":"operation of Chisel plow (Chisel, st. pt.); for growing soybeans; at farm; 225HP tractor, 28 ft wide"},"flow":{"@type":"Flow","@id":"774bd216-9b3f-38c1-b18e-737a0ebd8d8d","name":"operation of Chisel plow (Chisel, st. pt.); for growing soybeans; at farm; 225HP tractor, 28 ft wide"},"process":{"@type":"Process","@id":"78b20649-c543-3867-b7e1-90c3e63b1cd6","name":"apply liming materials; spreader and chisel plow, soybeans; at farm"},"exchange":{"@type":"Exchange","internalId":5,"name":"operation of Chisel plow (Chisel, st. pt.); for growing soybeans; at farm; 225HP tractor, 28 ft wide"}},{"@type":"ProcessLink","provider":{"@type":"Process","@id":"6f97470b-d112-3a03-8030-3257a23797dd","name":"operation of Chisel plow (Chisel, st. pt.); for growing soybeans; at farm; 225HP tractor, 28 ft wide"},"flow":{"@type":"Flow","@id":"774bd216-9b3f-38c1-b18e-737a0ebd8d8d","name":"operation of Chisel plow (Chisel, st. pt.); for growing soybeans; at farm; 225HP tractor, 28 ft wide"},"process":{"@type":"Process","@id":"c2da6ede-1508-3a1e-aa6f-16206181b825","name":"apply pesticide; broadcast with incorporation, drawn sprayer, soybeans; at farm"},"exchange":{"@type":"Exchange","internalId":4,"name":"operation of Chisel plow (Chisel, st. pt.); for growing soybeans; at farm; 225HP tractor, 28 ft wide"}},{"@type":"ProcessLink","provider":{"@type":"Process","@id":"480daf17-b57b-3307-9f20-aed97b87141c","name":"operation of Soybean grain cart; for harvesting soybeans; at farm; 190HP tractor, 1000 bu"},"flow":{"@type":"Flow","@id":"0a25b2ce-f7a6-320d-b224-e9f6bc8f7e18","name":"operation of Soybean grain cart; for harvesting soybeans; at farm; 190HP tractor, 1000 bu"},"process":{"@type":"Process","@id":"8a1bc9b1-15fe-3404-b760-d864405c6918","name":"harvest; soybean header with cart, soybeans; at farm"},"exchange":{"@type":"Exchange","internalId":6,"name":"operation of Soybean grain cart; for harvesting soybeans; at farm; 190HP tractor, 1000 bu"}},{"@type":"ProcessLink","provider":{"@type":"Process","@id":"480daf17-b57b-3307-9f20-aed97b87141c","name":"operation of Soybean grain cart; for harvesting soybeans; at farm; 190HP tractor, 1000 bu"},"flow":{"@type":"Flow","@id":"0a25b2ce-f7a6-320d-b224-e9f6bc8f7e18","name":"operation of Soybean grain cart; for harvesting soybeans; at farm; 190HP tractor, 1000 bu"},"process":{"@type":"Process","@id":"a268c290-1c8a-3443-a94f-c8e5579cbb4d","name":"harvest; combine with cart, soybeans; at farm"},"exchange":{"@type":"Exchange","internalId":3,"name":"operation of Soybean grain cart; for harvesting soybeans; at farm; 190HP tractor, 1000 bu"}},{"@type":"ProcessLink","provider":{"@type":"Process","@id":"3c42c48f-5e30-33bb-856e-1a9b2c794c13","name":"operation of Broadcast sprayer; for growing soybeans; at farm; 150HP tractor, 51 ft wide"},"flow":{"@type":"Flow","@id":"2a7a98bf-c312-3a03-b76b-96c77ce073aa","name":"operation of Broadcast sprayer; for growing soybeans; at farm; 150HP tractor, 51 ft wide"},"process":{"@type":"Process","@id":"0b4995b4-455d-354d-806a-a41f18aa7e2a","name":"apply fertilizer; with incorporation, drawn broadcast sprayer, soybeans; at farm"},"exchange":{"@type":"Exchange","internalId":4,"name":"operation of Broadcast sprayer; for growing soybeans; at farm; 150HP tractor, 51 ft wide"}},{"@type":"ProcessLink","provider":{"@type":"Process","@id":"3c42c48f-5e30-33bb-856e-1a9b2c794c13","name":"operation of Broadcast sprayer; for growing soybeans; at farm; 150HP tractor, 51 ft wide"},"flow":{"@type":"Flow","@id":"2a7a98bf-c312-3a03-b76b-96c77ce073aa","name":"operation of Broadcast sprayer; for growing soybeans; at farm; 150HP tractor, 51 ft wide"},"process":{"@type":"Process","@id":"9514c9dd-50c0-3724-b632-df3d75297d42","name":"apply pesticide; broadcast without incorporation, drawn sprayer, soybeans; at farm"},"exchange":{"@type":"Exchange","internalId":2,"name":"operation of Broadcast sprayer; for growing soybeans; at farm; 150HP tractor, 51 ft wide"}},{"@type":"ProcessLink","provider":{"@type":"Process","@id":"3c42c48f-5e30-33bb-856e-1a9b2c794c13","name":"operation of Broadcast sprayer; for growing soybeans; at farm; 150HP tractor, 51 ft wide"},"flow":{"@type":"Flow","@id":"2a7a98bf-c312-3a03-b76b-96c77ce073aa","name":"operation of Broadcast sprayer; for growing soybeans; at farm; 150HP tractor, 51 ft wide"},"process":{"@type":"Process","@id":"0beae123-0e20-3ec8-a135-f76380ea15a2","name":"apply fertilizer; without incorporation, drawn broadcast sprayer, soybeans; at farm"},"exchange":{"@type":"Exchange","internalId":3,"name":"operation of Broadcast sprayer; for growing soybeans; at farm; 150HP tractor, 51 ft wide"}},{"@type":"ProcessLink","provider":{"@type":"Process","@id":"3c42c48f-5e30-33bb-856e-1a9b2c794c13","name":"operation of Broadcast sprayer; for growing soybeans; at farm; 150HP tractor, 51 ft wide"},"flow":{"@type":"Flow","@id":"2a7a98bf-c312-3a03-b76b-96c77ce073aa","name":"operation of Broadcast sprayer; for growing soybeans; at farm; 150HP tractor, 51 ft wide"},"process":{"@type":"Process","@id":"c2da6ede-1508-3a1e-aa6f-16206181b825","name":"apply pesticide; broadcast with incorporation, drawn sprayer, soybeans; at farm"},"exchange":{"@type":"Exchange","internalId":5,"name":"operation of Broadcast sprayer; for growing soybeans; at farm; 150HP tractor, 51 ft wide"}},{"@type":"ProcessLink","provider":{"@type":"Process","@id":"03670257-2752-d578-f459-783eb00fd73c","name":"work; sprayers for growing soybeans, 2014 fleet, all fuels; 175-300HP"},"flow":{"@type":"Flow","@id":"ccf628f4-5214-38ba-b46c-8590ab5311ab","name":"work; sprayers for growing soybeans, 2014 fleet, all fuels; 175-300HP"},"process":{"@type":"Process","@id":"3a80e751-06ca-3ab5-998b-7937235443da","name":"operation of Broadcast sprayer; for growing soybeans; at farm; 250HP, 90 ft wide"},"exchange":{"@type":"Exchange","internalId":2,"name":"work; sprayers for growing soybeans, 2014 fleet, all fuels; 175-300HP"}},{"@type":"ProcessLink","provider":{"@type":"Process","@id":"e6032874-eacb-359f-a2c0-2faf67914c48","name":"operation of Combine w/ soybean head; operated without a cart, for harvesting soybeans; at farm; 275HP, 18 ft wide"},"flow":{"@type":"Flow","@id":"db8999c5-7005-37a8-bccb-3c5aef65b48b","name":"operation of Combine w/ soybean head; operated without a cart, for harvesting soybeans; at farm; 275HP, 18 ft wide"},"process":{"@type":"Process","@id":"3502cf86-9b9b-3283-a929-1cef5f839ed6","name":"harvest; combine, soybeans; at farm"},"exchange":{"@type":"Exchange","internalId":2,"name":"operation of Combine w/ soybean head; operated without a cart, for harvesting soybeans; at farm; 275HP, 18 ft wide"}},{"@type":"ProcessLink","provider":{"@type":"Process","@id":"78b20649-c543-3867-b7e1-90c3e63b1cd6","name":"apply liming materials; spreader and chisel plow, soybeans; at farm"},"flow":{"@type":"Flow","@id":"15ddf1e2-189b-39dd-ada7-8b55dcff8c07","name":"apply liming materials; spreader and chisel plow, soybeans; at farm"},"process":{"@type":"Process","@id":"cb421abf-95c0-3d85-aba8-136963b7240a","name":"soybeans; at harvest; at farm; wet basis"},"exchange":{"@type":"Exchange","internalId":779,"name":"apply liming materials; spreader and chisel plow, soybeans; at farm"}},{"@type":"ProcessLink","provider":{"@type":"Process","@id":"be58c488-8639-3a9b-acac-98277e78b7f5","name":"apply liming materials; spreader and tandem disks, soybeans; at farm"},"flow":{"@type":"Flow","@id":"1b243265-84a6-3a28-8d93-7e5ee3c188c4","name":"apply liming materials; spreader and tandem disks, soybeans; at farm"},"process":{"@type":"Process","@id":"cb421abf-95c0-3d85-aba8-136963b7240a","name":"soybeans; at harvest; at farm; wet basis"},"exchange":{"@type":"Exchange","internalId":23,"name":"apply liming materials; spreader and tandem disks, soybeans; at farm"}},{"@type":"ProcessLink","provider":{"@type":"Process","@id":"0e624038-0704-f95f-7922-843c8481f1ca","name":"work; ag. tractors for growing soybeans, 2014 fleet, all fuels; 175-300HP"},"flow":{"@type":"Flow","@id":"1871a152-211e-37a6-a8e7-5143f00329db","name":"work; ag. tractors for growing soybeans, 2014 fleet, all fuels; 175-300HP"},"process":{"@type":"Process","@id":"ddc3f0c5-ef78-3bde-bafa-5f6a4aabd936","name":"operation of Dry spreader; for growing soybeans; at farm; 190HP tractor, 31 ft wide"},"exchange":{"@type":"Exchange","internalId":5,"name":"work; ag. tractors for growing soybeans, 2014 fleet, all fuels; 175-300HP"}},{"@type":"ProcessLink","provider":{"@type":"Process","@id":"0e624038-0704-f95f-7922-843c8481f1ca","name":"work; ag. tractors for growing soybeans, 2014 fleet, all fuels; 175-300HP"},"flow":{"@type":"Flow","@id":"1871a152-211e-37a6-a8e7-5143f00329db","name":"work; ag. tractors for growing soybeans, 2014 fleet, all fuels; 175-300HP"},"process":{"@type":"Process","@id":"17ddb543-0ce6-36d3-a326-d2b8ffa6d9f2","name":"operation of Tandem disk (Disk, tandem heavy primary op.); for growing soybeans; at farm; 210HP tractor, 26 ft wide"},"exchange":{"@type":"Exchange","internalId":5,"name":"work; ag. tractors for growing soybeans, 2014 fleet, all fuels; 175-300HP"}},{"@type":"ProcessLink","provider":{"@type":"Process","@id":"0e624038-0704-f95f-7922-843c8481f1ca","name":"work; ag. tractors for growing soybeans, 2014 fleet, all fuels; 175-300HP"},"flow":{"@type":"Flow","@id":"1871a152-211e-37a6-a8e7-5143f00329db","name":"work; ag. tractors for growing soybeans, 2014 fleet, all fuels; 175-300HP"},"process":{"@type":"Process","@id":"744398d8-fba9-3739-96c0-4ee6185981fc","name":"operation of Dry spreader; for growing soybeans; at farm; 240HP tractor, 38 ft wide"},"exchange":{"@type":"Exchange","internalId":5,"name":"work; ag. tractors for growing soybeans, 2014 fleet, all fuels; 175-300HP"}},{"@type":"ProcessLink","provider":{"@type":"Process","@id":"0e624038-0704-f95f-7922-843c8481f1ca","name":"work; ag. tractors for growing soybeans, 2014 fleet, all fuels; 175-300HP"},"flow":{"@type":"Flow","@id":"1871a152-211e-37a6-a8e7-5143f00329db","name":"work; ag. tractors for growing soybeans, 2014 fleet, all fuels; 175-300HP"},"process":{"@type":"Process","@id":"0df6f891-e58d-3cdb-a8cf-b5dcaea86352","name":"operation of Dry spreader; for growing soybeans; at farm; 280HP tractor, 44 ft wide"},"exchange":{"@type":"Exchange","internalId":6,"name":"work; ag. tractors for growing soybeans, 2014 fleet, all fuels; 175-300HP"}},{"@type":"ProcessLink","provider":{"@type":"Process","@id":"0e624038-0704-f95f-7922-843c8481f1ca","name":"work; ag. tractors for growing soybeans, 2014 fleet, all fuels; 175-300HP"},"flow":{"@type":"Flow","@id":"1871a152-211e-37a6-a8e7-5143f00329db","name":"work; ag. tractors for growing soybeans, 2014 fleet, all fuels; 175-300HP"},"process":{"@type":"Process","@id":"6f97470b-d112-3a03-8030-3257a23797dd","name":"operation of Chisel plow (Chisel, st. pt.); for growing soybeans; at farm; 225HP tractor, 28 ft wide"},"exchange":{"@type":"Exchange","internalId":4,"name":"work; ag. tractors for growing soybeans, 2014 fleet, all fuels; 175-300HP"}},{"@type":"ProcessLink","provider":{"@type":"Process","@id":"0d414b90-d35b-3892-83a6-795fe6bda2b0","name":"apply fertilizer; without incorporation, fertilizer spreader, soybeans; at farm"},"flow":{"@type":"Flow","@id":"8c1da086-034e-36e9-b2c4-c46043aba406","name":"apply fertilizer; without incorporation, fertilizer spreader, soybeans; at farm"},"process":{"@type":"Process","@id":"cb421abf-95c0-3d85-aba8-136963b7240a","name":"soybeans; at harvest; at farm; wet basis"},"exchange":{"@type":"Exchange","internalId":244,"name":"apply fertilizer; without incorporation, fertilizer spreader, soybeans; at farm"}},{"@type":"ProcessLink","provider":{"@type":"Process","@id":"744398d8-fba9-3739-96c0-4ee6185981fc","name":"operation of Dry spreader; for growing soybeans; at farm; 240HP tractor, 38 ft wide"},"flow":{"@type":"Flow","@id":"b6e0517a-b108-314e-ab7d-d7bf73c48a91","name":"operation of Dry spreader; for growing soybeans; at farm; 240HP tractor, 38 ft wide"},"process":{"@type":"Process","@id":"0d414b90-d35b-3892-83a6-795fe6bda2b0","name":"apply fertilizer; without incorporation, fertilizer spreader, soybeans; at farm"},"exchange":{"@type":"Exchange","internalId":2,"name":"operation of Dry spreader; for growing soybeans; at farm; 240HP tractor, 38 ft wide"}},{"@type":"ProcessLink","provider":{"@type":"Process","@id":"744398d8-fba9-3739-96c0-4ee6185981fc","name":"operation of Dry spreader; for growing soybeans; at farm; 240HP tractor, 38 ft wide"},"flow":{"@type":"Flow","@id":"b6e0517a-b108-314e-ab7d-d7bf73c48a91","name":"operation of Dry spreader; for growing soybeans; at farm; 240HP tractor, 38 ft wide"},"process":{"@type":"Process","@id":"17bba1a2-b8bc-3d9d-9456-84dbf21c99a6","name":"apply fertilizer; with incorporation, fertilizer spreader, soybeans; at farm"},"exchange":{"@type":"Exchange","internalId":5,"name":"operation of Dry spreader; for growing soybeans; at farm; 240HP tractor, 38 ft wide"}},{"@type":"ProcessLink","provider":{"@type":"Process","@id":"744398d8-fba9-3739-96c0-4ee6185981fc","name":"operation of Dry spreader; for growing soybeans; at farm; 240HP tractor, 38 ft wide"},"flow":{"@type":"Flow","@id":"b6e0517a-b108-314e-ab7d-d7bf73c48a91","name":"operation of Dry spreader; for growing soybeans; at farm; 240HP tractor, 38 ft wide"},"process":{"@type":"Process","@id":"be58c488-8639-3a9b-acac-98277e78b7f5","name":"apply liming materials; spreader and tandem disks, soybeans; at farm"},"exchange":{"@type":"Exchange","internalId":8,"name":"operation of Dry spreader; for growing soybeans; at farm; 240HP tractor, 38 ft wide"}},{"@type":"ProcessLink","provider":{"@type":"Process","@id":"744398d8-fba9-3739-96c0-4ee6185981fc","name":"operation of Dry spreader; for growing soybeans; at farm; 240HP tractor, 38 ft wide"},"flow":{"@type":"Flow","@id":"b6e0517a-b108-314e-ab7d-d7bf73c48a91","name":"operation of Dry spreader; for growing soybeans; at farm; 240HP tractor, 38 ft wide"},"process":{"@type":"Process","@id":"78b20649-c543-3867-b7e1-90c3e63b1cd6","name":"apply liming materials; spreader and chisel plow, soybeans; at farm"},"exchange":{"@type":"Exchange","internalId":3,"name":"operation of Dry spreader; for growing soybeans; at farm; 240HP tractor, 38 ft wide"}},{"@type":"ProcessLink","provider":{"@type":"Process","@id":"60108c57-eef1-feb0-9e9b-c221c04b5508","name":"work; sprayers for growing soybeans, 2014 fleet, all fuels; 100-175HP"},"flow":{"@type":"Flow","@id":"3ed20078-29dd-300b-a0d1-3562e6990a7b","name":"work; sprayers for growing soybeans, 2014 fleet, all fuels; 100-175HP"},"process":{"@type":"Process","@id":"e2e74891-c64e-3159-b1a9-8134915ba5ba","name":"operation of Broadcast sprayer; for growing soybeans; at farm; 125HP, 60 ft wide"},"exchange":{"@type":"Exchange","internalId":2,"name":"work; sprayers for growing soybeans, 2014 fleet, all fuels; 100-175HP"}},{"@type":"ProcessLink","provider":{"@type":"Process","@id":"17bba1a2-b8bc-3d9d-9456-84dbf21c99a6","name":"apply fertilizer; with incorporation, fertilizer spreader, soybeans; at farm"},"flow":{"@type":"Flow","@id":"46f46397-6ade-3377-94d9-50014cc26eb3","name":"apply fertilizer; with incorporation, fertilizer spreader, soybeans; at farm"},"process":{"@type":"Process","@id":"cb421abf-95c0-3d85-aba8-136963b7240a","name":"soybeans; at harvest; at farm; wet basis"},"exchange":{"@type":"Exchange","internalId":904,"name":"apply fertilizer; with incorporation, fertilizer spreader, soybeans; at farm"}},{"@type":"ProcessLink","provider":{"@type":"Process","@id":"73791133-cb76-31d0-b8a9-c53fdbf48b91","name":"apply pesticide; directed spray, soybeans; at farm"},"flow":{"@type":"Flow","@id":"0a0d3f22-293f-3c83-9881-edd966d1ef41","name":"apply pesticide; directed spray, soybeans; at farm"},"process":{"@type":"Process","@id":"cb421abf-95c0-3d85-aba8-136963b7240a","name":"soybeans; at harvest; at farm; wet basis"},"exchange":{"@type":"Exchange","internalId":325,"name":"apply pesticide; directed spray, soybeans; at farm"}},{"@type":"ProcessLink","provider":{"@type":"Process","@id":"3502cf86-9b9b-3283-a929-1cef5f839ed6","name":"harvest; combine, soybeans; at farm"},"flow":{"@type":"Flow","@id":"f0ddc280-523d-350b-a862-8c34ca56cc96","name":"harvest; combine, soybeans; at farm"},"process":{"@type":"Process","@id":"cb421abf-95c0-3d85-aba8-136963b7240a","name":"soybeans; at harvest; at farm; wet basis"},"exchange":{"@type":"Exchange","internalId":64,"name":"harvest; combine, soybeans; at farm"}},{"@type":"ProcessLink","provider":{"@type":"Process","@id":"0df6f891-e58d-3cdb-a8cf-b5dcaea86352","name":"operation of Dry spreader; for growing soybeans; at farm; 280HP tractor, 44 ft wide"},"flow":{"@type":"Flow","@id":"eb1d555e-cb6f-3448-b711-e24f13e2a202","name":"operation of Dry spreader; for growing soybeans; at farm; 280HP tractor, 44 ft wide"},"process":{"@type":"Process","@id":"0d414b90-d35b-3892-83a6-795fe6bda2b0","name":"apply fertilizer; without incorporation, fertilizer spreader, soybeans; at farm"},"exchange":{"@type":"Exchange","internalId":4,"name":"operation of Dry spreader; for growing soybeans; at farm; 280HP tractor, 44 ft wide"}},{"@type":"ProcessLink","provider":{"@type":"Process","@id":"0df6f891-e58d-3cdb-a8cf-b5dcaea86352","name":"operation of Dry spreader; for growing soybeans; at farm; 280HP tractor, 44 ft wide"},"flow":{"@type":"Flow","@id":"eb1d555e-cb6f-3448-b711-e24f13e2a202","name":"operation of Dry spreader; for growing soybeans; at farm; 280HP tractor, 44 ft wide"},"process":{"@type":"Process","@id":"17bba1a2-b8bc-3d9d-9456-84dbf21c99a6","name":"apply fertilizer; with incorporation, fertilizer spreader, soybeans; at farm"},"exchange":{"@type":"Exchange","internalId":6,"name":"operation of Dry spreader; for growing soybeans; at farm; 280HP tractor, 44 ft wide"}},{"@type":"ProcessLink","provider":{"@type":"Process","@id":"0df6f891-e58d-3cdb-a8cf-b5dcaea86352","name":"operation of Dry spreader; for growing soybeans; at farm; 280HP tractor, 44 ft wide"},"flow":{"@type":"Flow","@id":"eb1d555e-cb6f-3448-b711-e24f13e2a202","name":"operation of Dry spreader; for growing soybeans; at farm; 280HP tractor, 44 ft wide"},"process":{"@type":"Process","@id":"be58c488-8639-3a9b-acac-98277e78b7f5","name":"apply liming materials; spreader and tandem disks, soybeans; at farm"},"exchange":{"@type":"Exchange","internalId":3,"name":"operation of Dry spreader; for growing soybeans; at farm; 280HP tractor, 44 ft wide"}},{"@type":"ProcessLink","provider":{"@type":"Process","@id":"0df6f891-e58d-3cdb-a8cf-b5dcaea86352","name":"operation of Dry spreader; for growing soybeans; at farm; 280HP tractor, 44 ft wide"},"flow":{"@type":"Flow","@id":"eb1d555e-cb6f-3448-b711-e24f13e2a202","name":"operation of Dry spreader; for growing soybeans; at farm; 280HP tractor, 44 ft wide"},"process":{"@type":"Process","@id":"78b20649-c543-3867-b7e1-90c3e63b1cd6","name":"apply liming materials; spreader and chisel plow, soybeans; at farm"},"exchange":{"@type":"Exchange","internalId":6,"name":"operation of Dry spreader; for growing soybeans; at farm; 280HP tractor, 44 ft wide"}},{"@type":"ProcessLink","provider":{"@type":"Process","@id":"d2555c90-56ba-30fa-831b-60013b8e8079","name":"apply pesticide; broadcast with incorporation, self-propelled sprayer, soybeans; at farm"},"flow":{"@type":"Flow","@id":"f828c1d6-27e7-3114-b138-04c9063419b3","name":"apply pesticide; broadcast with incorporation, self-propelled sprayer, soybeans; at farm"},"process":{"@type":"Process","@id":"cb421abf-95c0-3d85-aba8-136963b7240a","name":"soybeans; at harvest; at farm; wet basis"},"exchange":{"@type":"Exchange","internalId":908,"name":"apply pesticide; broadcast with incorporation, self-propelled sprayer, soybeans; at farm"}},{"@type":"ProcessLink","provider":{"@type":"Process","@id":"8fea0dc2-c3a0-33da-875f-a640e5be33b9","name":"apply pesticide; broadcast by air, soybeans; at farm"},"flow":{"@type":"Flow","@id":"133af638-2c63-380d-b39e-16bb3ae3db06","name":"apply pesticide; broadcast by air, soybeans; at farm"},"process":{"@type":"Process","@id":"cb421abf-95c0-3d85-aba8-136963b7240a","name":"soybeans; at harvest; at farm; wet basis"},"exchange":{"@type":"Exchange","internalId":741,"name":"apply pesticide; broadcast by air, soybeans; at farm"}},{"@type":"ProcessLink","provider":{"@type":"Process","@id":"8b6025ba-95e1-3e4c-9330-f1eebfaa704a","name":"operation of Spot sprayer; for growing soybeans; at farm; 170HP tractor, 40 ft wide"},"flow":{"@type":"Flow","@id":"14c7ba80-6275-3338-b9e5-59ebc376c6b6","name":"operation of Spot sprayer; for growing soybeans; at farm; 170HP tractor, 40 ft wide"},"process":{"@type":"Process","@id":"3349c6fd-c15d-3466-a191-e13601165dd7","name":"apply fertilizer; no broadcast, spot sprayer, soybeans; at farm"},"exchange":{"@type":"Exchange","internalId":2,"name":"operation of Spot sprayer; for growing soybeans; at farm; 170HP tractor, 40 ft wide"}},{"@type":"ProcessLink","provider":{"@type":"Process","@id":"8b6025ba-95e1-3e4c-9330-f1eebfaa704a","name":"operation of Spot sprayer; for growing soybeans; at farm; 170HP tractor, 40 ft wide"},"flow":{"@type":"Flow","@id":"14c7ba80-6275-3338-b9e5-59ebc376c6b6","name":"operation of Spot sprayer; for growing soybeans; at farm; 170HP tractor, 40 ft wide"},"process":{"@type":"Process","@id":"6ec199b6-1f42-3624-a790-54df5743ce48","name":"apply pesticide; foliar, soybeans; at farm"},"exchange":{"@type":"Exchange","internalId":4,"name":"operation of Spot sprayer; for growing soybeans; at farm; 170HP tractor, 40 ft wide"}}]}