{"@context":"http://greendelta.github.io/olca-schema/context.jsonld","@type":"ProductSystem","@id":"51d29e02-ee1f-4dc0-bc8a-a83593e0e534","name":"winter wheat; at harvest; at farm; wet basis","description":"This product system represents a set of connected unit processes for the production of one unit of referenced product. All unit processes in the system are consistent with the geographical and temporal specificity of the reference unit process.","version":"00.00.000","referenceProcess":{"@type":"Process","@id":"b6ab2d78-5ca3-3033-bc6a-05ec7338d5da","name":"winter wheat; at harvest; at farm; wet basis"},"referenceExchange":{"@type":"Exchange","internalId":1,"name":"winter wheat; at harvest; at farm; wet basis"},"targetFlowProperty":{"@type":"FlowProperty","@id":"93a60a56-a3c8-11da-a746-0800200b9a66","name":"Mass"},"targetUnit":{"@type":"Unit","@id":"20aadc24-a391-41cf-b340-3e4529f44bde","name":"kg"},"targetAmount":1.0,"processes":[{"@type":"Process","@id":"a130ea05-69b1-301c-ac8b-9372190543b5","name":"apply pesticide; broadcast with incorporation, drawn sprayer, winter wheat; at farm"},{"@type":"Process","@id":"7255837a-7360-3d46-be38-ba151bc8bf2f","name":"operation of Broadcast sprayer; for growing winter wheat; at farm; 170HP tractor, 55 ft wide"},{"@type":"Process","@id":"c0508675-d384-7e78-c6cd-e9c951ec8396","name":"work; ag. tractors for growing win wheat, 2014 fleet, all fuels; 100-175HP"},{"@type":"Process","@id":"027e7cb6-0b84-3b53-bd1d-e3498be149ee","name":"operation of Chisel plow (Chisel, st. pt.); for growing winter wheat; at farm; 225HP tractor, 28 ft wide"},{"@type":"Process","@id":"9c34f8e4-88ee-a1a5-2ef9-181de5c63eea","name":"work; ag. tractors for growing win wheat, 2014 fleet, all fuels; 175-300HP"},{"@type":"Process","@id":"56557361-a40c-33c9-bb69-34ce6a5e5bb5","name":"operation of Chisel plow (Chisel, st. pt.); for growing winter wheat; at farm; 155HP tractor, 20 ft wide"},{"@type":"Process","@id":"afc94681-a16e-30f4-b850-c35aaf14dc4a","name":"operation of Broadcast sprayer; for growing winter wheat; at farm; 60HP tractor, 37 ft wide"},{"@type":"Process","@id":"e1ade26a-3584-9b52-c66b-f622cddf6e35","name":"work; ag. tractors for growing win wheat, 2014 fleet, all fuels; 50-100HP"},{"@type":"Process","@id":"64cecbe5-b723-3887-9f11-952e6edef01b","name":"operation of Broadcast sprayer; for growing winter wheat; at farm; 150HP tractor, 51 ft wide"},{"@type":"Process","@id":"2b35638d-acef-375c-8942-d92adedf214a","name":"operation of Chisel plow (Chisel, st. pt.); for growing winter wheat; at farm; 310HP tractor, 36 ft wide"},{"@type":"Process","@id":"2b93f099-4d54-ceaa-a08c-2a54408d2227","name":"work; ag. tractors for growing win wheat, 2014 fleet, all fuels; 300-600HP"},{"@type":"Process","@id":"676ed157-59ba-33db-a901-244821a4b58c","name":"operation of Header-Draper; for harvesting winter wheat; at farm; 325HP tractor, 30 ft wide"},{"@type":"Process","@id":"df0eb50f-0679-4d8b-9f66-e4edc3b9165f","name":"work; ag. tractors for win wheat harvest, 2014 fleet, all fuels; 300-600HP"},{"@type":"Process","@id":"257dc661-3ea0-35be-9537-47e25231dfeb","name":"harvest; draper header with cart, winter wheat; at farm"},{"@type":"Process","@id":"3303a9d9-c712-3697-828d-d6406b11f3c4","name":"operation of Wheat-sorghum grain cart; for harvesting winter wheat; at farm; 190HP tractor, 500 bu"},{"@type":"Process","@id":"3daa6d31-5607-aabc-ed49-7f16b6731abc","name":"work; ag. tractors for win wheat harvest, 2014 fleet, all fuels; 175-300HP"},{"@type":"Process","@id":"2aa9938e-a461-3bdd-9091-4f2dfcaf25ce","name":"operation of Wheat-sorghum grain cart; for harvesting winter wheat; at farm; 190HP tractor, 1000 bu"},{"@type":"Process","@id":"1f3fb860-a0ec-37d5-a129-9885474de733","name":"operation of Wheat-sorghum grain cart; for harvesting winter wheat; at farm; 190HP tractor, 700 bu"},{"@type":"Process","@id":"ae4b21d9-a968-3a76-9bec-dd3dff716dc4","name":"apply fertilizer; with incorporation, self-propelled broadcast sprayer, winter wheat; at farm"},{"@type":"Process","@id":"3ad4f937-22b4-382c-8613-da476ba48036","name":"operation of Broadcast sprayer; for growing winter wheat; at farm; 250HP, 90 ft wide"},{"@type":"Process","@id":"3e848667-548c-8633-b6a9-94c0da1c6faf","name":"work; sprayers for growing win wheat, 2014 fleet, all fuels; 175-300HP"},{"@type":"Process","@id":"28669d16-e01f-3895-9595-c8486c1633ef","name":"operation of Broadcast sprayer; for growing winter wheat; at farm; 125HP, 60 ft wide"},{"@type":"Process","@id":"55a7e79e-26e2-86a2-6a86-b792285a2b13","name":"work; sprayers for growing win wheat, 2014 fleet, all fuels; 100-175HP"},{"@type":"Process","@id":"31646c71-3853-3439-8cc2-cd3fd72fe641","name":"apply fertilizer; with incorporation, drawn broadcast sprayer, winter wheat; at farm"},{"@type":"Process","@id":"7bc57c26-358c-32b7-88ab-c2539714cb0f","name":"operation of Header-Wheat-sorghum; for harvesting winter wheat; at farm; 325HP tractor, 25 ft wide"},{"@type":"Process","@id":"6bba461f-94af-397e-bb13-fa2384eb4038","name":"harvest; wheat header with cart, winter wheat; at farm"},{"@type":"Process","@id":"d8edb15b-3645-3996-a5a0-d0cae5bd6f61","name":"operation of Header-Wheat-sorghum; for harvesting winter wheat; at farm; 265HP tractor, 22 ft wide"},{"@type":"Process","@id":"110d671b-1147-3b49-b393-58944a21a410","name":"apply fertilizer; with incorporation, fertilizer spreader, winter wheat; at farm"},{"@type":"Process","@id":"0ba0094f-a545-3b10-8075-b14dbff479b3","name":"operation of Dry spreader; for growing winter wheat; at farm; 190HP tractor, 31 ft wide"},{"@type":"Process","@id":"3da657bf-69d2-382f-899d-335174303787","name":"operation of Dry spreader; for growing winter wheat; at farm; 240HP tractor, 38 ft wide"},{"@type":"Process","@id":"434d3fd3-2fea-367e-8b27-cbf0a6a52c9c","name":"operation of Dry spreader; for growing winter wheat; at farm; 280HP tractor, 44 ft wide"},{"@type":"Process","@id":"1f21ed13-8bde-3c8e-8492-5eefc8c989da","name":"operation of Tandem disk (Disk, tandem heavy primary op.); for growing winter wheat; at farm; 210HP tractor, 26 ft wide"},{"@type":"Process","@id":"9bc42fad-74b3-36dc-b3dd-ec09be3a3a70","name":"operation of Tandem disk (Disk, tandem heavy primary op.); for growing winter wheat; at farm; 145HP tractor, 15 ft wide"},{"@type":"Process","@id":"a96e61ea-2a15-3b26-8499-402ccae8a6f6","name":"operation of Tandem disk (Disk, tandem secondary op.); for growing winter wheat; at farm; 75HP tractor, 11 ft wide"},{"@type":"Process","@id":"9ccea3ab-7b0d-3da5-b4c5-776ecb59bf92","name":"operation of Tandem disk (Disk, tandem secondary op.); for growing winter wheat; at farm; 175HP tractor, 26 ft wide"},{"@type":"Process","@id":"5013637c-a81f-31b7-bdef-58ed1e80daa2","name":"operation of Tandem disk (Disk, tandem heavy primary op.); for growing winter wheat; at farm; 90HP tractor, 11 ft wide"},{"@type":"Process","@id":"1f49add8-6d1a-3d40-abd1-9522f8244b64","name":"operation of Tandem disk (Disk, tandem secondary op.); for growing winter wheat; at farm; 120HP tractor, 15 ft wide"},{"@type":"Process","@id":"1a90a441-d6c2-3cb0-9ae8-8eea579a6c04","name":"apply liming materials; spreader and tandem disks, winter wheat; at farm"},{"@type":"Process","@id":"1d246f27-a617-3627-aa23-ca79f0ccecc3","name":"apply pesticide; broadcast by air, winter wheat; at farm"},{"@type":"Process","@id":"31061348-b093-3f68-905c-16eed5afea29","name":"harvest; self-propelled forage harvester, winter wheat residue; at farm"},{"@type":"Process","@id":"f0435f45-7447-312d-ae5a-4fc33aa73b3c","name":"operation of Harvester w/ pickup head (Forage harvester); for harvesting winter wheat; at farm; 315HP, 12 ft wide"},{"@type":"Process","@id":"16657214-a319-e584-0416-ab15eedc17ec","name":"work; other ag. equip. for win wheat harvest, 2014 fleet, all fuels; 300-600HP"},{"@type":"Process","@id":"41eabc12-ca22-3cbe-aae3-ceb4ddf7aa1d","name":"apply liming materials; spreader and chisel plow, winter wheat; at farm"},{"@type":"Process","@id":"0b661a5d-dc2d-3739-8858-85fe776b243a","name":"apply fertilizer; without incorporation, self-propelled broadcast sprayer, winter wheat; at farm"},{"@type":"Process","@id":"503b00a4-9475-4d3e-7cb1-8581a67af41f","name":"work; ag. tractors for win wheat harvest, 2014 fleet, all fuels; 50-100HP"},{"@type":"Process","@id":"88f524ce-fe79-32b4-857c-e12470e33a16","name":"operation of Forage harvester; for harvesting winter wheat; at farm; 100HP tractor, 6 ft wide"},{"@type":"Process","@id":"bb4bf04c-893f-3423-a1ee-f2b1f3584d49","name":"harvest; drawn forage harvester, winter wheat residue; at farm"},{"@type":"Process","@id":"99a933a7-6a12-3e55-9ee6-e84fd28640dc","name":"operation of Combine w/ grain head; for harvesting winter wheat; at farm; 220HP, 20 ft wide"},{"@type":"Process","@id":"947688d3-ae4d-54e6-b1e5-c39214259949","name":"work; combines for win wheat harvest, 2014 fleet, all fuels; 175-300HP"},{"@type":"Process","@id":"42dda694-cb80-3c9f-a2a4-b1943a045668","name":"operation of Combine w/ grain head; for harvesting winter wheat; at farm; 275HP, 20 ft wide"},{"@type":"Process","@id":"bdcf2b78-f4f5-385a-b886-29f8e88deaa9","name":"harvest; combine with cart, winter wheat; at farm"},{"@type":"Process","@id":"c53cbc76-2d7b-3ecc-879a-20759f3ba0f6","name":"apply fertilizer; without incorporation, fertilizer spreader, winter wheat; at farm"},{"@type":"Process","@id":"dccb2ca9-c5eb-3fb1-bff7-94c527772f53","name":"apply pesticide; broadcast with incorporation, self-propelled sprayer, winter wheat; at farm"},{"@type":"Process","@id":"ebbed6a3-3d16-3315-98a4-5ab0261ee177","name":"apply fertilizer; without incorporation, drawn broadcast sprayer, winter wheat; at farm"},{"@type":"Process","@id":"b6ab2d78-5ca3-3033-bc6a-05ec7338d5da","name":"winter wheat; at harvest; at farm; wet basis"}],"processLinks":[{"@type":"ProcessLink","provider":{"@type":"Process","@id":"434d3fd3-2fea-367e-8b27-cbf0a6a52c9c","name":"operation of Dry spreader; for growing winter wheat; at farm; 280HP tractor, 44 ft wide"},"flow":{"@type":"Flow","@id":"9a7d919f-2ad1-3fa9-afc6-4d95adefec94","name":"operation of Dry spreader; for growing winter wheat; at farm; 280HP tractor, 44 ft wide"},"process":{"@type":"Process","@id":"110d671b-1147-3b49-b393-58944a21a410","name":"apply fertilizer; with incorporation, fertilizer spreader, winter wheat; at farm"},"exchange":{"@type":"Exchange","internalId":5,"name":"operation of Dry spreader; for growing winter wheat; at farm; 280HP tractor, 44 ft wide"}},{"@type":"ProcessLink","provider":{"@type":"Process","@id":"434d3fd3-2fea-367e-8b27-cbf0a6a52c9c","name":"operation of Dry spreader; for growing winter wheat; at farm; 280HP tractor, 44 ft wide"},"flow":{"@type":"Flow","@id":"9a7d919f-2ad1-3fa9-afc6-4d95adefec94","name":"operation of Dry spreader; for growing winter wheat; at farm; 280HP tractor, 44 ft wide"},"process":{"@type":"Process","@id":"41eabc12-ca22-3cbe-aae3-ceb4ddf7aa1d","name":"apply liming materials; spreader and chisel plow, winter wheat; at farm"},"exchange":{"@type":"Exchange","internalId":5,"name":"operation of Dry spreader; for growing winter wheat; at farm; 280HP tractor, 44 ft wide"}},{"@type":"ProcessLink","provider":{"@type":"Process","@id":"434d3fd3-2fea-367e-8b27-cbf0a6a52c9c","name":"operation of Dry spreader; for growing winter wheat; at farm; 280HP tractor, 44 ft wide"},"flow":{"@type":"Flow","@id":"9a7d919f-2ad1-3fa9-afc6-4d95adefec94","name":"operation of Dry spreader; for growing winter wheat; at farm; 280HP tractor, 44 ft wide"},"process":{"@type":"Process","@id":"c53cbc76-2d7b-3ecc-879a-20759f3ba0f6","name":"apply fertilizer; without incorporation, fertilizer spreader, winter wheat; at farm"},"exchange":{"@type":"Exchange","internalId":2,"name":"operation of Dry spreader; for growing winter wheat; at farm; 280HP tractor, 44 ft wide"}},{"@type":"ProcessLink","provider":{"@type":"Process","@id":"434d3fd3-2fea-367e-8b27-cbf0a6a52c9c","name":"operation of Dry spreader; for growing winter wheat; at farm; 280HP tractor, 44 ft wide"},"flow":{"@type":"Flow","@id":"9a7d919f-2ad1-3fa9-afc6-4d95adefec94","name":"operation of Dry spreader; for growing winter wheat; at farm; 280HP tractor, 44 ft wide"},"process":{"@type":"Process","@id":"1a90a441-d6c2-3cb0-9ae8-8eea579a6c04","name":"apply liming materials; spreader and tandem disks, winter wheat; at farm"},"exchange":{"@type":"Exchange","internalId":3,"name":"operation of Dry spreader; for growing winter wheat; at farm; 280HP tractor, 44 ft wide"}},{"@type":"ProcessLink","provider":{"@type":"Process","@id":"c53cbc76-2d7b-3ecc-879a-20759f3ba0f6","name":"apply fertilizer; without incorporation, fertilizer spreader, winter wheat; at farm"},"flow":{"@type":"Flow","@id":"3b1a61ed-97db-3ed4-b47a-e4da2a56f1dc","name":"apply fertilizer; without incorporation, fertilizer spreader, winter wheat; at farm"},"process":{"@type":"Process","@id":"b6ab2d78-5ca3-3033-bc6a-05ec7338d5da","name":"winter wheat; at harvest; at farm; wet basis"},"exchange":{"@type":"Exchange","internalId":63,"name":"apply fertilizer; without incorporation, fertilizer spreader, winter wheat; at farm"}},{"@type":"ProcessLink","provider":{"@type":"Process","@id":"9ccea3ab-7b0d-3da5-b4c5-776ecb59bf92","name":"operation of Tandem disk (Disk, tandem secondary op.); for growing winter wheat; at farm; 175HP tractor, 26 ft wide"},"flow":{"@type":"Flow","@id":"d1612e9c-a17d-3752-86b8-6d3cc7501674","name":"operation of Tandem disk (Disk, tandem secondary op.); for growing winter wheat; at farm; 175HP tractor, 26 ft wide"},"process":{"@type":"Process","@id":"1a90a441-d6c2-3cb0-9ae8-8eea579a6c04","name":"apply liming materials; spreader and tandem disks, winter wheat; at farm"},"exchange":{"@type":"Exchange","internalId":6,"name":"operation of Tandem disk (Disk, tandem secondary op.); for growing winter wheat; at farm; 175HP tractor, 26 ft wide"}},{"@type":"ProcessLink","provider":{"@type":"Process","@id":"31646c71-3853-3439-8cc2-cd3fd72fe641","name":"apply fertilizer; with incorporation, drawn broadcast sprayer, winter wheat; at farm"},"flow":{"@type":"Flow","@id":"bf297a11-8312-392d-805f-5721eb4b9c57","name":"apply fertilizer; with incorporation, drawn broadcast sprayer, winter wheat; at farm"},"process":{"@type":"Process","@id":"b6ab2d78-5ca3-3033-bc6a-05ec7338d5da","name":"winter wheat; at harvest; at farm; wet basis"},"exchange":{"@type":"Exchange","internalId":399,"name":"apply fertilizer; with incorporation, drawn broadcast sprayer, winter wheat; at farm"}},{"@type":"ProcessLink","provider":{"@type":"Process","@id":"88f524ce-fe79-32b4-857c-e12470e33a16","name":"operation of Forage harvester; for harvesting winter wheat; at farm; 100HP tractor, 6 ft wide"},"flow":{"@type":"Flow","@id":"f217e446-385c-3712-8686-1a32ce3829ca","name":"operation of Forage harvester; for harvesting winter wheat; at farm; 100HP tractor, 6 ft wide"},"process":{"@type":"Process","@id":"bb4bf04c-893f-3423-a1ee-f2b1f3584d49","name":"harvest; drawn forage harvester, winter wheat residue; at farm"},"exchange":{"@type":"Exchange","internalId":2,"name":"operation of Forage harvester; for harvesting winter wheat; at farm; 100HP tractor, 6 ft wide"}},{"@type":"ProcessLink","provider":{"@type":"Process","@id":"99a933a7-6a12-3e55-9ee6-e84fd28640dc","name":"operation of Combine w/ grain head; for harvesting winter wheat; at farm; 220HP, 20 ft wide"},"flow":{"@type":"Flow","@id":"6a0497dd-1ba6-3948-93a2-e26d1be2612b","name":"operation of Combine w/ grain head; for harvesting winter wheat; at farm; 220HP, 20 ft wide"},"process":{"@type":"Process","@id":"bdcf2b78-f4f5-385a-b886-29f8e88deaa9","name":"harvest; combine with cart, winter wheat; at farm"},"exchange":{"@type":"Exchange","internalId":4,"name":"operation of Combine w/ grain head; for harvesting winter wheat; at farm; 220HP, 20 ft wide"}},{"@type":"ProcessLink","provider":{"@type":"Process","@id":"3daa6d31-5607-aabc-ed49-7f16b6731abc","name":"work; ag. tractors for win wheat harvest, 2014 fleet, all fuels; 175-300HP"},"flow":{"@type":"Flow","@id":"ded40634-77b5-35fc-b275-e787178720ce","name":"work; ag. tractors for win wheat harvest, 2014 fleet, all fuels; 175-300HP"},"process":{"@type":"Process","@id":"1f3fb860-a0ec-37d5-a129-9885474de733","name":"operation of Wheat-sorghum grain cart; for harvesting winter wheat; at farm; 190HP tractor, 700 bu"},"exchange":{"@type":"Exchange","internalId":2,"name":"work; ag. tractors for win wheat harvest, 2014 fleet, all fuels; 175-300HP"}},{"@type":"ProcessLink","provider":{"@type":"Process","@id":"3daa6d31-5607-aabc-ed49-7f16b6731abc","name":"work; ag. tractors for win wheat harvest, 2014 fleet, all fuels; 175-300HP"},"flow":{"@type":"Flow","@id":"ded40634-77b5-35fc-b275-e787178720ce","name":"work; ag. tractors for win wheat harvest, 2014 fleet, all fuels; 175-300HP"},"process":{"@type":"Process","@id":"3303a9d9-c712-3697-828d-d6406b11f3c4","name":"operation of Wheat-sorghum grain cart; for harvesting winter wheat; at farm; 190HP tractor, 500 bu"},"exchange":{"@type":"Exchange","internalId":5,"name":"work; ag. tractors for win wheat harvest, 2014 fleet, all fuels; 175-300HP"}},{"@type":"ProcessLink","provider":{"@type":"Process","@id":"3daa6d31-5607-aabc-ed49-7f16b6731abc","name":"work; ag. tractors for win wheat harvest, 2014 fleet, all fuels; 175-300HP"},"flow":{"@type":"Flow","@id":"ded40634-77b5-35fc-b275-e787178720ce","name":"work; ag. tractors for win wheat harvest, 2014 fleet, all fuels; 175-300HP"},"process":{"@type":"Process","@id":"d8edb15b-3645-3996-a5a0-d0cae5bd6f61","name":"operation of Header-Wheat-sorghum; for harvesting winter wheat; at farm; 265HP tractor, 22 ft wide"},"exchange":{"@type":"Exchange","internalId":5,"name":"work; ag. tractors for win wheat harvest, 2014 fleet, all fuels; 175-300HP"}},{"@type":"ProcessLink","provider":{"@type":"Process","@id":"3daa6d31-5607-aabc-ed49-7f16b6731abc","name":"work; ag. tractors for win wheat harvest, 2014 fleet, all fuels; 175-300HP"},"flow":{"@type":"Flow","@id":"ded40634-77b5-35fc-b275-e787178720ce","name":"work; ag. tractors for win wheat harvest, 2014 fleet, all fuels; 175-300HP"},"process":{"@type":"Process","@id":"2aa9938e-a461-3bdd-9091-4f2dfcaf25ce","name":"operation of Wheat-sorghum grain cart; for harvesting winter wheat; at farm; 190HP tractor, 1000 bu"},"exchange":{"@type":"Exchange","internalId":4,"name":"work; ag. tractors for win wheat harvest, 2014 fleet, all fuels; 175-300HP"}},{"@type":"ProcessLink","provider":{"@type":"Process","@id":"1a90a441-d6c2-3cb0-9ae8-8eea579a6c04","name":"apply liming materials; spreader and tandem disks, winter wheat; at farm"},"flow":{"@type":"Flow","@id":"42951c99-fc6a-3d36-a882-a49e6e5824ab","name":"apply liming materials; spreader and tandem disks, winter wheat; at farm"},"process":{"@type":"Process","@id":"b6ab2d78-5ca3-3033-bc6a-05ec7338d5da","name":"winter wheat; at harvest; at farm; wet basis"},"exchange":{"@type":"Exchange","internalId":589,"name":"apply liming materials; spreader and tandem disks, winter wheat; at farm"}},{"@type":"ProcessLink","provider":{"@type":"Process","@id":"a130ea05-69b1-301c-ac8b-9372190543b5","name":"apply pesticide; broadcast with incorporation, drawn sprayer, winter wheat; at farm"},"flow":{"@type":"Flow","@id":"2e2f84dd-80ab-3124-a074-da9555bcaf6b","name":"apply pesticide; broadcast with incorporation, drawn sprayer, winter wheat; at farm"},"process":{"@type":"Process","@id":"b6ab2d78-5ca3-3033-bc6a-05ec7338d5da","name":"winter wheat; at harvest; at farm; wet basis"},"exchange":{"@type":"Exchange","internalId":382,"name":"apply pesticide; broadcast with incorporation, drawn sprayer, winter wheat; at farm"}},{"@type":"ProcessLink","provider":{"@type":"Process","@id":"42dda694-cb80-3c9f-a2a4-b1943a045668","name":"operation of Combine w/ grain head; for harvesting winter wheat; at farm; 275HP, 20 ft wide"},"flow":{"@type":"Flow","@id":"9207c987-8d42-3075-885d-9c36ee2127fa","name":"operation of Combine w/ grain head; for harvesting winter wheat; at farm; 275HP, 20 ft wide"},"process":{"@type":"Process","@id":"bdcf2b78-f4f5-385a-b886-29f8e88deaa9","name":"harvest; combine with cart, winter wheat; at farm"},"exchange":{"@type":"Exchange","internalId":7,"name":"operation of Combine w/ grain head; for harvesting winter wheat; at farm; 275HP, 20 ft wide"}},{"@type":"ProcessLink","provider":{"@type":"Process","@id":"3303a9d9-c712-3697-828d-d6406b11f3c4","name":"operation of Wheat-sorghum grain cart; for harvesting winter wheat; at farm; 190HP tractor, 500 bu"},"flow":{"@type":"Flow","@id":"4c340e9e-9255-33a8-a11f-91292d6e016f","name":"operation of Wheat-sorghum grain cart; for harvesting winter wheat; at farm; 190HP tractor, 500 bu"},"process":{"@type":"Process","@id":"bdcf2b78-f4f5-385a-b886-29f8e88deaa9","name":"harvest; combine with cart, winter wheat; at farm"},"exchange":{"@type":"Exchange","internalId":5,"name":"operation of Wheat-sorghum grain cart; for harvesting winter wheat; at farm; 190HP tractor, 500 bu"}},{"@type":"ProcessLink","provider":{"@type":"Process","@id":"3303a9d9-c712-3697-828d-d6406b11f3c4","name":"operation of Wheat-sorghum grain cart; for harvesting winter wheat; at farm; 190HP tractor, 500 bu"},"flow":{"@type":"Flow","@id":"4c340e9e-9255-33a8-a11f-91292d6e016f","name":"operation of Wheat-sorghum grain cart; for harvesting winter wheat; at farm; 190HP tractor, 500 bu"},"process":{"@type":"Process","@id":"6bba461f-94af-397e-bb13-fa2384eb4038","name":"harvest; wheat header with cart, winter wheat; at farm"},"exchange":{"@type":"Exchange","internalId":3,"name":"operation of Wheat-sorghum grain cart; for harvesting winter wheat; at farm; 190HP tractor, 500 bu"}},{"@type":"ProcessLink","provider":{"@type":"Process","@id":"3303a9d9-c712-3697-828d-d6406b11f3c4","name":"operation of Wheat-sorghum grain cart; for harvesting winter wheat; at farm; 190HP tractor, 500 bu"},"flow":{"@type":"Flow","@id":"4c340e9e-9255-33a8-a11f-91292d6e016f","name":"operation of Wheat-sorghum grain cart; for harvesting winter wheat; at farm; 190HP tractor, 500 bu"},"process":{"@type":"Process","@id":"257dc661-3ea0-35be-9537-47e25231dfeb","name":"harvest; draper header with cart, winter wheat; at farm"},"exchange":{"@type":"Exchange","internalId":2,"name":"operation of Wheat-sorghum grain cart; for harvesting winter wheat; at farm; 190HP tractor, 500 bu"}},{"@type":"ProcessLink","provider":{"@type":"Process","@id":"d8edb15b-3645-3996-a5a0-d0cae5bd6f61","name":"operation of Header-Wheat-sorghum; for harvesting winter wheat; at farm; 265HP tractor, 22 ft wide"},"flow":{"@type":"Flow","@id":"ec797a35-9513-3d46-be72-6cdde7f1b104","name":"operation of Header-Wheat-sorghum; for harvesting winter wheat; at farm; 265HP tractor, 22 ft wide"},"process":{"@type":"Process","@id":"6bba461f-94af-397e-bb13-fa2384eb4038","name":"harvest; wheat header with cart, winter wheat; at farm"},"exchange":{"@type":"Exchange","internalId":5,"name":"operation of Header-Wheat-sorghum; for harvesting winter wheat; at farm; 265HP tractor, 22 ft wide"}},{"@type":"ProcessLink","provider":{"@type":"Process","@id":"31061348-b093-3f68-905c-16eed5afea29","name":"harvest; self-propelled forage harvester, winter wheat residue; at farm"},"flow":{"@type":"Flow","@id":"87b04583-7d9b-3d10-a7cc-39c47318cf40","name":"harvest; self-propelled forage harvester, winter wheat residue; at farm"},"process":{"@type":"Process","@id":"b6ab2d78-5ca3-3033-bc6a-05ec7338d5da","name":"winter wheat; at harvest; at farm; wet basis"},"exchange":{"@type":"Exchange","internalId":129,"name":"harvest; self-propelled forage harvester, winter wheat residue; at farm"}},{"@type":"ProcessLink","provider":{"@type":"Process","@id":"6bba461f-94af-397e-bb13-fa2384eb4038","name":"harvest; wheat header with cart, winter wheat; at farm"},"flow":{"@type":"Flow","@id":"e56ebd96-e0c2-3b20-ae4e-2d7c362497d0","name":"harvest; wheat header with cart, winter wheat; at farm"},"process":{"@type":"Process","@id":"b6ab2d78-5ca3-3033-bc6a-05ec7338d5da","name":"winter wheat; at harvest; at farm; wet basis"},"exchange":{"@type":"Exchange","internalId":627,"name":"harvest; wheat header with cart, winter wheat; at farm"}},{"@type":"ProcessLink","provider":{"@type":"Process","@id":"ae4b21d9-a968-3a76-9bec-dd3dff716dc4","name":"apply fertilizer; with incorporation, self-propelled broadcast sprayer, winter wheat; at farm"},"flow":{"@type":"Flow","@id":"eb6f280c-2a23-37e8-8152-eaedeb85ef33","name":"apply fertilizer; with incorporation, self-propelled broadcast sprayer, winter wheat; at farm"},"process":{"@type":"Process","@id":"b6ab2d78-5ca3-3033-bc6a-05ec7338d5da","name":"winter wheat; at harvest; at farm; wet basis"},"exchange":{"@type":"Exchange","internalId":180,"name":"apply fertilizer; with incorporation, self-propelled broadcast sprayer, winter wheat; at farm"}},{"@type":"ProcessLink","provider":{"@type":"Process","@id":"f0435f45-7447-312d-ae5a-4fc33aa73b3c","name":"operation of Harvester w/ pickup head (Forage harvester); for harvesting winter wheat; at farm; 315HP, 12 ft wide"},"flow":{"@type":"Flow","@id":"2dd911f7-8fef-3df7-8d04-47dc70a3c999","name":"operation of Harvester w/ pickup head (Forage harvester); for harvesting winter wheat; at farm; 315HP, 12 ft wide"},"process":{"@type":"Process","@id":"31061348-b093-3f68-905c-16eed5afea29","name":"harvest; self-propelled forage harvester, winter wheat residue; at farm"},"exchange":{"@type":"Exchange","internalId":4,"name":"operation of Harvester w/ pickup head (Forage harvester); for harvesting winter wheat; at farm; 315HP, 12 ft wide"}},{"@type":"ProcessLink","provider":{"@type":"Process","@id":"9bc42fad-74b3-36dc-b3dd-ec09be3a3a70","name":"operation of Tandem disk (Disk, tandem heavy primary op.); for growing winter wheat; at farm; 145HP tractor, 15 ft wide"},"flow":{"@type":"Flow","@id":"999155c9-9675-3546-ad66-e242a97f8358","name":"operation of Tandem disk (Disk, tandem heavy primary op.); for growing winter wheat; at farm; 145HP tractor, 15 ft wide"},"process":{"@type":"Process","@id":"1a90a441-d6c2-3cb0-9ae8-8eea579a6c04","name":"apply liming materials; spreader and tandem disks, winter wheat; at farm"},"exchange":{"@type":"Exchange","internalId":10,"name":"operation of Tandem disk (Disk, tandem heavy primary op.); for growing winter wheat; at farm; 145HP tractor, 15 ft wide"}},{"@type":"ProcessLink","provider":{"@type":"Process","@id":"28669d16-e01f-3895-9595-c8486c1633ef","name":"operation of Broadcast sprayer; for growing winter wheat; at farm; 125HP, 60 ft wide"},"flow":{"@type":"Flow","@id":"ac537ca7-276a-3dc5-a957-d530462374a5","name":"operation of Broadcast sprayer; for growing winter wheat; at farm; 125HP, 60 ft wide"},"process":{"@type":"Process","@id":"0b661a5d-dc2d-3739-8858-85fe776b243a","name":"apply fertilizer; without incorporation, self-propelled broadcast sprayer, winter wheat; at farm"},"exchange":{"@type":"Exchange","internalId":4,"name":"operation of Broadcast sprayer; for growing winter wheat; at farm; 125HP, 60 ft wide"}},{"@type":"ProcessLink","provider":{"@type":"Process","@id":"28669d16-e01f-3895-9595-c8486c1633ef","name":"operation of Broadcast sprayer; for growing winter wheat; at farm; 125HP, 60 ft wide"},"flow":{"@type":"Flow","@id":"ac537ca7-276a-3dc5-a957-d530462374a5","name":"operation of Broadcast sprayer; for growing winter wheat; at farm; 125HP, 60 ft wide"},"process":{"@type":"Process","@id":"dccb2ca9-c5eb-3fb1-bff7-94c527772f53","name":"apply pesticide; broadcast with incorporation, self-propelled sprayer, winter wheat; at farm"},"exchange":{"@type":"Exchange","internalId":3,"name":"operation of Broadcast sprayer; for growing winter wheat; at farm; 125HP, 60 ft wide"}},{"@type":"ProcessLink","provider":{"@type":"Process","@id":"28669d16-e01f-3895-9595-c8486c1633ef","name":"operation of Broadcast sprayer; for growing winter wheat; at farm; 125HP, 60 ft wide"},"flow":{"@type":"Flow","@id":"ac537ca7-276a-3dc5-a957-d530462374a5","name":"operation of Broadcast sprayer; for growing winter wheat; at farm; 125HP, 60 ft wide"},"process":{"@type":"Process","@id":"ae4b21d9-a968-3a76-9bec-dd3dff716dc4","name":"apply fertilizer; with incorporation, self-propelled broadcast sprayer, winter wheat; at farm"},"exchange":{"@type":"Exchange","internalId":7,"name":"operation of Broadcast sprayer; for growing winter wheat; at farm; 125HP, 60 ft wide"}},{"@type":"ProcessLink","provider":{"@type":"Process","@id":"3ad4f937-22b4-382c-8613-da476ba48036","name":"operation of Broadcast sprayer; for growing winter wheat; at farm; 250HP, 90 ft wide"},"flow":{"@type":"Flow","@id":"06ececd1-47c4-3e91-b83a-294b1d9dead6","name":"operation of Broadcast sprayer; for growing winter wheat; at farm; 250HP, 90 ft wide"},"process":{"@type":"Process","@id":"0b661a5d-dc2d-3739-8858-85fe776b243a","name":"apply fertilizer; without incorporation, self-propelled broadcast sprayer, winter wheat; at farm"},"exchange":{"@type":"Exchange","internalId":2,"name":"operation of Broadcast sprayer; for growing winter wheat; at farm; 250HP, 90 ft wide"}},{"@type":"ProcessLink","provider":{"@type":"Process","@id":"3ad4f937-22b4-382c-8613-da476ba48036","name":"operation of Broadcast sprayer; for growing winter wheat; at farm; 250HP, 90 ft wide"},"flow":{"@type":"Flow","@id":"06ececd1-47c4-3e91-b83a-294b1d9dead6","name":"operation of Broadcast sprayer; for growing winter wheat; at farm; 250HP, 90 ft wide"},"process":{"@type":"Process","@id":"dccb2ca9-c5eb-3fb1-bff7-94c527772f53","name":"apply pesticide; broadcast with incorporation, self-propelled sprayer, winter wheat; at farm"},"exchange":{"@type":"Exchange","internalId":2,"name":"operation of Broadcast sprayer; for growing winter wheat; at farm; 250HP, 90 ft wide"}},{"@type":"ProcessLink","provider":{"@type":"Process","@id":"3ad4f937-22b4-382c-8613-da476ba48036","name":"operation of Broadcast sprayer; for growing winter wheat; at farm; 250HP, 90 ft wide"},"flow":{"@type":"Flow","@id":"06ececd1-47c4-3e91-b83a-294b1d9dead6","name":"operation of Broadcast sprayer; for growing winter wheat; at farm; 250HP, 90 ft wide"},"process":{"@type":"Process","@id":"ae4b21d9-a968-3a76-9bec-dd3dff716dc4","name":"apply fertilizer; with incorporation, self-propelled broadcast sprayer, winter wheat; at farm"},"exchange":{"@type":"Exchange","internalId":4,"name":"operation of Broadcast sprayer; for growing winter wheat; at farm; 250HP, 90 ft wide"}},{"@type":"ProcessLink","provider":{"@type":"Process","@id":"16657214-a319-e584-0416-ab15eedc17ec","name":"work; other ag. equip. for win wheat harvest, 2014 fleet, all fuels; 300-600HP"},"flow":{"@type":"Flow","@id":"24947f44-8808-3e89-b52b-de108a8cdf68","name":"work; other ag. equip. for win wheat harvest, 2014 fleet, all fuels; 300-600HP"},"process":{"@type":"Process","@id":"f0435f45-7447-312d-ae5a-4fc33aa73b3c","name":"operation of Harvester w/ pickup head (Forage harvester); for harvesting winter wheat; at farm; 315HP, 12 ft wide"},"exchange":{"@type":"Exchange","internalId":6,"name":"work; other ag. equip. for win wheat harvest, 2014 fleet, all fuels; 300-600HP"}},{"@type":"ProcessLink","provider":{"@type":"Process","@id":"55a7e79e-26e2-86a2-6a86-b792285a2b13","name":"work; sprayers for growing win wheat, 2014 fleet, all fuels; 100-175HP"},"flow":{"@type":"Flow","@id":"de93f927-c996-380f-8af0-2ab507b2f7aa","name":"work; sprayers for growing win wheat, 2014 fleet, all fuels; 100-175HP"},"process":{"@type":"Process","@id":"28669d16-e01f-3895-9595-c8486c1633ef","name":"operation of Broadcast sprayer; for growing winter wheat; at farm; 125HP, 60 ft wide"},"exchange":{"@type":"Exchange","internalId":2,"name":"work; sprayers for growing win wheat, 2014 fleet, all fuels; 100-175HP"}},{"@type":"ProcessLink","provider":{"@type":"Process","@id":"1f21ed13-8bde-3c8e-8492-5eefc8c989da","name":"operation of Tandem disk (Disk, tandem heavy primary op.); for growing winter wheat; at farm; 210HP tractor, 26 ft wide"},"flow":{"@type":"Flow","@id":"6921dd5a-ed48-31a1-9991-27b65c961f77","name":"operation of Tandem disk (Disk, tandem heavy primary op.); for growing winter wheat; at farm; 210HP tractor, 26 ft wide"},"process":{"@type":"Process","@id":"1a90a441-d6c2-3cb0-9ae8-8eea579a6c04","name":"apply liming materials; spreader and tandem disks, winter wheat; at farm"},"exchange":{"@type":"Exchange","internalId":9,"name":"operation of Tandem disk (Disk, tandem heavy primary op.); for growing winter wheat; at farm; 210HP tractor, 26 ft wide"}},{"@type":"ProcessLink","provider":{"@type":"Process","@id":"676ed157-59ba-33db-a901-244821a4b58c","name":"operation of Header-Draper; for harvesting winter wheat; at farm; 325HP tractor, 30 ft wide"},"flow":{"@type":"Flow","@id":"218428f4-23e6-3694-8cc0-8234aeb30ae5","name":"operation of Header-Draper; for harvesting winter wheat; at farm; 325HP tractor, 30 ft wide"},"process":{"@type":"Process","@id":"257dc661-3ea0-35be-9537-47e25231dfeb","name":"harvest; draper header with cart, winter wheat; at farm"},"exchange":{"@type":"Exchange","internalId":6,"name":"operation of Header-Draper; for harvesting winter wheat; at farm; 325HP tractor, 30 ft wide"}},{"@type":"ProcessLink","provider":{"@type":"Process","@id":"3e848667-548c-8633-b6a9-94c0da1c6faf","name":"work; sprayers for growing win wheat, 2014 fleet, all fuels; 175-300HP"},"flow":{"@type":"Flow","@id":"d56f0ebf-336d-3f9f-8101-6932c98e3174","name":"work; sprayers for growing win wheat, 2014 fleet, all fuels; 175-300HP"},"process":{"@type":"Process","@id":"3ad4f937-22b4-382c-8613-da476ba48036","name":"operation of Broadcast sprayer; for growing winter wheat; at farm; 250HP, 90 ft wide"},"exchange":{"@type":"Exchange","internalId":2,"name":"work; sprayers for growing win wheat, 2014 fleet, all fuels; 175-300HP"}},{"@type":"ProcessLink","provider":{"@type":"Process","@id":"56557361-a40c-33c9-bb69-34ce6a5e5bb5","name":"operation of Chisel plow (Chisel, st. pt.); for growing winter wheat; at farm; 155HP tractor, 20 ft wide"},"flow":{"@type":"Flow","@id":"1ad7912c-6de8-3df3-a81d-951a5cdbbd2d","name":"operation of Chisel plow (Chisel, st. pt.); for growing winter wheat; at farm; 155HP tractor, 20 ft wide"},"process":{"@type":"Process","@id":"110d671b-1147-3b49-b393-58944a21a410","name":"apply fertilizer; with incorporation, fertilizer spreader, winter wheat; at farm"},"exchange":{"@type":"Exchange","internalId":2,"name":"operation of Chisel plow (Chisel, st. pt.); for growing winter wheat; at farm; 155HP tractor, 20 ft wide"}},{"@type":"ProcessLink","provider":{"@type":"Process","@id":"56557361-a40c-33c9-bb69-34ce6a5e5bb5","name":"operation of Chisel plow (Chisel, st. pt.); for growing winter wheat; at farm; 155HP tractor, 20 ft wide"},"flow":{"@type":"Flow","@id":"1ad7912c-6de8-3df3-a81d-951a5cdbbd2d","name":"operation of Chisel plow (Chisel, st. pt.); for growing winter wheat; at farm; 155HP tractor, 20 ft wide"},"process":{"@type":"Process","@id":"41eabc12-ca22-3cbe-aae3-ceb4ddf7aa1d","name":"apply liming materials; spreader and chisel plow, winter wheat; at farm"},"exchange":{"@type":"Exchange","internalId":6,"name":"operation of Chisel plow (Chisel, st. pt.); for growing winter wheat; at farm; 155HP tractor, 20 ft wide"}},{"@type":"ProcessLink","provider":{"@type":"Process","@id":"56557361-a40c-33c9-bb69-34ce6a5e5bb5","name":"operation of Chisel plow (Chisel, st. pt.); for growing winter wheat; at farm; 155HP tractor, 20 ft wide"},"flow":{"@type":"Flow","@id":"1ad7912c-6de8-3df3-a81d-951a5cdbbd2d","name":"operation of Chisel plow (Chisel, st. pt.); for growing winter wheat; at farm; 155HP tractor, 20 ft wide"},"process":{"@type":"Process","@id":"a130ea05-69b1-301c-ac8b-9372190543b5","name":"apply pesticide; broadcast with incorporation, drawn sprayer, winter wheat; at farm"},"exchange":{"@type":"Exchange","internalId":4,"name":"operation of Chisel plow (Chisel, st. pt.); for growing winter wheat; at farm; 155HP tractor, 20 ft wide"}},{"@type":"ProcessLink","provider":{"@type":"Process","@id":"56557361-a40c-33c9-bb69-34ce6a5e5bb5","name":"operation of Chisel plow (Chisel, st. pt.); for growing winter wheat; at farm; 155HP tractor, 20 ft wide"},"flow":{"@type":"Flow","@id":"1ad7912c-6de8-3df3-a81d-951a5cdbbd2d","name":"operation of Chisel plow (Chisel, st. pt.); for growing winter wheat; at farm; 155HP tractor, 20 ft wide"},"process":{"@type":"Process","@id":"31646c71-3853-3439-8cc2-cd3fd72fe641","name":"apply fertilizer; with incorporation, drawn broadcast sprayer, winter wheat; at farm"},"exchange":{"@type":"Exchange","internalId":7,"name":"operation of Chisel plow (Chisel, st. pt.); for growing winter wheat; at farm; 155HP tractor, 20 ft wide"}},{"@type":"ProcessLink","provider":{"@type":"Process","@id":"56557361-a40c-33c9-bb69-34ce6a5e5bb5","name":"operation of Chisel plow (Chisel, st. pt.); for growing winter wheat; at farm; 155HP tractor, 20 ft wide"},"flow":{"@type":"Flow","@id":"1ad7912c-6de8-3df3-a81d-951a5cdbbd2d","name":"operation of Chisel plow (Chisel, st. pt.); for growing winter wheat; at farm; 155HP tractor, 20 ft wide"},"process":{"@type":"Process","@id":"dccb2ca9-c5eb-3fb1-bff7-94c527772f53","name":"apply pesticide; broadcast with incorporation, self-propelled sprayer, winter wheat; at farm"},"exchange":{"@type":"Exchange","internalId":4,"name":"operation of Chisel plow (Chisel, st. pt.); for growing winter wheat; at farm; 155HP tractor, 20 ft wide"}},{"@type":"ProcessLink","provider":{"@type":"Process","@id":"56557361-a40c-33c9-bb69-34ce6a5e5bb5","name":"operation of Chisel plow (Chisel, st. pt.); for growing winter wheat; at farm; 155HP tractor, 20 ft wide"},"flow":{"@type":"Flow","@id":"1ad7912c-6de8-3df3-a81d-951a5cdbbd2d","name":"operation of Chisel plow (Chisel, st. pt.); for growing winter wheat; at farm; 155HP tractor, 20 ft wide"},"process":{"@type":"Process","@id":"ae4b21d9-a968-3a76-9bec-dd3dff716dc4","name":"apply fertilizer; with incorporation, self-propelled broadcast sprayer, winter wheat; at farm"},"exchange":{"@type":"Exchange","internalId":2,"name":"operation of Chisel plow (Chisel, st. pt.); for growing winter wheat; at farm; 155HP tractor, 20 ft wide"}},{"@type":"ProcessLink","provider":{"@type":"Process","@id":"a96e61ea-2a15-3b26-8499-402ccae8a6f6","name":"operation of Tandem disk (Disk, tandem secondary op.); for growing winter wheat; at farm; 75HP tractor, 11 ft wide"},"flow":{"@type":"Flow","@id":"463cd78a-61f1-3b5d-aa5e-aa0e136e97c3","name":"operation of Tandem disk (Disk, tandem secondary op.); for growing winter wheat; at farm; 75HP tractor, 11 ft wide"},"process":{"@type":"Process","@id":"1a90a441-d6c2-3cb0-9ae8-8eea579a6c04","name":"apply liming materials; spreader and tandem disks, winter wheat; at farm"},"exchange":{"@type":"Exchange","internalId":7,"name":"operation of Tandem disk (Disk, tandem secondary op.); for growing winter wheat; at farm; 75HP tractor, 11 ft wide"}},{"@type":"ProcessLink","provider":{"@type":"Process","@id":"947688d3-ae4d-54e6-b1e5-c39214259949","name":"work; combines for win wheat harvest, 2014 fleet, all fuels; 175-300HP"},"flow":{"@type":"Flow","@id":"8a994eea-2171-34fb-8b55-d94af793d19c","name":"work; combines for win wheat harvest, 2014 fleet, all fuels; 175-300HP"},"process":{"@type":"Process","@id":"99a933a7-6a12-3e55-9ee6-e84fd28640dc","name":"operation of Combine w/ grain head; for harvesting winter wheat; at farm; 220HP, 20 ft wide"},"exchange":{"@type":"Exchange","internalId":3,"name":"work; combines for win wheat harvest, 2014 fleet, all fuels; 175-300HP"}},{"@type":"ProcessLink","provider":{"@type":"Process","@id":"947688d3-ae4d-54e6-b1e5-c39214259949","name":"work; combines for win wheat harvest, 2014 fleet, all fuels; 175-300HP"},"flow":{"@type":"Flow","@id":"8a994eea-2171-34fb-8b55-d94af793d19c","name":"work; combines for win wheat harvest, 2014 fleet, all fuels; 175-300HP"},"process":{"@type":"Process","@id":"42dda694-cb80-3c9f-a2a4-b1943a045668","name":"operation of Combine w/ grain head; for harvesting winter wheat; at farm; 275HP, 20 ft wide"},"exchange":{"@type":"Exchange","internalId":6,"name":"work; combines for win wheat harvest, 2014 fleet, all fuels; 175-300HP"}},{"@type":"ProcessLink","provider":{"@type":"Process","@id":"64cecbe5-b723-3887-9f11-952e6edef01b","name":"operation of Broadcast sprayer; for growing winter wheat; at farm; 150HP tractor, 51 ft wide"},"flow":{"@type":"Flow","@id":"399462e2-b233-35c9-964b-19895a1f5ab6","name":"operation of Broadcast sprayer; for growing winter wheat; at farm; 150HP tractor, 51 ft wide"},"process":{"@type":"Process","@id":"a130ea05-69b1-301c-ac8b-9372190543b5","name":"apply pesticide; broadcast with incorporation, drawn sprayer, winter wheat; at farm"},"exchange":{"@type":"Exchange","internalId":6,"name":"operation of Broadcast sprayer; for growing winter wheat; at farm; 150HP tractor, 51 ft wide"}},{"@type":"ProcessLink","provider":{"@type":"Process","@id":"64cecbe5-b723-3887-9f11-952e6edef01b","name":"operation of Broadcast sprayer; for growing winter wheat; at farm; 150HP tractor, 51 ft wide"},"flow":{"@type":"Flow","@id":"399462e2-b233-35c9-964b-19895a1f5ab6","name":"operation of Broadcast sprayer; for growing winter wheat; at farm; 150HP tractor, 51 ft wide"},"process":{"@type":"Process","@id":"31646c71-3853-3439-8cc2-cd3fd72fe641","name":"apply fertilizer; with incorporation, drawn broadcast sprayer, winter wheat; at farm"},"exchange":{"@type":"Exchange","internalId":4,"name":"operation of Broadcast sprayer; for growing winter wheat; at farm; 150HP tractor, 51 ft wide"}},{"@type":"ProcessLink","provider":{"@type":"Process","@id":"64cecbe5-b723-3887-9f11-952e6edef01b","name":"operation of Broadcast sprayer; for growing winter wheat; at farm; 150HP tractor, 51 ft wide"},"flow":{"@type":"Flow","@id":"399462e2-b233-35c9-964b-19895a1f5ab6","name":"operation of Broadcast sprayer; for growing winter wheat; at farm; 150HP tractor, 51 ft wide"},"process":{"@type":"Process","@id":"ebbed6a3-3d16-3315-98a4-5ab0261ee177","name":"apply fertilizer; without incorporation, drawn broadcast sprayer, winter wheat; at farm"},"exchange":{"@type":"Exchange","internalId":4,"name":"operation of Broadcast sprayer; for growing winter wheat; at farm; 150HP tractor, 51 ft wide"}},{"@type":"ProcessLink","provider":{"@type":"Process","@id":"c0508675-d384-7e78-c6cd-e9c951ec8396","name":"work; ag. tractors for growing win wheat, 2014 fleet, all fuels; 100-175HP"},"flow":{"@type":"Flow","@id":"fca10ec1-f0cf-37fb-b01e-07752f6119f1","name":"work; ag. tractors for growing win wheat, 2014 fleet, all fuels; 100-175HP"},"process":{"@type":"Process","@id":"9ccea3ab-7b0d-3da5-b4c5-776ecb59bf92","name":"operation of Tandem disk (Disk, tandem secondary op.); for growing winter wheat; at farm; 175HP tractor, 26 ft wide"},"exchange":{"@type":"Exchange","internalId":2,"name":"work; ag. tractors for growing win wheat, 2014 fleet, all fuels; 100-175HP"}},{"@type":"ProcessLink","provider":{"@type":"Process","@id":"c0508675-d384-7e78-c6cd-e9c951ec8396","name":"work; ag. tractors for growing win wheat, 2014 fleet, all fuels; 100-175HP"},"flow":{"@type":"Flow","@id":"fca10ec1-f0cf-37fb-b01e-07752f6119f1","name":"work; ag. tractors for growing win wheat, 2014 fleet, all fuels; 100-175HP"},"process":{"@type":"Process","@id":"64cecbe5-b723-3887-9f11-952e6edef01b","name":"operation of Broadcast sprayer; for growing winter wheat; at farm; 150HP tractor, 51 ft wide"},"exchange":{"@type":"Exchange","internalId":2,"name":"work; ag. tractors for growing win wheat, 2014 fleet, all fuels; 100-175HP"}},{"@type":"ProcessLink","provider":{"@type":"Process","@id":"c0508675-d384-7e78-c6cd-e9c951ec8396","name":"work; ag. tractors for growing win wheat, 2014 fleet, all fuels; 100-175HP"},"flow":{"@type":"Flow","@id":"fca10ec1-f0cf-37fb-b01e-07752f6119f1","name":"work; ag. tractors for growing win wheat, 2014 fleet, all fuels; 100-175HP"},"process":{"@type":"Process","@id":"1f49add8-6d1a-3d40-abd1-9522f8244b64","name":"operation of Tandem disk (Disk, tandem secondary op.); for growing winter wheat; at farm; 120HP tractor, 15 ft wide"},"exchange":{"@type":"Exchange","internalId":2,"name":"work; ag. tractors for growing win wheat, 2014 fleet, all fuels; 100-175HP"}},{"@type":"ProcessLink","provider":{"@type":"Process","@id":"c0508675-d384-7e78-c6cd-e9c951ec8396","name":"work; ag. tractors for growing win wheat, 2014 fleet, all fuels; 100-175HP"},"flow":{"@type":"Flow","@id":"fca10ec1-f0cf-37fb-b01e-07752f6119f1","name":"work; ag. tractors for growing win wheat, 2014 fleet, all fuels; 100-175HP"},"process":{"@type":"Process","@id":"56557361-a40c-33c9-bb69-34ce6a5e5bb5","name":"operation of Chisel plow (Chisel, st. pt.); for growing winter wheat; at farm; 155HP tractor, 20 ft wide"},"exchange":{"@type":"Exchange","internalId":4,"name":"work; ag. tractors for growing win wheat, 2014 fleet, all fuels; 100-175HP"}},{"@type":"ProcessLink","provider":{"@type":"Process","@id":"c0508675-d384-7e78-c6cd-e9c951ec8396","name":"work; ag. tractors for growing win wheat, 2014 fleet, all fuels; 100-175HP"},"flow":{"@type":"Flow","@id":"fca10ec1-f0cf-37fb-b01e-07752f6119f1","name":"work; ag. tractors for growing win wheat, 2014 fleet, all fuels; 100-175HP"},"process":{"@type":"Process","@id":"7255837a-7360-3d46-be38-ba151bc8bf2f","name":"operation of Broadcast sprayer; for growing winter wheat; at farm; 170HP tractor, 55 ft wide"},"exchange":{"@type":"Exchange","internalId":4,"name":"work; ag. tractors for growing win wheat, 2014 fleet, all fuels; 100-175HP"}},{"@type":"ProcessLink","provider":{"@type":"Process","@id":"c0508675-d384-7e78-c6cd-e9c951ec8396","name":"work; ag. tractors for growing win wheat, 2014 fleet, all fuels; 100-175HP"},"flow":{"@type":"Flow","@id":"fca10ec1-f0cf-37fb-b01e-07752f6119f1","name":"work; ag. tractors for growing win wheat, 2014 fleet, all fuels; 100-175HP"},"process":{"@type":"Process","@id":"9bc42fad-74b3-36dc-b3dd-ec09be3a3a70","name":"operation of Tandem disk (Disk, tandem heavy primary op.); for growing winter wheat; at farm; 145HP tractor, 15 ft wide"},"exchange":{"@type":"Exchange","internalId":4,"name":"work; ag. tractors for growing win wheat, 2014 fleet, all fuels; 100-175HP"}},{"@type":"ProcessLink","provider":{"@type":"Process","@id":"ebbed6a3-3d16-3315-98a4-5ab0261ee177","name":"apply fertilizer; without incorporation, drawn broadcast sprayer, winter wheat; at farm"},"flow":{"@type":"Flow","@id":"1a6ce510-a02d-33fe-b296-3ef03ce371d8","name":"apply fertilizer; without incorporation, drawn broadcast sprayer, winter wheat; at farm"},"process":{"@type":"Process","@id":"b6ab2d78-5ca3-3033-bc6a-05ec7338d5da","name":"winter wheat; at harvest; at farm; wet basis"},"exchange":{"@type":"Exchange","internalId":76,"name":"apply fertilizer; without incorporation, drawn broadcast sprayer, winter wheat; at farm"}},{"@type":"ProcessLink","provider":{"@type":"Process","@id":"027e7cb6-0b84-3b53-bd1d-e3498be149ee","name":"operation of Chisel plow (Chisel, st. pt.); for growing winter wheat; at farm; 225HP tractor, 28 ft wide"},"flow":{"@type":"Flow","@id":"b672e928-de14-3ca5-8661-621e8fe9f43a","name":"operation of Chisel plow (Chisel, st. pt.); for growing winter wheat; at farm; 225HP tractor, 28 ft wide"},"process":{"@type":"Process","@id":"110d671b-1147-3b49-b393-58944a21a410","name":"apply fertilizer; with incorporation, fertilizer spreader, winter wheat; at farm"},"exchange":{"@type":"Exchange","internalId":7,"name":"operation of Chisel plow (Chisel, st. pt.); for growing winter wheat; at farm; 225HP tractor, 28 ft wide"}},{"@type":"ProcessLink","provider":{"@type":"Process","@id":"027e7cb6-0b84-3b53-bd1d-e3498be149ee","name":"operation of Chisel plow (Chisel, st. pt.); for growing winter wheat; at farm; 225HP tractor, 28 ft wide"},"flow":{"@type":"Flow","@id":"b672e928-de14-3ca5-8661-621e8fe9f43a","name":"operation of Chisel plow (Chisel, st. pt.); for growing winter wheat; at farm; 225HP tractor, 28 ft wide"},"process":{"@type":"Process","@id":"41eabc12-ca22-3cbe-aae3-ceb4ddf7aa1d","name":"apply liming materials; spreader and chisel plow, winter wheat; at farm"},"exchange":{"@type":"Exchange","internalId":2,"name":"operation of Chisel plow (Chisel, st. pt.); for growing winter wheat; at farm; 225HP tractor, 28 ft wide"}},{"@type":"ProcessLink","provider":{"@type":"Process","@id":"027e7cb6-0b84-3b53-bd1d-e3498be149ee","name":"operation of Chisel plow (Chisel, st. pt.); for growing winter wheat; at farm; 225HP tractor, 28 ft wide"},"flow":{"@type":"Flow","@id":"b672e928-de14-3ca5-8661-621e8fe9f43a","name":"operation of Chisel plow (Chisel, st. pt.); for growing winter wheat; at farm; 225HP tractor, 28 ft wide"},"process":{"@type":"Process","@id":"a130ea05-69b1-301c-ac8b-9372190543b5","name":"apply pesticide; broadcast with incorporation, drawn sprayer, winter wheat; at farm"},"exchange":{"@type":"Exchange","internalId":3,"name":"operation of Chisel plow (Chisel, st. pt.); for growing winter wheat; at farm; 225HP tractor, 28 ft wide"}},{"@type":"ProcessLink","provider":{"@type":"Process","@id":"027e7cb6-0b84-3b53-bd1d-e3498be149ee","name":"operation of Chisel plow (Chisel, st. pt.); for growing winter wheat; at farm; 225HP tractor, 28 ft wide"},"flow":{"@type":"Flow","@id":"b672e928-de14-3ca5-8661-621e8fe9f43a","name":"operation of Chisel plow (Chisel, st. pt.); for growing winter wheat; at farm; 225HP tractor, 28 ft wide"},"process":{"@type":"Process","@id":"31646c71-3853-3439-8cc2-cd3fd72fe641","name":"apply fertilizer; with incorporation, drawn broadcast sprayer, winter wheat; at farm"},"exchange":{"@type":"Exchange","internalId":3,"name":"operation of Chisel plow (Chisel, st. pt.); for growing winter wheat; at farm; 225HP tractor, 28 ft wide"}},{"@type":"ProcessLink","provider":{"@type":"Process","@id":"027e7cb6-0b84-3b53-bd1d-e3498be149ee","name":"operation of Chisel plow (Chisel, st. pt.); for growing winter wheat; at farm; 225HP tractor, 28 ft wide"},"flow":{"@type":"Flow","@id":"b672e928-de14-3ca5-8661-621e8fe9f43a","name":"operation of Chisel plow (Chisel, st. pt.); for growing winter wheat; at farm; 225HP tractor, 28 ft wide"},"process":{"@type":"Process","@id":"dccb2ca9-c5eb-3fb1-bff7-94c527772f53","name":"apply pesticide; broadcast with incorporation, self-propelled sprayer, winter wheat; at farm"},"exchange":{"@type":"Exchange","internalId":6,"name":"operation of Chisel plow (Chisel, st. pt.); for growing winter wheat; at farm; 225HP tractor, 28 ft wide"}},{"@type":"ProcessLink","provider":{"@type":"Process","@id":"027e7cb6-0b84-3b53-bd1d-e3498be149ee","name":"operation of Chisel plow (Chisel, st. pt.); for growing winter wheat; at farm; 225HP tractor, 28 ft wide"},"flow":{"@type":"Flow","@id":"b672e928-de14-3ca5-8661-621e8fe9f43a","name":"operation of Chisel plow (Chisel, st. pt.); for growing winter wheat; at farm; 225HP tractor, 28 ft wide"},"process":{"@type":"Process","@id":"ae4b21d9-a968-3a76-9bec-dd3dff716dc4","name":"apply fertilizer; with incorporation, self-propelled broadcast sprayer, winter wheat; at farm"},"exchange":{"@type":"Exchange","internalId":3,"name":"operation of Chisel plow (Chisel, st. pt.); for growing winter wheat; at farm; 225HP tractor, 28 ft wide"}},{"@type":"ProcessLink","provider":{"@type":"Process","@id":"afc94681-a16e-30f4-b850-c35aaf14dc4a","name":"operation of Broadcast sprayer; for growing winter wheat; at farm; 60HP tractor, 37 ft wide"},"flow":{"@type":"Flow","@id":"41e4fbad-7776-39ea-bd25-0ee1955050f8","name":"operation of Broadcast sprayer; for growing winter wheat; at farm; 60HP tractor, 37 ft wide"},"process":{"@type":"Process","@id":"a130ea05-69b1-301c-ac8b-9372190543b5","name":"apply pesticide; broadcast with incorporation, drawn sprayer, winter wheat; at farm"},"exchange":{"@type":"Exchange","internalId":5,"name":"operation of Broadcast sprayer; for growing winter wheat; at farm; 60HP tractor, 37 ft wide"}},{"@type":"ProcessLink","provider":{"@type":"Process","@id":"afc94681-a16e-30f4-b850-c35aaf14dc4a","name":"operation of Broadcast sprayer; for growing winter wheat; at farm; 60HP tractor, 37 ft wide"},"flow":{"@type":"Flow","@id":"41e4fbad-7776-39ea-bd25-0ee1955050f8","name":"operation of Broadcast sprayer; for growing winter wheat; at farm; 60HP tractor, 37 ft wide"},"process":{"@type":"Process","@id":"31646c71-3853-3439-8cc2-cd3fd72fe641","name":"apply fertilizer; with incorporation, drawn broadcast sprayer, winter wheat; at farm"},"exchange":{"@type":"Exchange","internalId":2,"name":"operation of Broadcast sprayer; for growing winter wheat; at farm; 60HP tractor, 37 ft wide"}},{"@type":"ProcessLink","provider":{"@type":"Process","@id":"afc94681-a16e-30f4-b850-c35aaf14dc4a","name":"operation of Broadcast sprayer; for growing winter wheat; at farm; 60HP tractor, 37 ft wide"},"flow":{"@type":"Flow","@id":"41e4fbad-7776-39ea-bd25-0ee1955050f8","name":"operation of Broadcast sprayer; for growing winter wheat; at farm; 60HP tractor, 37 ft wide"},"process":{"@type":"Process","@id":"ebbed6a3-3d16-3315-98a4-5ab0261ee177","name":"apply fertilizer; without incorporation, drawn broadcast sprayer, winter wheat; at farm"},"exchange":{"@type":"Exchange","internalId":2,"name":"operation of Broadcast sprayer; for growing winter wheat; at farm; 60HP tractor, 37 ft wide"}},{"@type":"ProcessLink","provider":{"@type":"Process","@id":"bb4bf04c-893f-3423-a1ee-f2b1f3584d49","name":"harvest; drawn forage harvester, winter wheat residue; at farm"},"flow":{"@type":"Flow","@id":"dd93197b-eca0-38e5-9812-5e408dfca53a","name":"harvest; drawn forage harvester, winter wheat residue; at farm"},"process":{"@type":"Process","@id":"b6ab2d78-5ca3-3033-bc6a-05ec7338d5da","name":"winter wheat; at harvest; at farm; wet basis"},"exchange":{"@type":"Exchange","internalId":598,"name":"harvest; drawn forage harvester, winter wheat residue; at farm"}},{"@type":"ProcessLink","provider":{"@type":"Process","@id":"2b35638d-acef-375c-8942-d92adedf214a","name":"operation of Chisel plow (Chisel, st. pt.); for growing winter wheat; at farm; 310HP tractor, 36 ft wide"},"flow":{"@type":"Flow","@id":"3718df31-d7e4-37fd-bb18-de458d48c555","name":"operation of Chisel plow (Chisel, st. pt.); for growing winter wheat; at farm; 310HP tractor, 36 ft wide"},"process":{"@type":"Process","@id":"110d671b-1147-3b49-b393-58944a21a410","name":"apply fertilizer; with incorporation, fertilizer spreader, winter wheat; at farm"},"exchange":{"@type":"Exchange","internalId":6,"name":"operation of Chisel plow (Chisel, st. pt.); for growing winter wheat; at farm; 310HP tractor, 36 ft wide"}},{"@type":"ProcessLink","provider":{"@type":"Process","@id":"2b35638d-acef-375c-8942-d92adedf214a","name":"operation of Chisel plow (Chisel, st. pt.); for growing winter wheat; at farm; 310HP tractor, 36 ft wide"},"flow":{"@type":"Flow","@id":"3718df31-d7e4-37fd-bb18-de458d48c555","name":"operation of Chisel plow (Chisel, st. pt.); for growing winter wheat; at farm; 310HP tractor, 36 ft wide"},"process":{"@type":"Process","@id":"41eabc12-ca22-3cbe-aae3-ceb4ddf7aa1d","name":"apply liming materials; spreader and chisel plow, winter wheat; at farm"},"exchange":{"@type":"Exchange","internalId":4,"name":"operation of Chisel plow (Chisel, st. pt.); for growing winter wheat; at farm; 310HP tractor, 36 ft wide"}},{"@type":"ProcessLink","provider":{"@type":"Process","@id":"2b35638d-acef-375c-8942-d92adedf214a","name":"operation of Chisel plow (Chisel, st. pt.); for growing winter wheat; at farm; 310HP tractor, 36 ft wide"},"flow":{"@type":"Flow","@id":"3718df31-d7e4-37fd-bb18-de458d48c555","name":"operation of Chisel plow (Chisel, st. pt.); for growing winter wheat; at farm; 310HP tractor, 36 ft wide"},"process":{"@type":"Process","@id":"a130ea05-69b1-301c-ac8b-9372190543b5","name":"apply pesticide; broadcast with incorporation, drawn sprayer, winter wheat; at farm"},"exchange":{"@type":"Exchange","internalId":7,"name":"operation of Chisel plow (Chisel, st. pt.); for growing winter wheat; at farm; 310HP tractor, 36 ft wide"}},{"@type":"ProcessLink","provider":{"@type":"Process","@id":"2b35638d-acef-375c-8942-d92adedf214a","name":"operation of Chisel plow (Chisel, st. pt.); for growing winter wheat; at farm; 310HP tractor, 36 ft wide"},"flow":{"@type":"Flow","@id":"3718df31-d7e4-37fd-bb18-de458d48c555","name":"operation of Chisel plow (Chisel, st. pt.); for growing winter wheat; at farm; 310HP tractor, 36 ft wide"},"process":{"@type":"Process","@id":"31646c71-3853-3439-8cc2-cd3fd72fe641","name":"apply fertilizer; with incorporation, drawn broadcast sprayer, winter wheat; at farm"},"exchange":{"@type":"Exchange","internalId":6,"name":"operation of Chisel plow (Chisel, st. pt.); for growing winter wheat; at farm; 310HP tractor, 36 ft wide"}},{"@type":"ProcessLink","provider":{"@type":"Process","@id":"2b35638d-acef-375c-8942-d92adedf214a","name":"operation of Chisel plow (Chisel, st. pt.); for growing winter wheat; at farm; 310HP tractor, 36 ft wide"},"flow":{"@type":"Flow","@id":"3718df31-d7e4-37fd-bb18-de458d48c555","name":"operation of Chisel plow (Chisel, st. pt.); for growing winter wheat; at farm; 310HP tractor, 36 ft wide"},"process":{"@type":"Process","@id":"dccb2ca9-c5eb-3fb1-bff7-94c527772f53","name":"apply pesticide; broadcast with incorporation, self-propelled sprayer, winter wheat; at farm"},"exchange":{"@type":"Exchange","internalId":7,"name":"operation of Chisel plow (Chisel, st. pt.); for growing winter wheat; at farm; 310HP tractor, 36 ft wide"}},{"@type":"ProcessLink","provider":{"@type":"Process","@id":"2b35638d-acef-375c-8942-d92adedf214a","name":"operation of Chisel plow (Chisel, st. pt.); for growing winter wheat; at farm; 310HP tractor, 36 ft wide"},"flow":{"@type":"Flow","@id":"3718df31-d7e4-37fd-bb18-de458d48c555","name":"operation of Chisel plow (Chisel, st. pt.); for growing winter wheat; at farm; 310HP tractor, 36 ft wide"},"process":{"@type":"Process","@id":"ae4b21d9-a968-3a76-9bec-dd3dff716dc4","name":"apply fertilizer; with incorporation, self-propelled broadcast sprayer, winter wheat; at farm"},"exchange":{"@type":"Exchange","internalId":5,"name":"operation of Chisel plow (Chisel, st. pt.); for growing winter wheat; at farm; 310HP tractor, 36 ft wide"}},{"@type":"ProcessLink","provider":{"@type":"Process","@id":"41eabc12-ca22-3cbe-aae3-ceb4ddf7aa1d","name":"apply liming materials; spreader and chisel plow, winter wheat; at farm"},"flow":{"@type":"Flow","@id":"b511992e-a71e-3db1-9aa0-181ec196fdc6","name":"apply liming materials; spreader and chisel plow, winter wheat; at farm"},"process":{"@type":"Process","@id":"b6ab2d78-5ca3-3033-bc6a-05ec7338d5da","name":"winter wheat; at harvest; at farm; wet basis"},"exchange":{"@type":"Exchange","internalId":255,"name":"apply liming materials; spreader and chisel plow, winter wheat; at farm"}},{"@type":"ProcessLink","provider":{"@type":"Process","@id":"7bc57c26-358c-32b7-88ab-c2539714cb0f","name":"operation of Header-Wheat-sorghum; for harvesting winter wheat; at farm; 325HP tractor, 25 ft wide"},"flow":{"@type":"Flow","@id":"10ff30ff-7b4e-3cc4-ae34-9585705878bd","name":"operation of Header-Wheat-sorghum; for harvesting winter wheat; at farm; 325HP tractor, 25 ft wide"},"process":{"@type":"Process","@id":"6bba461f-94af-397e-bb13-fa2384eb4038","name":"harvest; wheat header with cart, winter wheat; at farm"},"exchange":{"@type":"Exchange","internalId":7,"name":"operation of Header-Wheat-sorghum; for harvesting winter wheat; at farm; 325HP tractor, 25 ft wide"}},{"@type":"ProcessLink","provider":{"@type":"Process","@id":"2b93f099-4d54-ceaa-a08c-2a54408d2227","name":"work; ag. tractors for growing win wheat, 2014 fleet, all fuels; 300-600HP"},"flow":{"@type":"Flow","@id":"a2938f97-46b6-3572-b3e3-8b2c8e8c9af3","name":"work; ag. tractors for growing win wheat, 2014 fleet, all fuels; 300-600HP"},"process":{"@type":"Process","@id":"2b35638d-acef-375c-8942-d92adedf214a","name":"operation of Chisel plow (Chisel, st. pt.); for growing winter wheat; at farm; 310HP tractor, 36 ft wide"},"exchange":{"@type":"Exchange","internalId":6,"name":"work; ag. tractors for growing win wheat, 2014 fleet, all fuels; 300-600HP"}},{"@type":"ProcessLink","provider":{"@type":"Process","@id":"9c34f8e4-88ee-a1a5-2ef9-181de5c63eea","name":"work; ag. tractors for growing win wheat, 2014 fleet, all fuels; 175-300HP"},"flow":{"@type":"Flow","@id":"c1f90e27-ff11-34eb-9c2b-83ae1f116980","name":"work; ag. tractors for growing win wheat, 2014 fleet, all fuels; 175-300HP"},"process":{"@type":"Process","@id":"0ba0094f-a545-3b10-8075-b14dbff479b3","name":"operation of Dry spreader; for growing winter wheat; at farm; 190HP tractor, 31 ft wide"},"exchange":{"@type":"Exchange","internalId":3,"name":"work; ag. tractors for growing win wheat, 2014 fleet, all fuels; 175-300HP"}},{"@type":"ProcessLink","provider":{"@type":"Process","@id":"9c34f8e4-88ee-a1a5-2ef9-181de5c63eea","name":"work; ag. tractors for growing win wheat, 2014 fleet, all fuels; 175-300HP"},"flow":{"@type":"Flow","@id":"c1f90e27-ff11-34eb-9c2b-83ae1f116980","name":"work; ag. tractors for growing win wheat, 2014 fleet, all fuels; 175-300HP"},"process":{"@type":"Process","@id":"3da657bf-69d2-382f-899d-335174303787","name":"operation of Dry spreader; for growing winter wheat; at farm; 240HP tractor, 38 ft wide"},"exchange":{"@type":"Exchange","internalId":4,"name":"work; ag. tractors for growing win wheat, 2014 fleet, all fuels; 175-300HP"}},{"@type":"ProcessLink","provider":{"@type":"Process","@id":"9c34f8e4-88ee-a1a5-2ef9-181de5c63eea","name":"work; ag. tractors for growing win wheat, 2014 fleet, all fuels; 175-300HP"},"flow":{"@type":"Flow","@id":"c1f90e27-ff11-34eb-9c2b-83ae1f116980","name":"work; ag. tractors for growing win wheat, 2014 fleet, all fuels; 175-300HP"},"process":{"@type":"Process","@id":"434d3fd3-2fea-367e-8b27-cbf0a6a52c9c","name":"operation of Dry spreader; for growing winter wheat; at farm; 280HP tractor, 44 ft wide"},"exchange":{"@type":"Exchange","internalId":5,"name":"work; ag. tractors for growing win wheat, 2014 fleet, all fuels; 175-300HP"}},{"@type":"ProcessLink","provider":{"@type":"Process","@id":"9c34f8e4-88ee-a1a5-2ef9-181de5c63eea","name":"work; ag. tractors for growing win wheat, 2014 fleet, all fuels; 175-300HP"},"flow":{"@type":"Flow","@id":"c1f90e27-ff11-34eb-9c2b-83ae1f116980","name":"work; ag. tractors for growing win wheat, 2014 fleet, all fuels; 175-300HP"},"process":{"@type":"Process","@id":"027e7cb6-0b84-3b53-bd1d-e3498be149ee","name":"operation of Chisel plow (Chisel, st. pt.); for growing winter wheat; at farm; 225HP tractor, 28 ft wide"},"exchange":{"@type":"Exchange","internalId":3,"name":"work; ag. tractors for growing win wheat, 2014 fleet, all fuels; 175-300HP"}},{"@type":"ProcessLink","provider":{"@type":"Process","@id":"9c34f8e4-88ee-a1a5-2ef9-181de5c63eea","name":"work; ag. tractors for growing win wheat, 2014 fleet, all fuels; 175-300HP"},"flow":{"@type":"Flow","@id":"c1f90e27-ff11-34eb-9c2b-83ae1f116980","name":"work; ag. tractors for growing win wheat, 2014 fleet, all fuels; 175-300HP"},"process":{"@type":"Process","@id":"1f21ed13-8bde-3c8e-8492-5eefc8c989da","name":"operation of Tandem disk (Disk, tandem heavy primary op.); for growing winter wheat; at farm; 210HP tractor, 26 ft wide"},"exchange":{"@type":"Exchange","internalId":2,"name":"work; ag. tractors for growing win wheat, 2014 fleet, all fuels; 175-300HP"}},{"@type":"ProcessLink","provider":{"@type":"Process","@id":"e1ade26a-3584-9b52-c66b-f622cddf6e35","name":"work; ag. tractors for growing win wheat, 2014 fleet, all fuels; 50-100HP"},"flow":{"@type":"Flow","@id":"b5f5c718-a4cf-3dcc-9066-06bfa7de4678","name":"work; ag. tractors for growing win wheat, 2014 fleet, all fuels; 50-100HP"},"process":{"@type":"Process","@id":"5013637c-a81f-31b7-bdef-58ed1e80daa2","name":"operation of Tandem disk (Disk, tandem heavy primary op.); for growing winter wheat; at farm; 90HP tractor, 11 ft wide"},"exchange":{"@type":"Exchange","internalId":4,"name":"work; ag. tractors for growing win wheat, 2014 fleet, all fuels; 50-100HP"}},{"@type":"ProcessLink","provider":{"@type":"Process","@id":"e1ade26a-3584-9b52-c66b-f622cddf6e35","name":"work; ag. tractors for growing win wheat, 2014 fleet, all fuels; 50-100HP"},"flow":{"@type":"Flow","@id":"b5f5c718-a4cf-3dcc-9066-06bfa7de4678","name":"work; ag. tractors for growing win wheat, 2014 fleet, all fuels; 50-100HP"},"process":{"@type":"Process","@id":"a96e61ea-2a15-3b26-8499-402ccae8a6f6","name":"operation of Tandem disk (Disk, tandem secondary op.); for growing winter wheat; at farm; 75HP tractor, 11 ft wide"},"exchange":{"@type":"Exchange","internalId":6,"name":"work; ag. tractors for growing win wheat, 2014 fleet, all fuels; 50-100HP"}},{"@type":"ProcessLink","provider":{"@type":"Process","@id":"e1ade26a-3584-9b52-c66b-f622cddf6e35","name":"work; ag. tractors for growing win wheat, 2014 fleet, all fuels; 50-100HP"},"flow":{"@type":"Flow","@id":"b5f5c718-a4cf-3dcc-9066-06bfa7de4678","name":"work; ag. tractors for growing win wheat, 2014 fleet, all fuels; 50-100HP"},"process":{"@type":"Process","@id":"afc94681-a16e-30f4-b850-c35aaf14dc4a","name":"operation of Broadcast sprayer; for growing winter wheat; at farm; 60HP tractor, 37 ft wide"},"exchange":{"@type":"Exchange","internalId":4,"name":"work; ag. tractors for growing win wheat, 2014 fleet, all fuels; 50-100HP"}},{"@type":"ProcessLink","provider":{"@type":"Process","@id":"110d671b-1147-3b49-b393-58944a21a410","name":"apply fertilizer; with incorporation, fertilizer spreader, winter wheat; at farm"},"flow":{"@type":"Flow","@id":"82a521d9-1985-3c12-8567-568be823e7f2","name":"apply fertilizer; with incorporation, fertilizer spreader, winter wheat; at farm"},"process":{"@type":"Process","@id":"b6ab2d78-5ca3-3033-bc6a-05ec7338d5da","name":"winter wheat; at harvest; at farm; wet basis"},"exchange":{"@type":"Exchange","internalId":137,"name":"apply fertilizer; with incorporation, fertilizer spreader, winter wheat; at farm"}},{"@type":"ProcessLink","provider":{"@type":"Process","@id":"503b00a4-9475-4d3e-7cb1-8581a67af41f","name":"work; ag. tractors for win wheat harvest, 2014 fleet, all fuels; 50-100HP"},"flow":{"@type":"Flow","@id":"888dec30-4b27-38a3-9329-4f140d0ec186","name":"work; ag. tractors for win wheat harvest, 2014 fleet, all fuels; 50-100HP"},"process":{"@type":"Process","@id":"88f524ce-fe79-32b4-857c-e12470e33a16","name":"operation of Forage harvester; for harvesting winter wheat; at farm; 100HP tractor, 6 ft wide"},"exchange":{"@type":"Exchange","internalId":2,"name":"work; ag. tractors for win wheat harvest, 2014 fleet, all fuels; 50-100HP"}},{"@type":"ProcessLink","provider":{"@type":"Process","@id":"2aa9938e-a461-3bdd-9091-4f2dfcaf25ce","name":"operation of Wheat-sorghum grain cart; for harvesting winter wheat; at farm; 190HP tractor, 1000 bu"},"flow":{"@type":"Flow","@id":"7554e6d0-ce84-32b3-adff-5412ad554f21","name":"operation of Wheat-sorghum grain cart; for harvesting winter wheat; at farm; 190HP tractor, 1000 bu"},"process":{"@type":"Process","@id":"bdcf2b78-f4f5-385a-b886-29f8e88deaa9","name":"harvest; combine with cart, winter wheat; at farm"},"exchange":{"@type":"Exchange","internalId":6,"name":"operation of Wheat-sorghum grain cart; for harvesting winter wheat; at farm; 190HP tractor, 1000 bu"}},{"@type":"ProcessLink","provider":{"@type":"Process","@id":"2aa9938e-a461-3bdd-9091-4f2dfcaf25ce","name":"operation of Wheat-sorghum grain cart; for harvesting winter wheat; at farm; 190HP tractor, 1000 bu"},"flow":{"@type":"Flow","@id":"7554e6d0-ce84-32b3-adff-5412ad554f21","name":"operation of Wheat-sorghum grain cart; for harvesting winter wheat; at farm; 190HP tractor, 1000 bu"},"process":{"@type":"Process","@id":"6bba461f-94af-397e-bb13-fa2384eb4038","name":"harvest; wheat header with cart, winter wheat; at farm"},"exchange":{"@type":"Exchange","internalId":2,"name":"operation of Wheat-sorghum grain cart; for harvesting winter wheat; at farm; 190HP tractor, 1000 bu"}},{"@type":"ProcessLink","provider":{"@type":"Process","@id":"2aa9938e-a461-3bdd-9091-4f2dfcaf25ce","name":"operation of Wheat-sorghum grain cart; for harvesting winter wheat; at farm; 190HP tractor, 1000 bu"},"flow":{"@type":"Flow","@id":"7554e6d0-ce84-32b3-adff-5412ad554f21","name":"operation of Wheat-sorghum grain cart; for harvesting winter wheat; at farm; 190HP tractor, 1000 bu"},"process":{"@type":"Process","@id":"257dc661-3ea0-35be-9537-47e25231dfeb","name":"harvest; draper header with cart, winter wheat; at farm"},"exchange":{"@type":"Exchange","internalId":3,"name":"operation of Wheat-sorghum grain cart; for harvesting winter wheat; at farm; 190HP tractor, 1000 bu"}},{"@type":"ProcessLink","provider":{"@type":"Process","@id":"dccb2ca9-c5eb-3fb1-bff7-94c527772f53","name":"apply pesticide; broadcast with incorporation, self-propelled sprayer, winter wheat; at farm"},"flow":{"@type":"Flow","@id":"9c86204a-2105-3dfa-8da0-a8e7484105c1","name":"apply pesticide; broadcast with incorporation, self-propelled sprayer, winter wheat; at farm"},"process":{"@type":"Process","@id":"b6ab2d78-5ca3-3033-bc6a-05ec7338d5da","name":"winter wheat; at harvest; at farm; wet basis"},"exchange":{"@type":"Exchange","internalId":364,"name":"apply pesticide; broadcast with incorporation, self-propelled sprayer, winter wheat; at farm"}},{"@type":"ProcessLink","provider":{"@type":"Process","@id":"257dc661-3ea0-35be-9537-47e25231dfeb","name":"harvest; draper header with cart, winter wheat; at farm"},"flow":{"@type":"Flow","@id":"2754087e-3cf8-3b31-a6d0-6245124a0fb8","name":"harvest; draper header with cart, winter wheat; at farm"},"process":{"@type":"Process","@id":"b6ab2d78-5ca3-3033-bc6a-05ec7338d5da","name":"winter wheat; at harvest; at farm; wet basis"},"exchange":{"@type":"Exchange","internalId":367,"name":"harvest; draper header with cart, winter wheat; at farm"}},{"@type":"ProcessLink","provider":{"@type":"Process","@id":"1d246f27-a617-3627-aa23-ca79f0ccecc3","name":"apply pesticide; broadcast by air, winter wheat; at farm"},"flow":{"@type":"Flow","@id":"46aac73c-8f45-3640-8eca-c7b5f47aeeef","name":"apply pesticide; broadcast by air, winter wheat; at farm"},"process":{"@type":"Process","@id":"b6ab2d78-5ca3-3033-bc6a-05ec7338d5da","name":"winter wheat; at harvest; at farm; wet basis"},"exchange":{"@type":"Exchange","internalId":147,"name":"apply pesticide; broadcast by air, winter wheat; at farm"}},{"@type":"ProcessLink","provider":{"@type":"Process","@id":"3da657bf-69d2-382f-899d-335174303787","name":"operation of Dry spreader; for growing winter wheat; at farm; 240HP tractor, 38 ft wide"},"flow":{"@type":"Flow","@id":"01123ecb-9382-3afb-bc78-8461c8768950","name":"operation of Dry spreader; for growing winter wheat; at farm; 240HP tractor, 38 ft wide"},"process":{"@type":"Process","@id":"110d671b-1147-3b49-b393-58944a21a410","name":"apply fertilizer; with incorporation, fertilizer spreader, winter wheat; at farm"},"exchange":{"@type":"Exchange","internalId":4,"name":"operation of Dry spreader; for growing winter wheat; at farm; 240HP tractor, 38 ft wide"}},{"@type":"ProcessLink","provider":{"@type":"Process","@id":"3da657bf-69d2-382f-899d-335174303787","name":"operation of Dry spreader; for growing winter wheat; at farm; 240HP tractor, 38 ft wide"},"flow":{"@type":"Flow","@id":"01123ecb-9382-3afb-bc78-8461c8768950","name":"operation of Dry spreader; for growing winter wheat; at farm; 240HP tractor, 38 ft wide"},"process":{"@type":"Process","@id":"41eabc12-ca22-3cbe-aae3-ceb4ddf7aa1d","name":"apply liming materials; spreader and chisel plow, winter wheat; at farm"},"exchange":{"@type":"Exchange","internalId":7,"name":"operation of Dry spreader; for growing winter wheat; at farm; 240HP tractor, 38 ft wide"}},{"@type":"ProcessLink","provider":{"@type":"Process","@id":"3da657bf-69d2-382f-899d-335174303787","name":"operation of Dry spreader; for growing winter wheat; at farm; 240HP tractor, 38 ft wide"},"flow":{"@type":"Flow","@id":"01123ecb-9382-3afb-bc78-8461c8768950","name":"operation of Dry spreader; for growing winter wheat; at farm; 240HP tractor, 38 ft wide"},"process":{"@type":"Process","@id":"c53cbc76-2d7b-3ecc-879a-20759f3ba0f6","name":"apply fertilizer; without incorporation, fertilizer spreader, winter wheat; at farm"},"exchange":{"@type":"Exchange","internalId":3,"name":"operation of Dry spreader; for growing winter wheat; at farm; 240HP tractor, 38 ft wide"}},{"@type":"ProcessLink","provider":{"@type":"Process","@id":"3da657bf-69d2-382f-899d-335174303787","name":"operation of Dry spreader; for growing winter wheat; at farm; 240HP tractor, 38 ft wide"},"flow":{"@type":"Flow","@id":"01123ecb-9382-3afb-bc78-8461c8768950","name":"operation of Dry spreader; for growing winter wheat; at farm; 240HP tractor, 38 ft wide"},"process":{"@type":"Process","@id":"1a90a441-d6c2-3cb0-9ae8-8eea579a6c04","name":"apply liming materials; spreader and tandem disks, winter wheat; at farm"},"exchange":{"@type":"Exchange","internalId":8,"name":"operation of Dry spreader; for growing winter wheat; at farm; 240HP tractor, 38 ft wide"}},{"@type":"ProcessLink","provider":{"@type":"Process","@id":"1f49add8-6d1a-3d40-abd1-9522f8244b64","name":"operation of Tandem disk (Disk, tandem secondary op.); for growing winter wheat; at farm; 120HP tractor, 15 ft wide"},"flow":{"@type":"Flow","@id":"b2b5d5b0-cb7f-3ff8-9b7b-f29e2b61da49","name":"operation of Tandem disk (Disk, tandem secondary op.); for growing winter wheat; at farm; 120HP tractor, 15 ft wide"},"process":{"@type":"Process","@id":"1a90a441-d6c2-3cb0-9ae8-8eea579a6c04","name":"apply liming materials; spreader and tandem disks, winter wheat; at farm"},"exchange":{"@type":"Exchange","internalId":2,"name":"operation of Tandem disk (Disk, tandem secondary op.); for growing winter wheat; at farm; 120HP tractor, 15 ft wide"}},{"@type":"ProcessLink","provider":{"@type":"Process","@id":"bdcf2b78-f4f5-385a-b886-29f8e88deaa9","name":"harvest; combine with cart, winter wheat; at farm"},"flow":{"@type":"Flow","@id":"d1229d4a-f2a4-3feb-8a45-c5bc29068066","name":"harvest; combine with cart, winter wheat; at farm"},"process":{"@type":"Process","@id":"b6ab2d78-5ca3-3033-bc6a-05ec7338d5da","name":"winter wheat; at harvest; at farm; wet basis"},"exchange":{"@type":"Exchange","internalId":500,"name":"harvest; combine with cart, winter wheat; at farm"}},{"@type":"ProcessLink","provider":{"@type":"Process","@id":"0ba0094f-a545-3b10-8075-b14dbff479b3","name":"operation of Dry spreader; for growing winter wheat; at farm; 190HP tractor, 31 ft wide"},"flow":{"@type":"Flow","@id":"55d79cd0-ce1e-38e3-8f53-7d856c06c15d","name":"operation of Dry spreader; for growing winter wheat; at farm; 190HP tractor, 31 ft wide"},"process":{"@type":"Process","@id":"110d671b-1147-3b49-b393-58944a21a410","name":"apply fertilizer; with incorporation, fertilizer spreader, winter wheat; at farm"},"exchange":{"@type":"Exchange","internalId":3,"name":"operation of Dry spreader; for growing winter wheat; at farm; 190HP tractor, 31 ft wide"}},{"@type":"ProcessLink","provider":{"@type":"Process","@id":"0ba0094f-a545-3b10-8075-b14dbff479b3","name":"operation of Dry spreader; for growing winter wheat; at farm; 190HP tractor, 31 ft wide"},"flow":{"@type":"Flow","@id":"55d79cd0-ce1e-38e3-8f53-7d856c06c15d","name":"operation of Dry spreader; for growing winter wheat; at farm; 190HP tractor, 31 ft wide"},"process":{"@type":"Process","@id":"41eabc12-ca22-3cbe-aae3-ceb4ddf7aa1d","name":"apply liming materials; spreader and chisel plow, winter wheat; at farm"},"exchange":{"@type":"Exchange","internalId":3,"name":"operation of Dry spreader; for growing winter wheat; at farm; 190HP tractor, 31 ft wide"}},{"@type":"ProcessLink","provider":{"@type":"Process","@id":"0ba0094f-a545-3b10-8075-b14dbff479b3","name":"operation of Dry spreader; for growing winter wheat; at farm; 190HP tractor, 31 ft wide"},"flow":{"@type":"Flow","@id":"55d79cd0-ce1e-38e3-8f53-7d856c06c15d","name":"operation of Dry spreader; for growing winter wheat; at farm; 190HP tractor, 31 ft wide"},"process":{"@type":"Process","@id":"c53cbc76-2d7b-3ecc-879a-20759f3ba0f6","name":"apply fertilizer; without incorporation, fertilizer spreader, winter wheat; at farm"},"exchange":{"@type":"Exchange","internalId":4,"name":"operation of Dry spreader; for growing winter wheat; at farm; 190HP tractor, 31 ft wide"}},{"@type":"ProcessLink","provider":{"@type":"Process","@id":"0ba0094f-a545-3b10-8075-b14dbff479b3","name":"operation of Dry spreader; for growing winter wheat; at farm; 190HP tractor, 31 ft wide"},"flow":{"@type":"Flow","@id":"55d79cd0-ce1e-38e3-8f53-7d856c06c15d","name":"operation of Dry spreader; for growing winter wheat; at farm; 190HP tractor, 31 ft wide"},"process":{"@type":"Process","@id":"1a90a441-d6c2-3cb0-9ae8-8eea579a6c04","name":"apply liming materials; spreader and tandem disks, winter wheat; at farm"},"exchange":{"@type":"Exchange","internalId":5,"name":"operation of Dry spreader; for growing winter wheat; at farm; 190HP tractor, 31 ft wide"}},{"@type":"ProcessLink","provider":{"@type":"Process","@id":"5013637c-a81f-31b7-bdef-58ed1e80daa2","name":"operation of Tandem disk (Disk, tandem heavy primary op.); for growing winter wheat; at farm; 90HP tractor, 11 ft wide"},"flow":{"@type":"Flow","@id":"85ab8873-0f09-392c-a65e-7bfb580d4e61","name":"operation of Tandem disk (Disk, tandem heavy primary op.); for growing winter wheat; at farm; 90HP tractor, 11 ft wide"},"process":{"@type":"Process","@id":"1a90a441-d6c2-3cb0-9ae8-8eea579a6c04","name":"apply liming materials; spreader and tandem disks, winter wheat; at farm"},"exchange":{"@type":"Exchange","internalId":4,"name":"operation of Tandem disk (Disk, tandem heavy primary op.); for growing winter wheat; at farm; 90HP tractor, 11 ft wide"}},{"@type":"ProcessLink","provider":{"@type":"Process","@id":"1f3fb860-a0ec-37d5-a129-9885474de733","name":"operation of Wheat-sorghum grain cart; for harvesting winter wheat; at farm; 190HP tractor, 700 bu"},"flow":{"@type":"Flow","@id":"f6fbd373-283d-3781-81f8-f026360f1225","name":"operation of Wheat-sorghum grain cart; for harvesting winter wheat; at farm; 190HP tractor, 700 bu"},"process":{"@type":"Process","@id":"bdcf2b78-f4f5-385a-b886-29f8e88deaa9","name":"harvest; combine with cart, winter wheat; at farm"},"exchange":{"@type":"Exchange","internalId":2,"name":"operation of Wheat-sorghum grain cart; for harvesting winter wheat; at farm; 190HP tractor, 700 bu"}},{"@type":"ProcessLink","provider":{"@type":"Process","@id":"1f3fb860-a0ec-37d5-a129-9885474de733","name":"operation of Wheat-sorghum grain cart; for harvesting winter wheat; at farm; 190HP tractor, 700 bu"},"flow":{"@type":"Flow","@id":"f6fbd373-283d-3781-81f8-f026360f1225","name":"operation of Wheat-sorghum grain cart; for harvesting winter wheat; at farm; 190HP tractor, 700 bu"},"process":{"@type":"Process","@id":"6bba461f-94af-397e-bb13-fa2384eb4038","name":"harvest; wheat header with cart, winter wheat; at farm"},"exchange":{"@type":"Exchange","internalId":6,"name":"operation of Wheat-sorghum grain cart; for harvesting winter wheat; at farm; 190HP tractor, 700 bu"}},{"@type":"ProcessLink","provider":{"@type":"Process","@id":"1f3fb860-a0ec-37d5-a129-9885474de733","name":"operation of Wheat-sorghum grain cart; for harvesting winter wheat; at farm; 190HP tractor, 700 bu"},"flow":{"@type":"Flow","@id":"f6fbd373-283d-3781-81f8-f026360f1225","name":"operation of Wheat-sorghum grain cart; for harvesting winter wheat; at farm; 190HP tractor, 700 bu"},"process":{"@type":"Process","@id":"257dc661-3ea0-35be-9537-47e25231dfeb","name":"harvest; draper header with cart, winter wheat; at farm"},"exchange":{"@type":"Exchange","internalId":5,"name":"operation of Wheat-sorghum grain cart; for harvesting winter wheat; at farm; 190HP tractor, 700 bu"}},{"@type":"ProcessLink","provider":{"@type":"Process","@id":"df0eb50f-0679-4d8b-9f66-e4edc3b9165f","name":"work; ag. tractors for win wheat harvest, 2014 fleet, all fuels; 300-600HP"},"flow":{"@type":"Flow","@id":"ee42a336-177a-3304-849c-47f5096a8eab","name":"work; ag. tractors for win wheat harvest, 2014 fleet, all fuels; 300-600HP"},"process":{"@type":"Process","@id":"676ed157-59ba-33db-a901-244821a4b58c","name":"operation of Header-Draper; for harvesting winter wheat; at farm; 325HP tractor, 30 ft wide"},"exchange":{"@type":"Exchange","internalId":6,"name":"work; ag. tractors for win wheat harvest, 2014 fleet, all fuels; 300-600HP"}},{"@type":"ProcessLink","provider":{"@type":"Process","@id":"df0eb50f-0679-4d8b-9f66-e4edc3b9165f","name":"work; ag. tractors for win wheat harvest, 2014 fleet, all fuels; 300-600HP"},"flow":{"@type":"Flow","@id":"ee42a336-177a-3304-849c-47f5096a8eab","name":"work; ag. tractors for win wheat harvest, 2014 fleet, all fuels; 300-600HP"},"process":{"@type":"Process","@id":"7bc57c26-358c-32b7-88ab-c2539714cb0f","name":"operation of Header-Wheat-sorghum; for harvesting winter wheat; at farm; 325HP tractor, 25 ft wide"},"exchange":{"@type":"Exchange","internalId":4,"name":"work; ag. tractors for win wheat harvest, 2014 fleet, all fuels; 300-600HP"}},{"@type":"ProcessLink","provider":{"@type":"Process","@id":"7255837a-7360-3d46-be38-ba151bc8bf2f","name":"operation of Broadcast sprayer; for growing winter wheat; at farm; 170HP tractor, 55 ft wide"},"flow":{"@type":"Flow","@id":"341ae8ff-ea35-3b7b-9bad-1ca17129aafb","name":"operation of Broadcast sprayer; for growing winter wheat; at farm; 170HP tractor, 55 ft wide"},"process":{"@type":"Process","@id":"a130ea05-69b1-301c-ac8b-9372190543b5","name":"apply pesticide; broadcast with incorporation, drawn sprayer, winter wheat; at farm"},"exchange":{"@type":"Exchange","internalId":2,"name":"operation of Broadcast sprayer; for growing winter wheat; at farm; 170HP tractor, 55 ft wide"}},{"@type":"ProcessLink","provider":{"@type":"Process","@id":"7255837a-7360-3d46-be38-ba151bc8bf2f","name":"operation of Broadcast sprayer; for growing winter wheat; at farm; 170HP tractor, 55 ft wide"},"flow":{"@type":"Flow","@id":"341ae8ff-ea35-3b7b-9bad-1ca17129aafb","name":"operation of Broadcast sprayer; for growing winter wheat; at farm; 170HP tractor, 55 ft wide"},"process":{"@type":"Process","@id":"31646c71-3853-3439-8cc2-cd3fd72fe641","name":"apply fertilizer; with incorporation, drawn broadcast sprayer, winter wheat; at farm"},"exchange":{"@type":"Exchange","internalId":5,"name":"operation of Broadcast sprayer; for growing winter wheat; at farm; 170HP tractor, 55 ft wide"}},{"@type":"ProcessLink","provider":{"@type":"Process","@id":"7255837a-7360-3d46-be38-ba151bc8bf2f","name":"operation of Broadcast sprayer; for growing winter wheat; at farm; 170HP tractor, 55 ft wide"},"flow":{"@type":"Flow","@id":"341ae8ff-ea35-3b7b-9bad-1ca17129aafb","name":"operation of Broadcast sprayer; for growing winter wheat; at farm; 170HP tractor, 55 ft wide"},"process":{"@type":"Process","@id":"ebbed6a3-3d16-3315-98a4-5ab0261ee177","name":"apply fertilizer; without incorporation, drawn broadcast sprayer, winter wheat; at farm"},"exchange":{"@type":"Exchange","internalId":3,"name":"operation of Broadcast sprayer; for growing winter wheat; at farm; 170HP tractor, 55 ft wide"}},{"@type":"ProcessLink","provider":{"@type":"Process","@id":"0b661a5d-dc2d-3739-8858-85fe776b243a","name":"apply fertilizer; without incorporation, self-propelled broadcast sprayer, winter wheat; at farm"},"flow":{"@type":"Flow","@id":"ccd44c5e-5b9e-355e-bf6a-105f424ee44c","name":"apply fertilizer; without incorporation, self-propelled broadcast sprayer, winter wheat; at farm"},"process":{"@type":"Process","@id":"b6ab2d78-5ca3-3033-bc6a-05ec7338d5da","name":"winter wheat; at harvest; at farm; wet basis"},"exchange":{"@type":"Exchange","internalId":191,"name":"apply fertilizer; without incorporation, self-propelled broadcast sprayer, winter wheat; at farm"}}]}