{"@context":"http://greendelta.github.io/olca-schema/context.jsonld","@type":"Flow","@id":"06931cca-e065-3275-94b2-2e1b397633b9","name":"operation of Field cultivator (Cultivator, field 6-12 in sweeps); for growing peanuts; at farm; 225HP tractor, 37 ft wide","version":"00.00.001","lastChange":"2018-07-24T15:11:26.424-04:00","category":{"@type":"Category","@id":"554ccc3f-a786-36ee-96d2-afaa375312fb","name":"ISIC 0161: Support activities for crop production"},"flowType":"PRODUCT_FLOW","infrastructureFlow":false,"flowProperties":[{"@type":"FlowPropertyFactor","referenceFlowProperty":true,"flowProperty":{"@type":"FlowProperty","@id":"93a60a56-a3c8-19da-a746-0800200c9a66","name":"Area"},"conversionFactor":1.0}]}