{"@context":"http://greendelta.github.io/olca-schema/context.jsonld","@type":"Flow","@id":"06aa6943-7574-3a0b-a064-9494cc77aeaa","name":"CUTOFF phosphatic fertilizer, superphosphate grades over 22%; at point-of-sale","version":"00.00.001","lastChange":"2018-07-24T15:11:44.765-04:00","category":{"@type":"Category","@id":"c601d608-f300-3716-8691-6aa380119e9c","name":"ISIC 2012: Manufacture of fertilizers and nitrogen compounds"},"flowType":"PRODUCT_FLOW","infrastructureFlow":false,"flowProperties":[{"@type":"FlowPropertyFactor","referenceFlowProperty":true,"flowProperty":{"@type":"FlowProperty","@id":"93a60a56-a3c8-11da-a746-0800200b9a66","name":"Mass"},"conversionFactor":1.0}]}