{"@context":"http://greendelta.github.io/olca-schema/context.jsonld","@type":"Flow","@id":"0a55e3c2-6ff1-3f81-bc28-970c791dc772","name":"Nitrogen sol.; broadcast w/ incorp. in fert. unspec. timing; kg exc CN","version":"00.00.002","lastChange":"2018-07-24T15:11:58.351-04:00","category":{"@type":"Category","@id":"38e33019-f897-3977-be83-953478aa1db1","name":"agricultural"},"flowType":"ELEMENTARY_FLOW","infrastructureFlow":false,"flowProperties":[{"@type":"FlowPropertyFactor","referenceFlowProperty":true,"flowProperty":{"@type":"FlowProperty","@id":"93a60a56-a3c8-11da-a746-0800200b9a66","name":"Mass"},"conversionFactor":1.0}]}