{"@context":"http://greendelta.github.io/olca-schema/context.jsonld","@type":"Flow","@id":"0b94ca5a-0779-3eec-8831-dc387af98b5d","name":"MCPA-2-ethylhexyl; foliar or directed spray; kg AI","version":"00.00.002","lastChange":"2018-07-24T15:11:58.328-04:00","category":{"@type":"Category","@id":"38e33019-f897-3977-be83-953478aa1db1","name":"agricultural"},"flowType":"ELEMENTARY_FLOW","infrastructureFlow":false,"flowProperties":[{"@type":"FlowPropertyFactor","referenceFlowProperty":true,"flowProperty":{"@type":"FlowProperty","@id":"93a60a56-a3c8-11da-a746-0800200b9a66","name":"Mass"},"conversionFactor":1.0}]}