{"@context":"http://greendelta.github.io/olca-schema/context.jsonld","@type":"Flow","@id":"0d36f2ee-9012-3cb3-9731-ca8b88c43540","name":"CUTOFF irrigate; pressure, groundwater source, corn","version":"00.00.001","lastChange":"2018-07-24T15:11:44.261-04:00","category":{"@type":"Category","@id":"a67202c8-f4f6-3085-adc7-7fdf74dc63b2","name":"ISIC 3600: Water collection, treatment and supply"},"flowType":"PRODUCT_FLOW","infrastructureFlow":false,"flowProperties":[{"@type":"FlowPropertyFactor","referenceFlowProperty":true,"flowProperty":{"@type":"FlowProperty","@id":"93a60a56-a3c8-22da-a746-0800200c9a66","name":"Volume"},"conversionFactor":1.0}]}