{"@context":"http://greendelta.github.io/olca-schema/context.jsonld","@type":"Flow","@id":"1491387f-8dbf-39c5-ace5-3efcfb7e749d","name":"operation of Chisel plow (Chisel, st. pt. 12 in deep); for growing corn; at farm; 530HP tractor, 36 ft wide","version":"00.00.001","lastChange":"2018-07-24T15:11:26.289-04:00","category":{"@type":"Category","@id":"554ccc3f-a786-36ee-96d2-afaa375312fb","name":"ISIC 0161: Support activities for crop production"},"flowType":"PRODUCT_FLOW","infrastructureFlow":false,"flowProperties":[{"@type":"FlowPropertyFactor","referenceFlowProperty":true,"flowProperty":{"@type":"FlowProperty","@id":"93a60a56-a3c8-19da-a746-0800200c9a66","name":"Area"},"conversionFactor":1.0}]}