{"@context":"http://greendelta.github.io/olca-schema/context.jsonld","@type":"Flow","@id":"15661906-3ff1-3d26-9436-1491648ff55d","name":"operation of Chisel-Harrow (Harrow, spike tooth); for growing rice; at farm; 190HP tractor, 21 ft wide","version":"00.00.001","lastChange":"2018-07-24T15:11:26.282-04:00","category":{"@type":"Category","@id":"554ccc3f-a786-36ee-96d2-afaa375312fb","name":"ISIC 0161: Support activities for crop production"},"flowType":"PRODUCT_FLOW","infrastructureFlow":false,"flowProperties":[{"@type":"FlowPropertyFactor","referenceFlowProperty":true,"flowProperty":{"@type":"FlowProperty","@id":"93a60a56-a3c8-19da-a746-0800200c9a66","name":"Area"},"conversionFactor":1.0}]}