{"@context":"http://greendelta.github.io/olca-schema/context.jsonld","@type":"Flow","@id":"1c03c6de-9ad3-3357-b7bb-7dbfe676f139","name":"CUTOFF equipment retirement; rodweeder; at farm","version":"00.00.001","lastChange":"2018-07-24T15:11:26.176-04:00","category":{"@type":"Category","@id":"554ccc3f-a786-36ee-96d2-afaa375312fb","name":"ISIC 0161: Support activities for crop production"},"flowType":"PRODUCT_FLOW","infrastructureFlow":false,"flowProperties":[{"@type":"FlowPropertyFactor","referenceFlowProperty":true,"flowProperty":{"@type":"FlowProperty","@id":"01846770-4cfe-4a25-8ad9-919d8d378345","name":"Number of items"},"conversionFactor":1.0}]}