{"@context":"http://greendelta.github.io/olca-schema/context.jsonld","@type":"Flow","@id":"248097b1-bb53-3367-bf0d-e90b89c31892","name":"operation of Cotton module builder; for harvesting cotton; at farm; 165HP, 17 ft wide","version":"00.00.001","lastChange":"2018-07-24T15:11:26.088-04:00","category":{"@type":"Category","@id":"554ccc3f-a786-36ee-96d2-afaa375312fb","name":"ISIC 0161: Support activities for crop production"},"flowType":"PRODUCT_FLOW","infrastructureFlow":false,"flowProperties":[{"@type":"FlowPropertyFactor","referenceFlowProperty":true,"flowProperty":{"@type":"FlowProperty","@id":"93a60a56-a3c8-19da-a746-0800200c9a66","name":"Area"},"conversionFactor":1.0}]}