{"@context":"http://greendelta.github.io/olca-schema/context.jsonld","@type":"Flow","@id":"255e17a9-88f4-345e-843a-61388f54093b","name":"Transformation; from arable, from corn to soybeans","version":"00.00.001","lastChange":"2018-07-24T15:11:49.214-04:00","category":{"@type":"Category","@id":"5872f1f0-02f0-3c23-89c2-2f7dc77e3031","name":"land"},"flowType":"ELEMENTARY_FLOW","infrastructureFlow":false,"flowProperties":[{"@type":"FlowPropertyFactor","referenceFlowProperty":true,"flowProperty":{"@type":"FlowProperty","@id":"93a60a56-a3c8-19da-a746-0800200c9a66","name":"Area"},"conversionFactor":1.0}]}