{"@context":"http://greendelta.github.io/olca-schema/context.jsonld","@type":"Flow","@id":"27ecfa35-0e06-4c8e-a9d9-28f326232af7","name":"CUTOFF spare part set; other ag. equip.; 175-300HP","version":"00.00.001","lastChange":"2018-07-24T15:11:26.053-04:00","category":{"@type":"Category","@id":"554ccc3f-a786-36ee-96d2-afaa375312fb","name":"ISIC 0161: Support activities for crop production"},"flowType":"PRODUCT_FLOW","infrastructureFlow":false,"flowProperties":[{"@type":"FlowPropertyFactor","referenceFlowProperty":true,"flowProperty":{"@type":"FlowProperty","@id":"01846770-4cfe-4a25-8ad9-919d8d378345","name":"Number of items"},"conversionFactor":1.0}]}