{"@context":"http://greendelta.github.io/olca-schema/context.jsonld","@type":"Flow","@id":"2a8461d0-ae9a-3948-9559-c74fdcc5fe73","name":"Dicofol; foliar or directed spray; kg AI","version":"00.00.002","lastChange":"2018-07-24T15:11:57.554-04:00","category":{"@type":"Category","@id":"38e33019-f897-3977-be83-953478aa1db1","name":"agricultural"},"flowType":"ELEMENTARY_FLOW","infrastructureFlow":false,"flowProperties":[{"@type":"FlowPropertyFactor","referenceFlowProperty":true,"flowProperty":{"@type":"FlowProperty","@id":"93a60a56-a3c8-11da-a746-0800200b9a66","name":"Mass"},"conversionFactor":1.0}]}