{"@context":"http://greendelta.github.io/olca-schema/context.jsonld","@type":"Flow","@id":"2e73b503-d28e-36db-905a-c9b93891c26a","name":"CUTOFF pesticide; Lambda-cyhalothrin; at point-of-sale; kg AI","version":"00.00.001","lastChange":"2018-07-24T15:11:44.623-04:00","category":{"@type":"Category","@id":"67771195-37d6-322c-866a-075265671125","name":"ISIC 2021: Manufacture of pesticides and other agrochemical products"},"flowType":"PRODUCT_FLOW","infrastructureFlow":false,"flowProperties":[{"@type":"FlowPropertyFactor","referenceFlowProperty":true,"flowProperty":{"@type":"FlowProperty","@id":"93a60a56-a3c8-11da-a746-0800200b9a66","name":"Mass"},"conversionFactor":1.0}]}