{"@context":"http://greendelta.github.io/olca-schema/context.jsonld","@type":"Flow","@id":"333894d7-4f37-3643-b0fd-d982be8bec09","name":"operation of No-till drill (Drill or air seeder single disk openers 7-10 in spac.); for growing rice; at farm; 130HP tractor, 13 ft wide","version":"00.00.001","lastChange":"2018-07-24T15:11:25.911-04:00","category":{"@type":"Category","@id":"554ccc3f-a786-36ee-96d2-afaa375312fb","name":"ISIC 0161: Support activities for crop production"},"flowType":"PRODUCT_FLOW","infrastructureFlow":false,"flowProperties":[{"@type":"FlowPropertyFactor","referenceFlowProperty":true,"flowProperty":{"@type":"FlowProperty","@id":"93a60a56-a3c8-19da-a746-0800200c9a66","name":"Area"},"conversionFactor":1.0}]}