{"@context":"http://greendelta.github.io/olca-schema/context.jsonld","@type":"Flow","@id":"34352807-37ae-3350-a23b-adc9b4bc9b6e","name":"Dry matter except CNPK; from plant uptake; biogenic","version":"00.00.001","lastChange":"2018-07-24T15:11:49.296-04:00","category":{"@type":"Category","@id":"a9a7aa43-0fe5-3cdb-830e-01fb5274a694","name":"Resource"},"flowType":"ELEMENTARY_FLOW","infrastructureFlow":false,"flowProperties":[{"@type":"FlowPropertyFactor","referenceFlowProperty":true,"flowProperty":{"@type":"FlowProperty","@id":"93a60a56-a3c8-11da-a746-0800200b9a66","name":"Mass"},"conversionFactor":1.0}]}