{"@context":"http://greendelta.github.io/olca-schema/context.jsonld","@type":"Flow","@id":"3c13afb9-2e73-319f-a598-49434192ab6f","name":"operation of Broadcast sprayer; for growing cotton; at farm; 250HP, 90 ft wide","version":"00.00.001","lastChange":"2018-07-24T15:11:25.798-04:00","category":{"@type":"Category","@id":"554ccc3f-a786-36ee-96d2-afaa375312fb","name":"ISIC 0161: Support activities for crop production"},"flowType":"PRODUCT_FLOW","infrastructureFlow":false,"flowProperties":[{"@type":"FlowPropertyFactor","referenceFlowProperty":true,"flowProperty":{"@type":"FlowProperty","@id":"93a60a56-a3c8-19da-a746-0800200c9a66","name":"Area"},"conversionFactor":1.0}]}