{"@context":"http://greendelta.github.io/olca-schema/context.jsonld","@type":"Flow","@id":"411bd4fd-a7ae-907a-e077-689b7606ae2a","name":"Octachlorodibenzo-p-dioxin","description":"Source reference: US EPA NONROAD model. Accesible at http://www.epa.gov/otaq/nonrdmdl.htm","version":"00.00.001","lastChange":"2018-07-24T15:11:26.629-04:00","category":{"@type":"Category","@id":"a596dc46-6762-36be-9f29-e5f74d7fe7ad","name":"low population density"},"flowType":"ELEMENTARY_FLOW","cas":"003268-87-9","formula":"C12Cl8O2","infrastructureFlow":false,"flowProperties":[{"@type":"FlowPropertyFactor","referenceFlowProperty":true,"flowProperty":{"@type":"FlowProperty","@id":"93a60a56-a3c8-11da-a746-0800200b9a66","name":"Mass"},"conversionFactor":1.0}]}