{"@context":"http://greendelta.github.io/olca-schema/context.jsonld","@type":"Flow","@id":"439a368b-0abe-3147-8002-26ccd83756e6","name":"CUTOFF beef manure; from slurry storage; at point-of-sale","version":"00.00.001","lastChange":"2018-07-24T15:11:44.290-04:00","category":{"@type":"Category","@id":"3396e662-8438-37ec-b057-7ea28af22adb","name":"ISIC 3821: Treatment and disposal of non-hazardous waste"},"flowType":"PRODUCT_FLOW","infrastructureFlow":false,"flowProperties":[{"@type":"FlowPropertyFactor","referenceFlowProperty":true,"flowProperty":{"@type":"FlowProperty","@id":"93a60a56-a3c8-11da-a746-0800200b9a66","name":"Mass"},"conversionFactor":1.0}]}