{"@context":"http://greendelta.github.io/olca-schema/context.jsonld","@type":"Flow","@id":"447a1c72-4d4e-3cfb-b9af-cf6b992e6f75","name":"CUTOFF maintenance; dry spreader; at farm","version":"00.00.001","lastChange":"2018-07-24T15:11:25.642-04:00","category":{"@type":"Category","@id":"554ccc3f-a786-36ee-96d2-afaa375312fb","name":"ISIC 0161: Support activities for crop production"},"flowType":"PRODUCT_FLOW","infrastructureFlow":false,"flowProperties":[{"@type":"FlowPropertyFactor","referenceFlowProperty":true,"flowProperty":{"@type":"FlowProperty","@id":"01846770-4cfe-4a25-8ad9-919d8d378345","name":"Number of items"},"conversionFactor":1.0}]}