{"@context":"http://greendelta.github.io/olca-schema/context.jsonld","@type":"Flow","@id":"46179af7-e1f1-3802-be2a-1e61d3a0e95f","name":"Dicofol; broadcast by air; kg AI","version":"00.00.002","lastChange":"2018-07-24T15:11:58.974-04:00","category":{"@type":"Category","@id":"52d41f57-0e7d-35cf-b4ea-7c9d6c2f9c28","name":"low population density"},"flowType":"ELEMENTARY_FLOW","infrastructureFlow":false,"flowProperties":[{"@type":"FlowPropertyFactor","referenceFlowProperty":true,"flowProperty":{"@type":"FlowProperty","@id":"93a60a56-a3c8-11da-a746-0800200b9a66","name":"Mass"},"conversionFactor":1.0}]}