{"@context":"http://greendelta.github.io/olca-schema/context.jsonld","@type":"Flow","@id":"616bd7e9-d233-3f4d-9bf7-a562f113456a","name":"CUTOFF pesticide; Imazethapyr; at point-of-sale; kg AI","version":"00.00.001","lastChange":"2018-07-24T15:11:44.566-04:00","category":{"@type":"Category","@id":"67771195-37d6-322c-866a-075265671125","name":"ISIC 2021: Manufacture of pesticides and other agrochemical products"},"flowType":"PRODUCT_FLOW","infrastructureFlow":false,"flowProperties":[{"@type":"FlowPropertyFactor","referenceFlowProperty":true,"flowProperty":{"@type":"FlowProperty","@id":"93a60a56-a3c8-11da-a746-0800200b9a66","name":"Mass"},"conversionFactor":1.0}]}