{"@context":"http://greendelta.github.io/olca-schema/context.jsonld","@type":"Flow","@id":"69eff585-d206-32a9-8eed-a459e74c5f9b","name":"Tebuconazole; broadcast without incorporation; kg AI","version":"00.00.002","lastChange":"2018-07-24T15:11:56.052-04:00","category":{"@type":"Category","@id":"38e33019-f897-3977-be83-953478aa1db1","name":"agricultural"},"flowType":"ELEMENTARY_FLOW","infrastructureFlow":false,"flowProperties":[{"@type":"FlowPropertyFactor","referenceFlowProperty":true,"flowProperty":{"@type":"FlowProperty","@id":"93a60a56-a3c8-11da-a746-0800200b9a66","name":"Mass"},"conversionFactor":1.0}]}