{"@context":"http://greendelta.github.io/olca-schema/context.jsonld","@type":"Flow","@id":"6a978ddb-46e0-35bf-bfa1-345393d68588","name":"CUTOFF pesticide; Cloransulam-methyl; at point-of-sale; kg AI","version":"00.00.001","lastChange":"2018-07-24T15:11:44.556-04:00","category":{"@type":"Category","@id":"67771195-37d6-322c-866a-075265671125","name":"ISIC 2021: Manufacture of pesticides and other agrochemical products"},"flowType":"PRODUCT_FLOW","infrastructureFlow":false,"flowProperties":[{"@type":"FlowPropertyFactor","referenceFlowProperty":true,"flowProperty":{"@type":"FlowProperty","@id":"93a60a56-a3c8-11da-a746-0800200b9a66","name":"Mass"},"conversionFactor":1.0}]}