{"@context":"http://greendelta.github.io/olca-schema/context.jsonld","@type":"Flow","@id":"6f0bf1c5-cf4b-36c5-8a7a-b8b1b269666a","name":"operation of Chisel plow (Chisel, st. pt.); for growing spring wheat; at farm; 310HP tractor, 36 ft wide","version":"00.00.001","lastChange":"2018-07-24T15:11:25.165-04:00","category":{"@type":"Category","@id":"554ccc3f-a786-36ee-96d2-afaa375312fb","name":"ISIC 0161: Support activities for crop production"},"flowType":"PRODUCT_FLOW","infrastructureFlow":false,"flowProperties":[{"@type":"FlowPropertyFactor","referenceFlowProperty":true,"flowProperty":{"@type":"FlowProperty","@id":"93a60a56-a3c8-19da-a746-0800200c9a66","name":"Area"},"conversionFactor":1.0}]}