{"@context":"http://greendelta.github.io/olca-schema/context.jsonld","@type":"Flow","@id":"76f82cf5-a811-3233-8470-75175fc949de","name":"operation of Bed-Disk-Hipper (Bedder, hipper, hiller 12 in high); for growing corn; at farm; 230HP tractor, R8-30","version":"00.00.001","lastChange":"2018-07-24T15:11:25.049-04:00","category":{"@type":"Category","@id":"554ccc3f-a786-36ee-96d2-afaa375312fb","name":"ISIC 0161: Support activities for crop production"},"flowType":"PRODUCT_FLOW","infrastructureFlow":false,"flowProperties":[{"@type":"FlowPropertyFactor","referenceFlowProperty":true,"flowProperty":{"@type":"FlowProperty","@id":"93a60a56-a3c8-19da-a746-0800200c9a66","name":"Area"},"conversionFactor":1.0}]}