{"@context":"http://greendelta.github.io/olca-schema/context.jsonld","@type":"Flow","@id":"79429be9-edfd-30a8-8719-996355aba314","name":"CUTOFF apply manure; broadcast or spray with incorporation, winter wheat; at farm","version":"00.00.001","lastChange":"2018-07-24T15:11:25.018-04:00","category":{"@type":"Category","@id":"554ccc3f-a786-36ee-96d2-afaa375312fb","name":"ISIC 0161: Support activities for crop production"},"flowType":"PRODUCT_FLOW","infrastructureFlow":false,"flowProperties":[{"@type":"FlowPropertyFactor","referenceFlowProperty":true,"flowProperty":{"@type":"FlowProperty","@id":"93a60a56-a3c8-19da-a746-0800200c9a66","name":"Area"},"conversionFactor":1.0}]}