{"@context":"http://greendelta.github.io/olca-schema/context.jsonld","@type":"Flow","@id":"795cc7cd-44e4-34d3-9f6e-915ccc47ee0e","name":"work; ag. tractors for oats harvest, 2014 fleet, all fuels; 50-100HP","version":"00.00.001","lastChange":"2018-07-24T15:11:25.012-04:00","category":{"@type":"Category","@id":"554ccc3f-a786-36ee-96d2-afaa375312fb","name":"ISIC 0161: Support activities for crop production"},"flowType":"PRODUCT_FLOW","infrastructureFlow":false,"flowProperties":[{"@type":"FlowPropertyFactor","referenceFlowProperty":true,"flowProperty":{"@type":"FlowProperty","@id":"f6811440-ee37-11de-8a39-0800200c9a66","name":"Energy"},"conversionFactor":1.0}]}