{"@context":"http://greendelta.github.io/olca-schema/context.jsonld","@type":"Flow","@id":"7cbab550-ce87-3b5f-9cce-3858720c1295","name":"CUTOFF soil preparation and planting; for unspec. till, durum wheat; at farm","version":"00.00.001","lastChange":"2018-07-24T15:11:22.742-04:00","category":{"@type":"Category","@id":"453c5091-23cf-3de5-a456-87db51b8f688","name":"ISIC 0116: Growing of fibre crops"},"flowType":"PRODUCT_FLOW","infrastructureFlow":false,"flowProperties":[{"@type":"FlowPropertyFactor","referenceFlowProperty":true,"flowProperty":{"@type":"FlowProperty","@id":"93a60a56-a3c8-19da-a746-0800200c9a66","name":"Area"},"conversionFactor":1.0}]}