{"@context":"http://greendelta.github.io/olca-schema/context.jsonld","@type":"Flow","@id":"7f7ce90c-9401-3242-b0b4-68a21e8009a5","name":"operation of Tandem disk (Disk, tandem light finishing); for growing peanuts; at farm; 70HP tractor, 15 ft wide","version":"00.00.001","lastChange":"2018-07-24T15:11:24.914-04:00","category":{"@type":"Category","@id":"554ccc3f-a786-36ee-96d2-afaa375312fb","name":"ISIC 0161: Support activities for crop production"},"flowType":"PRODUCT_FLOW","infrastructureFlow":false,"flowProperties":[{"@type":"FlowPropertyFactor","referenceFlowProperty":true,"flowProperty":{"@type":"FlowProperty","@id":"93a60a56-a3c8-19da-a746-0800200c9a66","name":"Area"},"conversionFactor":1.0}]}