{"@context":"http://greendelta.github.io/olca-schema/context.jsonld","@type":"Flow","@id":"7fad0c01-467a-36d1-90a5-2986ebd14399","name":"Superphos. grds.\u003c\u003d 22%; broadcast w/ incorp. in fert. at plant.; kg exc P","version":"00.00.002","lastChange":"2018-07-24T15:11:55.493-04:00","category":{"@type":"Category","@id":"38e33019-f897-3977-be83-953478aa1db1","name":"agricultural"},"flowType":"ELEMENTARY_FLOW","infrastructureFlow":false,"flowProperties":[{"@type":"FlowPropertyFactor","referenceFlowProperty":true,"flowProperty":{"@type":"FlowProperty","@id":"93a60a56-a3c8-11da-a746-0800200b9a66","name":"Mass"},"conversionFactor":1.0}]}