{"@context":"http://greendelta.github.io/olca-schema/context.jsonld","@type":"Flow","@id":"845c50f2-7b39-373d-b4ca-a3dd5416fae0","name":"Nitrogen sol.; broadcast w/o incorp. in fert. at plant.; kg exc CN","version":"00.00.002","lastChange":"2018-07-24T15:11:55.381-04:00","category":{"@type":"Category","@id":"38e33019-f897-3977-be83-953478aa1db1","name":"agricultural"},"flowType":"ELEMENTARY_FLOW","infrastructureFlow":false,"flowProperties":[{"@type":"FlowPropertyFactor","referenceFlowProperty":true,"flowProperty":{"@type":"FlowProperty","@id":"93a60a56-a3c8-11da-a746-0800200b9a66","name":"Mass"},"conversionFactor":1.0}]}