{"@context":"http://greendelta.github.io/olca-schema/context.jsonld","@type":"Flow","@id":"87dd1b94-522e-36b0-ac03-53bbf087e48d","name":"Disodium methanearsonate; broadcast with incorporation; kg AI","version":"00.00.002","lastChange":"2018-07-24T15:11:55.269-04:00","category":{"@type":"Category","@id":"38e33019-f897-3977-be83-953478aa1db1","name":"agricultural"},"flowType":"ELEMENTARY_FLOW","infrastructureFlow":false,"flowProperties":[{"@type":"FlowPropertyFactor","referenceFlowProperty":true,"flowProperty":{"@type":"FlowProperty","@id":"93a60a56-a3c8-11da-a746-0800200b9a66","name":"Mass"},"conversionFactor":1.0}]}