{"@context":"http://greendelta.github.io/olca-schema/context.jsonld","@type":"Flow","@id":"8ca0d2b1-c8f3-3a98-875f-e392707699a2","name":"work; irrigation sets for growing rice, 2014 fleet, all fuels; 300-600HP","version":"00.00.001","lastChange":"2018-07-24T15:11:24.747-04:00","category":{"@type":"Category","@id":"554ccc3f-a786-36ee-96d2-afaa375312fb","name":"ISIC 0161: Support activities for crop production"},"flowType":"PRODUCT_FLOW","infrastructureFlow":false,"flowProperties":[{"@type":"FlowPropertyFactor","referenceFlowProperty":true,"flowProperty":{"@type":"FlowProperty","@id":"f6811440-ee37-11de-8a39-0800200c9a66","name":"Energy"},"conversionFactor":1.0}]}