{"@context":"http://greendelta.github.io/olca-schema/context.jsonld","@type":"Flow","@id":"8cf89fcb-4b36-3dd7-b1a7-47df7de207ba","name":"corn grain; at harvest; at farm; wet basis","version":"00.00.001","lastChange":"2018-07-24T15:11:26.518-04:00","category":{"@type":"Category","@id":"6f746a7b-77df-33b7-aa33-98b543dbbfb0","name":"ISIC 0111: Growing of cereals (except rice), leguminous crops and oil seeds"},"flowType":"PRODUCT_FLOW","infrastructureFlow":false,"flowProperties":[{"@type":"FlowPropertyFactor","referenceFlowProperty":true,"flowProperty":{"@type":"FlowProperty","@id":"93a60a56-a3c8-11da-a746-0800200b9a66","name":"Mass"},"conversionFactor":1.0}]}