{"@context":"http://greendelta.github.io/olca-schema/context.jsonld","@type":"Flow","@id":"92fa8fb6-eddc-35d0-864b-0145f8015753","name":"Diammonium phosphate; no broadcast in fert. after plant.; kg N","version":"00.00.002","lastChange":"2018-07-24T15:11:55.008-04:00","category":{"@type":"Category","@id":"38e33019-f897-3977-be83-953478aa1db1","name":"agricultural"},"flowType":"ELEMENTARY_FLOW","infrastructureFlow":false,"flowProperties":[{"@type":"FlowPropertyFactor","referenceFlowProperty":true,"flowProperty":{"@type":"FlowProperty","@id":"93a60a56-a3c8-11da-a746-0800200b9a66","name":"Mass"},"conversionFactor":1.0}]}