{"@context":"http://greendelta.github.io/olca-schema/context.jsonld","@type":"Flow","@id":"95a0aa52-12c1-3ccb-a65b-6d87a337e822","name":"operation of Cotton picker/ module; for harvesting cotton; at farm; 365HP, R6-8","version":"00.00.001","lastChange":"2018-07-24T15:11:24.630-04:00","category":{"@type":"Category","@id":"554ccc3f-a786-36ee-96d2-afaa375312fb","name":"ISIC 0161: Support activities for crop production"},"flowType":"PRODUCT_FLOW","infrastructureFlow":false,"flowProperties":[{"@type":"FlowPropertyFactor","referenceFlowProperty":true,"flowProperty":{"@type":"FlowProperty","@id":"93a60a56-a3c8-19da-a746-0800200c9a66","name":"Area"},"conversionFactor":1.0}]}