{"@context":"http://greendelta.github.io/olca-schema/context.jsonld","@type":"Flow","@id":"9fc9377b-abec-30ff-9746-09a1cdd6cb05","name":"CUTOFF hog manure; from lagoon storage; at point-of-sale","version":"00.00.001","lastChange":"2018-07-24T15:11:44.274-04:00","category":{"@type":"Category","@id":"3396e662-8438-37ec-b057-7ea28af22adb","name":"ISIC 3821: Treatment and disposal of non-hazardous waste"},"flowType":"PRODUCT_FLOW","infrastructureFlow":false,"flowProperties":[{"@type":"FlowPropertyFactor","referenceFlowProperty":true,"flowProperty":{"@type":"FlowProperty","@id":"93a60a56-a3c8-11da-a746-0800200b9a66","name":"Mass"},"conversionFactor":1.0}]}