{"@context":"http://greendelta.github.io/olca-schema/context.jsonld","@type":"Flow","@id":"aaa0e3ac-cacb-38fe-b88f-50c007926a88","name":"Water; withdrawal from groundwater, for peanuts","version":"00.00.001","lastChange":"2018-07-24T15:11:49.243-04:00","category":{"@type":"Category","@id":"2f6ee760-b128-3a3f-8214-8304dedcd384","name":"in water"},"flowType":"ELEMENTARY_FLOW","infrastructureFlow":false,"flowProperties":[{"@type":"FlowPropertyFactor","referenceFlowProperty":true,"flowProperty":{"@type":"FlowProperty","@id":"93a60a56-a3c8-11da-a746-0800200b9a66","name":"Mass"},"conversionFactor":1.0}]}