{"@context":"http://greendelta.github.io/olca-schema/context.jsonld","@type":"Flow","@id":"b22a335e-6c8f-3f13-a5ea-0b28a1afdece","name":"CUTOFF zinc compounds storage","version":"00.00.001","lastChange":"2018-07-24T15:11:22.618-04:00","category":{"@type":"Category","@id":"40d2a795-cbe9-3e98-9903-bfc15620d632","name":"ISIC 5210: Warehousing and storage"},"flowType":"PRODUCT_FLOW","infrastructureFlow":false,"flowProperties":[{"@type":"FlowPropertyFactor","referenceFlowProperty":true,"flowProperty":{"@type":"FlowProperty","@id":"4e10f566-0358-489a-8e3a-d687b66c50e6","name":"Mass*time"},"conversionFactor":1.0}]}