{"@context":"http://greendelta.github.io/olca-schema/context.jsonld","@type":"Flow","@id":"b28506bd-b773-3fe2-b579-7051e050c949","name":"operation of Mintill row planter (Planter, in-row subsoiler low disturbace); for growing cotton; at farm; 170HP tractor, R8-8","version":"00.00.001","lastChange":"2018-07-24T15:11:24.232-04:00","category":{"@type":"Category","@id":"554ccc3f-a786-36ee-96d2-afaa375312fb","name":"ISIC 0161: Support activities for crop production"},"flowType":"PRODUCT_FLOW","infrastructureFlow":false,"flowProperties":[{"@type":"FlowPropertyFactor","referenceFlowProperty":true,"flowProperty":{"@type":"FlowProperty","@id":"93a60a56-a3c8-19da-a746-0800200c9a66","name":"Area"},"conversionFactor":1.0}]}