{"@context":"http://greendelta.github.io/olca-schema/context.jsonld","@type":"Flow","@id":"b3cd0d57-4296-3a0d-83df-be499b5fe43b","name":"CUTOFF gypsum storage","version":"00.00.001","lastChange":"2018-07-24T15:11:22.614-04:00","category":{"@type":"Category","@id":"40d2a795-cbe9-3e98-9903-bfc15620d632","name":"ISIC 5210: Warehousing and storage"},"flowType":"PRODUCT_FLOW","infrastructureFlow":false,"flowProperties":[{"@type":"FlowPropertyFactor","referenceFlowProperty":true,"flowProperty":{"@type":"FlowProperty","@id":"4e10f566-0358-489a-8e3a-d687b66c50e6","name":"Mass*time"},"conversionFactor":1.0}]}