{"@context":"http://greendelta.github.io/olca-schema/context.jsonld","@type":"Flow","@id":"bd7849f5-dc7f-3d05-b8ba-7b2e4a1ad74b","name":"operation of Field cultivator (Cultivator, field 6-12 in sweeps); for growing rice; at farm; 150HP tractor, 25 ft wide","version":"00.00.001","lastChange":"2018-07-24T15:11:24.029-04:00","category":{"@type":"Category","@id":"554ccc3f-a786-36ee-96d2-afaa375312fb","name":"ISIC 0161: Support activities for crop production"},"flowType":"PRODUCT_FLOW","infrastructureFlow":false,"flowProperties":[{"@type":"FlowPropertyFactor","referenceFlowProperty":true,"flowProperty":{"@type":"FlowProperty","@id":"93a60a56-a3c8-19da-a746-0800200c9a66","name":"Area"},"conversionFactor":1.0}]}