{"@context":"http://greendelta.github.io/olca-schema/context.jsonld","@type":"Flow","@id":"c60fd52d-3272-3759-8c02-e643a0341444","name":"CUTOFF pesticide; Flonicamid; at point-of-sale; kg AI","version":"00.00.001","lastChange":"2018-07-24T15:11:44.437-04:00","category":{"@type":"Category","@id":"67771195-37d6-322c-866a-075265671125","name":"ISIC 2021: Manufacture of pesticides and other agrochemical products"},"flowType":"PRODUCT_FLOW","infrastructureFlow":false,"flowProperties":[{"@type":"FlowPropertyFactor","referenceFlowProperty":true,"flowProperty":{"@type":"FlowProperty","@id":"93a60a56-a3c8-11da-a746-0800200b9a66","name":"Mass"},"conversionFactor":1.0}]}