{"@context":"http://greendelta.github.io/olca-schema/context.jsonld","@type":"Flow","@id":"c81b9909-0e8b-386a-b74a-e3a167dbfba7","name":"Vol. constituents; in manure at an unknown time; except CNPK, biogenic","version":"00.00.002","lastChange":"2018-07-24T15:11:53.672-04:00","category":{"@type":"Category","@id":"38e33019-f897-3977-be83-953478aa1db1","name":"agricultural"},"flowType":"ELEMENTARY_FLOW","infrastructureFlow":false,"flowProperties":[{"@type":"FlowPropertyFactor","referenceFlowProperty":true,"flowProperty":{"@type":"FlowProperty","@id":"93a60a56-a3c8-11da-a746-0800200b9a66","name":"Mass"},"conversionFactor":1.0}]}