{"@context":"http://greendelta.github.io/olca-schema/context.jsonld","@type":"Flow","@id":"cb5fa9c9-ffaa-32c8-ab27-9fa5f8af8556","name":"work; pumps for growing soybeans, 2014 fleet, all fuels; 100-175HP","version":"00.00.001","lastChange":"2018-07-24T15:11:23.794-04:00","category":{"@type":"Category","@id":"554ccc3f-a786-36ee-96d2-afaa375312fb","name":"ISIC 0161: Support activities for crop production"},"flowType":"PRODUCT_FLOW","infrastructureFlow":false,"flowProperties":[{"@type":"FlowPropertyFactor","referenceFlowProperty":true,"flowProperty":{"@type":"FlowProperty","@id":"f6811440-ee37-11de-8a39-0800200c9a66","name":"Energy"},"conversionFactor":1.0}]}