{"@context":"http://greendelta.github.io/olca-schema/context.jsonld","@type":"Flow","@id":"ceb4911b-104e-300a-b5a0-a488c79632d3","name":"Water; withdrawal from unspecified source, for winter wheat","version":"00.00.001","lastChange":"2018-07-24T15:11:49.239-04:00","category":{"@type":"Category","@id":"2f6ee760-b128-3a3f-8214-8304dedcd384","name":"in water"},"flowType":"ELEMENTARY_FLOW","infrastructureFlow":false,"flowProperties":[{"@type":"FlowPropertyFactor","referenceFlowProperty":true,"flowProperty":{"@type":"FlowProperty","@id":"93a60a56-a3c8-11da-a746-0800200b9a66","name":"Mass"},"conversionFactor":1.0}]}