{"@context":"http://greendelta.github.io/olca-schema/context.jsonld","@type":"Flow","@id":"d1cf6d75-521c-3023-a799-543d30487a6f","name":"CUTOFF irrigate; pressure, surface water source, winter wheat","version":"00.00.001","lastChange":"2018-07-24T15:11:44.162-04:00","category":{"@type":"Category","@id":"a67202c8-f4f6-3085-adc7-7fdf74dc63b2","name":"ISIC 3600: Water collection, treatment and supply"},"flowType":"PRODUCT_FLOW","infrastructureFlow":false,"flowProperties":[{"@type":"FlowPropertyFactor","referenceFlowProperty":true,"flowProperty":{"@type":"FlowProperty","@id":"93a60a56-a3c8-22da-a746-0800200c9a66","name":"Volume"},"conversionFactor":1.0}]}