{"@context":"http://greendelta.github.io/olca-schema/context.jsonld","@type":"Flow","@id":"d66f5c91-8156-3b73-9783-f781f4e4d91b","name":"Ammonium sulfate; unspec. appl. method in fert. at plant.; kg S","version":"00.00.002","lastChange":"2018-07-24T15:11:53.221-04:00","category":{"@type":"Category","@id":"38e33019-f897-3977-be83-953478aa1db1","name":"agricultural"},"flowType":"ELEMENTARY_FLOW","infrastructureFlow":false,"flowProperties":[{"@type":"FlowPropertyFactor","referenceFlowProperty":true,"flowProperty":{"@type":"FlowProperty","@id":"93a60a56-a3c8-11da-a746-0800200b9a66","name":"Mass"},"conversionFactor":1.0}]}