{"@context":"http://greendelta.github.io/olca-schema/context.jsonld","@type":"Flow","@id":"dd3f7130-9e01-39ce-8706-571bd0d7ab78","name":"work; combines for soybeans harvest, 2014 fleet, all fuels; 175-300HP","version":"00.00.001","lastChange":"2018-07-24T15:11:23.541-04:00","category":{"@type":"Category","@id":"554ccc3f-a786-36ee-96d2-afaa375312fb","name":"ISIC 0161: Support activities for crop production"},"flowType":"PRODUCT_FLOW","infrastructureFlow":false,"flowProperties":[{"@type":"FlowPropertyFactor","referenceFlowProperty":true,"flowProperty":{"@type":"FlowProperty","@id":"f6811440-ee37-11de-8a39-0800200c9a66","name":"Energy"},"conversionFactor":1.0}]}