{"@context":"http://greendelta.github.io/olca-schema/context.jsonld","@type":"Flow","@id":"eccb2875-0a83-302a-a4bf-aeb72657dfc9","name":"operation of Mintill row planter (Planter, narrow slot w/smooth or rippled coulter); for growing peanuts; at farm; 215HP tractor, R16-38","version":"00.00.001","lastChange":"2018-07-24T15:11:23.289-04:00","category":{"@type":"Category","@id":"554ccc3f-a786-36ee-96d2-afaa375312fb","name":"ISIC 0161: Support activities for crop production"},"flowType":"PRODUCT_FLOW","infrastructureFlow":false,"flowProperties":[{"@type":"FlowPropertyFactor","referenceFlowProperty":true,"flowProperty":{"@type":"FlowProperty","@id":"93a60a56-a3c8-19da-a746-0800200c9a66","name":"Area"},"conversionFactor":1.0}]}