{"@context":"http://greendelta.github.io/olca-schema/context.jsonld","@type":"Flow","@id":"f4085e91-608c-3c15-9887-7d893ed1b7c3","name":"operation of Field cultivator (Cultivator, field 6-12 in sweeps); for growing peanuts; at farm; 260HP tractor, 42 ft wide","version":"00.00.001","lastChange":"2018-07-24T15:11:23.050-04:00","category":{"@type":"Category","@id":"554ccc3f-a786-36ee-96d2-afaa375312fb","name":"ISIC 0161: Support activities for crop production"},"flowType":"PRODUCT_FLOW","infrastructureFlow":false,"flowProperties":[{"@type":"FlowPropertyFactor","referenceFlowProperty":true,"flowProperty":{"@type":"FlowProperty","@id":"93a60a56-a3c8-19da-a746-0800200c9a66","name":"Area"},"conversionFactor":1.0}]}