{"@context":"http://greendelta.github.io/olca-schema/context.jsonld","@type":"Flow","@id":"f716a1c9-3eab-38df-9e9a-37e9471c2e9e","name":"work; ag. tractors for growing corn, 2014 fleet, all fuels; 175-300HP","version":"00.00.001","lastChange":"2018-07-24T15:11:22.994-04:00","category":{"@type":"Category","@id":"554ccc3f-a786-36ee-96d2-afaa375312fb","name":"ISIC 0161: Support activities for crop production"},"flowType":"PRODUCT_FLOW","infrastructureFlow":false,"flowProperties":[{"@type":"FlowPropertyFactor","referenceFlowProperty":true,"flowProperty":{"@type":"FlowProperty","@id":"f6811440-ee37-11de-8a39-0800200c9a66","name":"Energy"},"conversionFactor":1.0}]}