{"@context":"http://greendelta.github.io/olca-schema/context.jsonld","@type":"Flow","@id":"f8d19d48-54e3-345d-846c-176d21b12644","name":"operation of Field cultivator (Cultivator, field w/ spike points); for growing rice; at farm; 260HP tractor, 42 ft wide","version":"00.00.001","lastChange":"2018-07-24T15:11:22.963-04:00","category":{"@type":"Category","@id":"554ccc3f-a786-36ee-96d2-afaa375312fb","name":"ISIC 0161: Support activities for crop production"},"flowType":"PRODUCT_FLOW","infrastructureFlow":false,"flowProperties":[{"@type":"FlowPropertyFactor","referenceFlowProperty":true,"flowProperty":{"@type":"FlowProperty","@id":"93a60a56-a3c8-19da-a746-0800200c9a66","name":"Area"},"conversionFactor":1.0}]}