{"@context":"http://greendelta.github.io/olca-schema/context.jsonld","@type":"Flow","@id":"fae648ed-73df-32be-8bac-756d9bfe5a75","name":"Ammonium nitrate; no broadcast in fert. in fall bef. plant.; kg N","version":"00.00.002","lastChange":"2018-07-24T15:11:52.261-04:00","category":{"@type":"Category","@id":"38e33019-f897-3977-be83-953478aa1db1","name":"agricultural"},"flowType":"ELEMENTARY_FLOW","infrastructureFlow":false,"flowProperties":[{"@type":"FlowPropertyFactor","referenceFlowProperty":true,"flowProperty":{"@type":"FlowProperty","@id":"93a60a56-a3c8-11da-a746-0800200b9a66","name":"Mass"},"conversionFactor":1.0}]}