{"@context":"http://greendelta.github.io/olca-schema/context.jsonld","@type":"Flow","@id":"fecc441b-68d8-3b63-b3b9-c490fceea917","name":"CUTOFF winter wheat seeds; nonGMO herbicide resistant seed; at point-of-sale","version":"00.00.001","lastChange":"2018-07-24T15:11:22.672-04:00","category":{"@type":"Category","@id":"453c5091-23cf-3de5-a456-87db51b8f688","name":"ISIC 0116: Growing of fibre crops"},"flowType":"PRODUCT_FLOW","infrastructureFlow":false,"flowProperties":[{"@type":"FlowPropertyFactor","referenceFlowProperty":true,"flowProperty":{"@type":"FlowProperty","@id":"93a60a56-a3c8-11da-a746-0800200b9a66","name":"Mass"},"conversionFactor":1.0}]}