{"@context":"http://greendelta.github.io/olca-schema/context.jsonld","@type":"Source","@id":"22107859-7e9a-4c44-b37e-7bbe80e7ce9b","name":"National Energy Technology Laboratory (NETL). 2010. Extraction natural gas from Barnett Shale","description":"NETL Unit Process Library: \r\n\r\nProcess Name: Extraction of natural gas (NG) from Barnett Shale\r\nReference Flow: 1 kg of natural gas from Barnett Shale\r\nBrief Description: Data for the extraction of natural gas from Barnett Shale.\r\n\r\nThis document should be cited as:\r\nNETL (2010). NETL Life Cycle Inventory Data – Unit Process: Extraction of natural gas (NG) from Barnett Shale. U.S. Department of Energy, National Energy Technology Laboratory. Last Updated: October 2010 (version 01). www.netl.doe.gov/energyanalyses (http://www.netl.doe.gov/energy-analyses)","version":"00.00.006","lastChange":"2021-04-06T15:16:32.364-04:00","category":{"@type":"Category","@id":"842a4a78-3205-3e80-9259-6a437f4195c9","name":"NETL Sources","categoryPath":["NETL Coal Sources"],"categoryType":"Source"},"url":"https://www.netl.doe.gov/projects/files/DF_Stage1_O_BarnettShale_NG_Extraction_2010-01.pdf","textReference":"NETL (2010). NETL Life Cycle Inventory Data – Unit Process: Extraction of natural gas (NG) from Barnett Shale. U.S. Department of Energy, National Energy Technology Laboratory. Last Updated: October 2010 (version 01). www.netl.doe.gov/energyanalyses (http://www.netl.doe.gov/energy-analyses)","year":2010}