{"@context":"http://greendelta.github.io/olca-schema/context.jsonld","@type":"Source","@id":"6efb81c2-fffb-437e-b18b-3cceeed85685","name":"National Energy Technology Laboratory (NETL). 2010. Extraction of natural gas (NG) from a conventional onshore oil well w associated NG","description":"NETL Unit Process Library: \r\nProcess Name: Extraction of natural gas (NG) from a conventional onshore oil well with associated NG\r\nReference Flow: 1 kg of natural gas, conventional, onshore associated\r\nBrief Description: Data for the extraction of natural gas from a conventional onshore petroleum well with associated natural gas.\r\n\r\nThis document should be cited as:\r\nNETL (2010). NETL Life Cycle Inventory Data – Unit Process: Extraction of natural gas (NG) from a conventional onshore oil well with Associated NG. U.S. Department of Energy, National Energy Technology Laboratory. Last Updated: October 2010 (version 01). www.netl.doe.gov/energy-analyses (http://www.netl.doe.gov/energy-analyses)","version":"00.00.007","lastChange":"2021-04-06T14:56:58.114-04:00","category":{"@type":"Category","@id":"842a4a78-3205-3e80-9259-6a437f4195c9","name":"NETL Sources","categoryPath":["NETL Coal Sources"],"categoryType":"Source"},"url":"https://www.netl.doe.gov/projects/files/DF_Stage1_O_Conventional_Onshore_Associated_NG_Extraction.pdf","textReference":"NETL (2010). NETL Life Cycle Inventory Data – Unit Process: Extraction of natural gas (NG) from a conventional onshore oil well with Associated NG. U.S. Department of Energy, National Energy Technology Laboratory. Last Updated: October 2010 (version 01). www.netl.doe.gov/energy-analyses (http://www.netl.doe.gov/energy-analyses)","year":2010}