{"@context":"http://greendelta.github.io/olca-schema/context.jsonld","@type":"Source","@id":"76f07a80-b627-4d3a-b270-9ff38b755c6a","name":"Edelen and Ingwersen 2017","description":"","version":"00.00.001","lastChange":"2017-06-29T14:53:45.591-04:00","url":"http://dx.doi.org/10.1007/s11367-017-1348-1","textReference":"Edelen, A. and W. Ingwersen. 2017. The creation, management and use of data quality information for life cycle assessment.  International Journal of Life Cycle Assessment","year":2017}