{"@context":"http://greendelta.github.io/olca-schema/context.jsonld","@type":"Source","@id":"c4f4a6c1-7a32-400b-96e8-e3813c57a78d","name":"National Energy Technology Laboratory (NETL). 2010.  Extraction of natural gas (NG) from a conventional offshore gas well","description":"NETL Unit Process Library: \r\n\r\nProcess Name: Extraction of natural gas (NG) from a conventional offshore gas well\r\nReference Flow: 1 kg of natural gas, conventional, offshore\r\nBrief Description:  Data for the extraction of natural gas from a conventional offshore gas well.\r\n\r\nThis document should be cited as:\r\nNETL (2010). NETL Life Cycle Inventory Data – Unit Process: Extraction of natural gas (NG) from a conventional offshore gas well. U.S. Department of Energy, National Energy Technology Laboratory. Last Updated: October 2010 (version 01). www.netl.doe.gov/energy-analyses (http://www.netl.doe.gov/energy-analyses)","version":"00.00.006","lastChange":"2021-04-06T15:12:09.734-04:00","category":{"@type":"Category","@id":"842a4a78-3205-3e80-9259-6a437f4195c9","name":"NETL Sources","categoryPath":["NETL Coal Sources"],"categoryType":"Source"},"url":"https://netl.doe.gov/projects/files/DF_Stage1_O_Conventional_Offshore_NG_Extraction_2010-01.pdf","textReference":"NETL (2010). NETL Life Cycle Inventory Data – Unit Process: Extraction of natural gas (NG) from a conventional offshore gas well. U.S. Department of Energy, National Energy Technology Laboratory. Last Updated: October 2010 (version 01). www.netl.doe.gov/energy-analyses (http://www.netl.doe.gov/energy-analyses)","year":2010}