{"@context":"http://greendelta.github.io/olca-schema/context.jsonld","@type":"Source","@id":"dfcabe10-2e8e-44d4-8ec3-7329e4dd7297","name":"National Energy Technology Laboratory (NETL). 2010. Extraction of natural gas (NG) from a conventional onshore gas well","description":"NETL Unit Process Library: \r\n\r\nProcess Name: Extraction of natural gas (NG) from a conventional onshore gas well\r\nReference Flow: 1 kg of natural gas, conventional, onshore\r\nBrief Description: Data for the extraction of natural gas from a conventional onshore gas well.\r\n\r\nThis document should be cited as:\r\nNETL (2010). NETL Life Cycle Inventory Data – Unit Process: Extraction of natural gas (NG) from a conventional onshore gas well. U.S. Department of Energy, National Energy Technology Laboratory. Last Updated: October 2010 (version 01). www.netl.doe.gov/energy-analyses (http://www.netl.doe.gov/energy-analyses)","version":"00.00.003","lastChange":"2021-04-06T15:30:32.005-04:00","category":{"@type":"Category","@id":"842a4a78-3205-3e80-9259-6a437f4195c9","name":"NETL Sources","categoryPath":["NETL Coal Sources"],"categoryType":"Source"},"url":"https://netl.doe.gov/projects/files/DF_Stage1_O_Conventional_Onshore_NG_Extraction_2010-01.pdf","textReference":"NETL (2010). NETL Life Cycle Inventory Data – Unit Process: Extraction of natural gas (NG) from a conventional onshore gas well. U.S. Department of Energy, National Energy Technology Laboratory. Last Updated: October 2010 (version 01). www.netl.doe.gov/energy-analyses (http://www.netl.doe.gov/energy-analyses)","year":2010}