{"@context":"http://greendelta.github.io/olca-schema/context.jsonld","@type":"Process","@id":"8c796d47-68ba-362c-8de7-1b9e5ce31a03","name":"operation of Moldboard plow (Plow, moldboard); for growing corn; at farm; 140HP tractor, 10 ft wide","description":"This unit process/ gate-to-gate dataset represents the use of a operation of moldboard plow (plow, moldboard) for 1 pass over 1 hectare (1 ha) for growing corn produced in North Dakota (US State).","version":"00.00.001","lastChange":"2018-07-24T15:11:40.286-04:00","category":{"@type":"Category","@id":"cd4c5b44-4435-3422-bbe6-4f0bf9e719b1","name":"ISIC 0161: Support activities for crop production"},"processType":"UNIT_PROCESS","infrastructureProcess":false,"location":{"@type":"Location","@id":"7d5a6438-e66c-37d7-b069-9f6cbb9efb22","name":"US-ND"},"processDocumentation":{"@type":"ProcessDocumentation","timeDescription":"Start and end dates were chosen to match the equipment data in the USDA LCA Commons.","technologyDescription":"Data for 1 ha represent 1 pass for the implement.  Included processes are implement construction, operation, storage, the use of spare parts, and retirement.  All flows are to or from the technosphere.","dataCollectionDescription":"Unit process data were compiled from 2013-2015.","completenessDescription":"To the best of the knowledge of the authors, all intermediate flows are accounted.  There are no flows to or from the environment.","dataTreatmentDescription":"Data development is demonstrated by parameterization (explicitly presents raw data and calculations). Flow data quality is presented according to the LCA Commons convention as described in Cooper, J.S., E. Kahn, Commentary on issues in data quality analysis in life cycle assessment. International Journal of Life Cycle Assessment 17(4) 499-503 (2012).","samplingDescription":"Boundary conditions are defined to represent typical operations for the crop and at the state level.  Uncertainty and variability are not considered.","restrictionsDescription":"Please attribute the use of these data to the \"Data Owner\" and the Life Cycle Assessment Commons, National Agricultural Library.  These LCA Commons data (Data) are provided by the National Agricultural Library (NAL), part of the Agricultural Research Service (ARS), U.S. Department of Agriculture (USDA). The United States Government (the Government) retains and the user acknowledges that the Government retains a non-exclusive, paid-up, irrevocable, worldwide license to publish or reproduce the published form of these data, or allow others to do so, for Government purposes. Access to and use of these Data shall impose the following obligations on the user, as set forth in this Agreement. The user is granted the right to use these Data under the terms of the Creative Commons CC0 1.0 Universal Public Domain Dedication (see Creative Commons CC0 1.0 Universals full legal code). The names USDA/ARS/NAL may not be used in any advertising or publicity to endorse or promote any products or commercial entities unless specific written permission is obtained from USDA/ARS/NAL. The user also understands that USDA/ARS/NAL is not obligated to provide the user with any support, consulting, training or assistance of any kind with regard to the use of these Data or to provide the user with any updates, revisions or new versions of these Data. YOU AGREE TO INDEMNIFY THE GOVERNMENT AND USDA/ARS/NAL, AND ITS CONTRIBUTORS, SUBSIDIARIES, AFFILIATES, OFFICERS, AGENTS, AND EMPLOYEES AGAINST ANY CLAIM OR DEMAND, INCLUDING REASONABLE ATTORNEY FEES, RELATED TO YOUR USE OF THESE DATA. THESE DATA ARE PROVIDED BY USDA/ARS/NAL AND ITS CONTRIBUTORS AS-IS AND ANY EXPRESS OR IMPLIED WARRANTIES, INCLUDING BUT NOT LIMITED TO, THE IMPLIED WARRANTIES OF MERCHANTABILITY AND FITNESS FOR A PARTICULAR PURPOSE ARE DISCLAIMED. IN NO EVENT SHALL THE GOVERNMENT OR USDA/ARS/NAL OR ITS CONTRIBUTORS BE LIABLE FOR ANY SPECIAL, INDIRECT OR CONSEQUENTIAL DAMAGES OR ANY DAMAGES WHATSOEVER, INCLUDING BUT NOT LIMITED TO CLAIMS ASSOCIATED WITH THE LOSS OF DATA OR PROFITS, WHICH MAY RESULT FROM AN ACTION IN CONTRACT, NEGLIGENCE OR OTHER TORTIOUS CLAIM THAT ARISES OUT OF OR IN CONNECTION WITH THE ACCESS, USE OR PERFORMANCE OF THESE DATA.\n","copyright":false,"validFrom":"2014-01-01-05:00","validUntil":"2014-12-31-05:00","creationDate":"2016-07-07T16:54:51-04:00","intendedApplication":"These data were developed as a part of a crop production product system, for use in \"Accounting\" and \"Micro-level decision support,\" situations C2 and A as described in European Commission - Joint Research Centre - Institute for Environment and Sustainablility: International Reference Life Cycle Data System (ILCD) Handbook - General guide for Life Cycle Assessment - Detailed Guidance. First edition March 2010. EUR 24708 EN. Luxembourg. Publications Office of the European Union; 2010.","projectDescription":"Data were prepared by the University of Washington Design for Environment Laboratory for the United States Department of Agriculture National Agricultural Library under cooperative agreement number 58-8201-0-149","geographyDescription":"The process is assumed to be operated in the State of North Dakota.","reviewer":{"@type":"Actor","@id":"f10c4f80-d602-4315-a5da-8c36cd906fb3","name":"LCA Commons Work Process Review Panel"},"dataDocumentor":{"@type":"Actor","@id":"24a9e595-cba9-308f-8191-78737c61fc1d","name":"Joyce Cooper"},"dataGenerator":{"@type":"Actor","@id":"24a9e595-cba9-308f-8191-78737c61fc1d","name":"Joyce Cooper"},"dataSetOwner":{"@type":"Actor","@id":"0631dcf9-ed32-499b-a5d1-ebb5004c29b9","name":"University of Washington Design for Environment Laboratory"},"publication":{"@type":"Source","@id":"18710428-2bb5-3060-b19a-423af71b84b8","name":"Unit Process Data for field operations: work processes and farm implements, Version 1"},"sources":[{"@type":"Source","@id":"18710428-2bb5-3060-b19a-423af71b84b8","name":"Unit Process Data for field operations: work processes and farm implements, Version 1"}]},"exchangeDqSystem":{"@type":"DQSystem","@id":"e7ac7cf6-5457-453e-99f9-d889826fffe8","name":"ecoinvent data quality system"},"parameters":[{"@context":"http://greendelta.github.io/olca-schema/context.jsonld","@type":"Parameter","@id":"67a53ca1-3ccb-49cf-a365-b75db19073ea","name":"impstoredhr15","description":"Implement hours stored","version":"00.00.000","parameterScope":"PROCESS_SCOPE","inputParameter":false,"value":91004.0,"formula":"imphrowned14-implife11"},{"@context":"http://greendelta.github.io/olca-schema/context.jsonld","@type":"Parameter","@id":"efbfee87-0c19-4b87-8e43-0b236f5f0021","name":"impstoredhrperhrused16","description":"Implement hours stored per hour used","version":"00.00.000","parameterScope":"PROCESS_SCOPE","inputParameter":false,"value":36.4016,"formula":"impstoredhr15/implife11"},{"@context":"http://greendelta.github.io/olca-schema/context.jsonld","@type":"Parameter","@id":"f0c33c31-eb24-4c54-bc26-441163d34a20","name":"impyrowned13","description":"Implement years owned","version":"00.00.000","parameterScope":"PROCESS_SCOPE","inputParameter":true,"value":10.6666666667},{"@context":"http://greendelta.github.io/olca-schema/context.jsonld","@type":"Parameter","@id":"c3599f69-7759-459d-856d-e0efce940c2f","name":"depthadjHP01","description":"Depth Adjusted HP, rounded to 5 HP","version":"00.00.000","parameterScope":"PROCESS_SCOPE","inputParameter":true,"value":140.0},{"@context":"http://greendelta.github.io/olca-schema/context.jsonld","@type":"Parameter","@id":"e01540d5-056a-49fe-bd13-41d5bf2b46ee","name":"fieldeff07","description":"Field efficiency","version":"00.00.000","parameterScope":"PROCESS_SCOPE","inputParameter":true,"value":85.0},{"@context":"http://greendelta.github.io/olca-schema/context.jsonld","@type":"Parameter","@id":"6f3b7679-3d54-4305-9a5e-a12b8df631dc","name":"implife11","description":"Implement life (hours)","version":"00.00.000","parameterScope":"PROCESS_SCOPE","inputParameter":true,"value":2500.0},{"@context":"http://greendelta.github.io/olca-schema/context.jsonld","@type":"Parameter","@id":"9e4c87e0-5f82-43ee-9b03-e74f9aec81fe","name":"impstoredhrperha17","description":"Implement hours stored per hectare","version":"00.00.000","parameterScope":"PROCESS_SCOPE","inputParameter":false,"value":14.8417786572,"formula":"impstoredhrperhrused16*hoursperhectare10"},{"@context":"http://greendelta.github.io/olca-schema/context.jsonld","@type":"Parameter","@id":"d8bf5f4f-6735-428e-9041-5ffd684e073e","name":"hoursperacre08","description":"Hours per acre","version":"00.00.000","parameterScope":"PROCESS_SCOPE","inputParameter":false,"value":0.165,"formula":"8.25/(speed06*implementwidth03*fieldeff07/100)"},{"@context":"http://greendelta.github.io/olca-schema/context.jsonld","@type":"Parameter","@id":"1770001e-f668-42bf-80c1-a9cabc735710","name":"MJperpassperhectare09","description":"MJ per pass per hectare","version":"00.00.000","parameterScope":"PROCESS_SCOPE","inputParameter":false,"value":153.2385165101,"formula":"depthadjHP01*hoursperacre08*2.471054*3600/1341"},{"@context":"http://greendelta.github.io/olca-schema/context.jsonld","@type":"Parameter","@id":"16105da9-5d60-4428-bf72-3b75dcb6c28f","name":"implifefraction12","description":"Implement life fraction","version":"00.00.000","parameterScope":"PROCESS_SCOPE","inputParameter":false,"value":1.630893E-4,"formula":"hoursperhectare10/implife11"},{"@context":"http://greendelta.github.io/olca-schema/context.jsonld","@type":"Parameter","@id":"1ba39002-ac97-443a-a813-942ce22f73d2","name":"implementwidth03","description":"Implement width (ft)","version":"00.00.000","parameterScope":"PROCESS_SCOPE","inputParameter":true,"value":10.0},{"@context":"http://greendelta.github.io/olca-schema/context.jsonld","@type":"Parameter","@id":"5a86f679-9fc7-4124-949a-8d47d4e45a82","name":"hoursperhectare10","description":"Hours per hectare","version":"00.00.000","parameterScope":"PROCESS_SCOPE","inputParameter":false,"value":0.40772325,"formula":"hoursperacre08*2.47105"},{"@context":"http://greendelta.github.io/olca-schema/context.jsonld","@type":"Parameter","@id":"a2558cc7-b876-483e-8c41-1d362c1e890d","name":"speed06","description":"Recommended speed (mph)","version":"00.00.000","parameterScope":"PROCESS_SCOPE","inputParameter":true,"value":5.0},{"@context":"http://greendelta.github.io/olca-schema/context.jsonld","@type":"Parameter","@id":"df4aa9a2-c97e-453f-999c-7c059f2550cf","name":"imphrowned14","description":"Implement hours owned","version":"00.00.000","parameterScope":"PROCESS_SCOPE","inputParameter":false,"value":93504.0,"formula":"impyrowned13*365.25*24"}],"exchanges":[{"@type":"Exchange","avoidedProduct":false,"input":false,"amount":1.0,"internalId":1,"flow":{"@type":"Flow","@id":"7c0d46ea-04f0-38e5-acde-20df1bf604dd","name":"operation of Moldboard plow (Plow, moldboard); for growing corn; at farm; 140HP tractor, 10 ft wide","flowType":"PRODUCT_FLOW"},"unit":{"@type":"Unit","@id":"debee4d9-bc47-4e35-8624-4957ecb75386","name":"ha"},"flowProperty":{"@type":"FlowProperty","@id":"93a60a56-a3c8-19da-a746-0800200c9a66","name":"Area"},"quantitativeReference":true},{"@type":"Exchange","avoidedProduct":false,"input":true,"amount":153.2385165101,"amountFormula":"MJperpassperhectare09","dqEntry":"LCADC data quality {A,B,A,A,A,B,B}","internalId":5,"defaultProvider":{"@type":"Process","@id":"54fcc06f-174c-46d4-6481-c022afc766b1","name":"work; ag. tractors for growing corn, 2014 fleet, all fuels; 100-175HP"},"flow":{"@type":"Flow","@id":"5cb134d2-2f5c-33bf-b5bd-70b0cbec697e","name":"work; ag. tractors for growing corn, 2014 fleet, all fuels; 100-175HP","flowType":"PRODUCT_FLOW"},"unit":{"@type":"Unit","@id":"52765a6c-3896-43c2-b2f4-c679acf13efe","name":"MJ"},"flowProperty":{"@type":"FlowProperty","@id":"f6811440-ee37-11de-8a39-0800200c9a66","name":"Energy"}},{"@type":"Exchange","avoidedProduct":false,"input":true,"amount":1.630893E-4,"amountFormula":"implifefraction12","dqEntry":"LCADC data quality {A,B,A,A,A,B,B}","internalId":6,"flow":{"@type":"Flow","@id":"6c61581b-6fc4-344c-889b-b42eed8153a7","name":"CUTOFF production; plow, moldboard; at farm","flowType":"PRODUCT_FLOW"},"unit":{"@type":"Unit","@id":"6dabe201-aaac-4509-92f0-d00c26cb72ab","name":"Item(s)"},"flowProperty":{"@type":"FlowProperty","@id":"01846770-4cfe-4a25-8ad9-919d8d378345","name":"Number of items"}},{"@type":"Exchange","avoidedProduct":false,"input":true,"amount":1.630893E-4,"amountFormula":"implifefraction12","dqEntry":"LCADC data quality {A,B,A,A,A,B,B}","internalId":2,"flow":{"@type":"Flow","@id":"2ea7fdaa-0cf7-33f4-8495-86376a3b988c","name":"CUTOFF maintenance; plow, moldboard; at farm","flowType":"PRODUCT_FLOW"},"unit":{"@type":"Unit","@id":"6dabe201-aaac-4509-92f0-d00c26cb72ab","name":"Item(s)"},"flowProperty":{"@type":"FlowProperty","@id":"01846770-4cfe-4a25-8ad9-919d8d378345","name":"Number of items"}},{"@type":"Exchange","avoidedProduct":false,"input":true,"amount":14.8417786572,"amountFormula":"impstoredhrperha17","dqEntry":"LCADC data quality {A,B,A,A,A,B,B}","internalId":3,"flow":{"@type":"Flow","@id":"f5623af3-7a61-3a61-b57d-f11d5f18609e","name":"CUTOFF storage time; farm equipment; at farm","flowType":"PRODUCT_FLOW"},"unit":{"@type":"Unit","@id":"227a54d9-44e7-468c-b8bb-f2dd1ae68c7a","name":"h"},"flowProperty":{"@type":"FlowProperty","@id":"c0447923-0e60-4b3c-97c2-a86dddd9eea5","name":"Duration"}},{"@type":"Exchange","avoidedProduct":false,"input":true,"amount":1.630893E-4,"amountFormula":"implifefraction12","dqEntry":"LCADC data quality {A,B,A,A,A,B,B}","internalId":4,"flow":{"@type":"Flow","@id":"773231e8-8213-3707-ac80-332d7cd62823","name":"CUTOFF equipment retirement; plow, moldboard; at farm","flowType":"PRODUCT_FLOW"},"unit":{"@type":"Unit","@id":"6dabe201-aaac-4509-92f0-d00c26cb72ab","name":"Item(s)"},"flowProperty":{"@type":"FlowProperty","@id":"01846770-4cfe-4a25-8ad9-919d8d378345","name":"Number of items"}}]}