{"@context":"http://greendelta.github.io/olca-schema/context.jsonld","@type":"Process","@id":"d3d043bd-cc5b-3d3f-9768-87bf94fa8a52","name":"apply pesticide; in seed furrow, furrow shaper, corn; at farm","description":"This unit process/ gate-to-gate dataset represents the mix of farm implements using in seed furrow application equipment over 1 hectare (1 ha) of corn produced in Michigan (US State).","version":"00.00.001","lastChange":"2018-07-24T15:11:34.809-04:00","category":{"@type":"Category","@id":"cd4c5b44-4435-3422-bbe6-4f0bf9e719b1","name":"ISIC 0161: Support activities for crop production"},"processType":"UNIT_PROCESS","infrastructureProcess":false,"location":{"@type":"Location","@id":"bb966cd1-e1ba-33fd-8375-56d66970d7df","name":"US-MI"},"processDocumentation":{"@type":"ProcessDocumentation","timeDescription":"Start and end dates were chosen to match the equipment data in the USDA LCA Commons.","technologyDescription":"Data for 1 ha represent the number of passes for each type of implement.  Included processes represent the mix of implements using in seed furrow application equipment.  All flows are to or from the technosphere.","dataCollectionDescription":"Unit process data were compiled from 2013-2015.","completenessDescription":"To the best of the knowledge of the authors, all intermediate flows are accounted.  Because this process represents the mix of implements used, there are no flows to or from the environment.","dataTreatmentDescription":"Data development is demonstrated by parameterization (explicitly presents raw data and calculations). Flow data quality is presented according to the LCA Commons convention as described in Cooper, J.S., E. Kahn, Commentary on issues in data quality analysis in life cycle assessment. International Journal of Life Cycle Assessment 17(4) 499-503 (2012).","samplingDescription":"Boundary conditions are defined to represent typical operations for the crop and at the state level.  Uncertainty and variability are not considered.","restrictionsDescription":"Please attribute the use of these data to the \"Data Owner\" and the Life Cycle Assessment Commons, National Agricultural Library.  These LCA Commons data (Data) are provided by the National Agricultural Library (NAL), part of the Agricultural Research Service (ARS), U.S. Department of Agriculture (USDA). The United States Government (the Government) retains and the user acknowledges that the Government retains a non-exclusive, paid-up, irrevocable, worldwide license to publish or reproduce the published form of these data, or allow others to do so, for Government purposes. Access to and use of these Data shall impose the following obligations on the user, as set forth in this Agreement. The user is granted the right to use these Data under the terms of the Creative Commons CC0 1.0 Universal Public Domain Dedication (see Creative Commons CC0 1.0 Universals full legal code). The names USDA/ARS/NAL may not be used in any advertising or publicity to endorse or promote any products or commercial entities unless specific written permission is obtained from USDA/ARS/NAL. The user also understands that USDA/ARS/NAL is not obligated to provide the user with any support, consulting, training or assistance of any kind with regard to the use of these Data or to provide the user with any updates, revisions or new versions of these Data. YOU AGREE TO INDEMNIFY THE GOVERNMENT AND USDA/ARS/NAL, AND ITS CONTRIBUTORS, SUBSIDIARIES, AFFILIATES, OFFICERS, AGENTS, AND EMPLOYEES AGAINST ANY CLAIM OR DEMAND, INCLUDING REASONABLE ATTORNEY FEES, RELATED TO YOUR USE OF THESE DATA. THESE DATA ARE PROVIDED BY USDA/ARS/NAL AND ITS CONTRIBUTORS AS-IS AND ANY EXPRESS OR IMPLIED WARRANTIES, INCLUDING BUT NOT LIMITED TO, THE IMPLIED WARRANTIES OF MERCHANTABILITY AND FITNESS FOR A PARTICULAR PURPOSE ARE DISCLAIMED. IN NO EVENT SHALL THE GOVERNMENT OR USDA/ARS/NAL OR ITS CONTRIBUTORS BE LIABLE FOR ANY SPECIAL, INDIRECT OR CONSEQUENTIAL DAMAGES OR ANY DAMAGES WHATSOEVER, INCLUDING BUT NOT LIMITED TO CLAIMS ASSOCIATED WITH THE LOSS OF DATA OR PROFITS, WHICH MAY RESULT FROM AN ACTION IN CONTRACT, NEGLIGENCE OR OTHER TORTIOUS CLAIM THAT ARISES OUT OF OR IN CONNECTION WITH THE ACCESS, USE OR PERFORMANCE OF THESE DATA.\n","copyright":false,"validFrom":"2014-01-01-05:00","validUntil":"2014-12-31-05:00","creationDate":"2016-07-07T16:54:51-04:00","intendedApplication":"These data were developed as a part of a crop production product system, for use in \"Accounting\" and \"Micro-level decision support,\" situations C2 and A as described in European Commission - Joint Research Centre - Institute for Environment and Sustainablility: International Reference Life Cycle Data System (ILCD) Handbook - General guide for Life Cycle Assessment - Detailed Guidance. First edition March 2010. EUR 24708 EN. Luxembourg. Publications Office of the European Union; 2010.","projectDescription":"Data were prepared by the University of Washington Design for Environment Laboratory for the United States Department of Agriculture National Agricultural Library under cooperative agreement number 58-8201-0-149","geographyDescription":"The process is assumed to be operated in the State of Michigan.","reviewer":{"@type":"Actor","@id":"f10c4f80-d602-4315-a5da-8c36cd906fb3","name":"LCA Commons Work Process Review Panel"},"dataDocumentor":{"@type":"Actor","@id":"24a9e595-cba9-308f-8191-78737c61fc1d","name":"Joyce Cooper"},"dataGenerator":{"@type":"Actor","@id":"24a9e595-cba9-308f-8191-78737c61fc1d","name":"Joyce Cooper"},"dataSetOwner":{"@type":"Actor","@id":"0631dcf9-ed32-499b-a5d1-ebb5004c29b9","name":"University of Washington Design for Environment Laboratory"},"publication":{"@type":"Source","@id":"18710428-2bb5-3060-b19a-423af71b84b8","name":"Unit Process Data for field operations: work processes and farm implements, Version 1"},"sources":[{"@type":"Source","@id":"18710428-2bb5-3060-b19a-423af71b84b8","name":"Unit Process Data for field operations: work processes and farm implements, Version 1"}]},"exchangeDqSystem":{"@type":"DQSystem","@id":"e7ac7cf6-5457-453e-99f9-d889826fffe8","name":"ecoinvent data quality system"},"parameters":[{"@context":"http://greendelta.github.io/olca-schema/context.jsonld","@type":"Parameter","@id":"dde68a08-59cf-471d-bc4a-c141de0778b9","name":"smallfurrowshapertorpedo147","description":"Small implement passes","version":"00.00.000","parameterScope":"PROCESS_SCOPE","inputParameter":false,"value":0.0912598677,"formula":"fractionsmallimplements01*furrowshapertorpedo32"},{"@context":"http://greendelta.github.io/olca-schema/context.jsonld","@type":"Parameter","@id":"ef3a2d68-8c0e-4537-a563-93cd42fa4cb5","name":"mediumfurrowshapertorpedo262","description":"Medium implement passes","version":"00.00.000","parameterScope":"PROCESS_SCOPE","inputParameter":false,"value":0.2977543475,"formula":"fractionmediumimplements02*furrowshapertorpedo32"},{"@context":"http://greendelta.github.io/olca-schema/context.jsonld","@type":"Parameter","@id":"828982ca-e27c-477d-9b9f-e39990a37192","name":"largefurrowshapertorpedo377","description":"Large implement passes","version":"00.00.000","parameterScope":"PROCESS_SCOPE","inputParameter":false,"value":0.6109857847,"formula":"fractionlargeimplements03*furrowshapertorpedo32"},{"@context":"http://greendelta.github.io/olca-schema/context.jsonld","@type":"Parameter","@id":"91257ab2-79c0-43aa-b8ff-47897992e5fc","name":"fractionsmallimplements01","description":"Fraction of passes using small implements","version":"00.00.000","parameterScope":"PROCESS_SCOPE","inputParameter":true,"value":0.0912598677},{"@context":"http://greendelta.github.io/olca-schema/context.jsonld","@type":"Parameter","@id":"fc3c5f42-1010-4eb8-8aa2-e01b43b4239e","name":"bandsprayer80","description":"Sum of small, medium, and large implement passes","version":"00.00.000","parameterScope":"PROCESS_SCOPE","inputParameter":true,"value":1.0},{"@context":"http://greendelta.github.io/olca-schema/context.jsonld","@type":"Parameter","@id":"e52d5275-0e5b-4989-a22d-a2be0ac7640f","name":"largebandsprayer425","description":"Large implement passes","version":"00.00.000","parameterScope":"PROCESS_SCOPE","inputParameter":false,"value":0.6109857847,"formula":"fractionlargeimplements03*bandsprayer80"},{"@context":"http://greendelta.github.io/olca-schema/context.jsonld","@type":"Parameter","@id":"ff96034c-91a0-4eb6-a278-190f0077c577","name":"fractionmediumimplements02","description":"Fraction of passes using medium implements","version":"00.00.000","parameterScope":"PROCESS_SCOPE","inputParameter":true,"value":0.2977543475},{"@context":"http://greendelta.github.io/olca-schema/context.jsonld","@type":"Parameter","@id":"db5b3541-c977-4cc5-8f5a-ad14e5525b95","name":"furrowshapertorpedo32","description":"Sum of small, medium, and large implement passes","version":"00.00.000","parameterScope":"PROCESS_SCOPE","inputParameter":true,"value":1.0},{"@context":"http://greendelta.github.io/olca-schema/context.jsonld","@type":"Parameter","@id":"b04fa824-d0e1-4ea8-98b5-eeab6739f515","name":"fractionlargeimplements03","description":"Fraction of passes using large implements","version":"00.00.000","parameterScope":"PROCESS_SCOPE","inputParameter":true,"value":0.6109857847},{"@context":"http://greendelta.github.io/olca-schema/context.jsonld","@type":"Parameter","@id":"8b528c74-08b2-4234-886a-8e6bce9da136","name":"mediumbandsprayer310","description":"Medium implement passes","version":"00.00.000","parameterScope":"PROCESS_SCOPE","inputParameter":false,"value":0.2977543475,"formula":"fractionmediumimplements02*bandsprayer80"},{"@context":"http://greendelta.github.io/olca-schema/context.jsonld","@type":"Parameter","@id":"f18ec3ae-b5ea-4427-9ce8-f735820a7cc7","name":"smallbandsprayer195","description":"Small implement passes","version":"00.00.000","parameterScope":"PROCESS_SCOPE","inputParameter":false,"value":0.0912598677,"formula":"fractionsmallimplements01*bandsprayer80"}],"exchanges":[{"@type":"Exchange","avoidedProduct":false,"input":false,"amount":1.0,"internalId":1,"flow":{"@type":"Flow","@id":"b54b3234-65c7-3d38-98d9-c3e697c40f32","name":"apply pesticide; in seed furrow, furrow shaper, corn; at farm","flowType":"PRODUCT_FLOW"},"unit":{"@type":"Unit","@id":"debee4d9-bc47-4e35-8624-4957ecb75386","name":"ha"},"flowProperty":{"@type":"FlowProperty","@id":"93a60a56-a3c8-19da-a746-0800200c9a66","name":"Area"},"quantitativeReference":true},{"@type":"Exchange","avoidedProduct":false,"input":true,"amount":0.0912598677,"amountFormula":"smallfurrowshapertorpedo147","dqEntry":"LCADC data quality {A,B,A,A,A,B,B}","internalId":6,"defaultProvider":{"@type":"Process","@id":"2bb94282-4b21-3eb3-8d08-32b2120cda4e","name":"operation of Bedder (Furrow shaper, torpedo); for growing corn; at farm; 100HP tractor, 40 ft wide"},"flow":{"@type":"Flow","@id":"c84d24a6-1b8f-3fcd-bf0a-05f720a64e6e","name":"operation of Bedder (Furrow shaper, torpedo); for growing corn; at farm; 100HP tractor, 40 ft wide","flowType":"PRODUCT_FLOW"},"unit":{"@type":"Unit","@id":"debee4d9-bc47-4e35-8624-4957ecb75386","name":"ha"},"flowProperty":{"@type":"FlowProperty","@id":"93a60a56-a3c8-19da-a746-0800200c9a66","name":"Area"}},{"@type":"Exchange","avoidedProduct":false,"input":true,"amount":0.6109857847,"amountFormula":"largebandsprayer425","dqEntry":"LCADC data quality {A,B,A,A,A,B,B}","internalId":3,"defaultProvider":{"@type":"Process","@id":"ac3de060-ea76-3f25-bf11-3e0cd9d70bdd","name":"operation of Band sprayer; for growing corn; at farm; 170HP tractor, 50 ft wide"},"flow":{"@type":"Flow","@id":"5da42102-0021-3b30-a355-e7dacc274aa9","name":"operation of Band sprayer; for growing corn; at farm; 170HP tractor, 50 ft wide","flowType":"PRODUCT_FLOW"},"unit":{"@type":"Unit","@id":"debee4d9-bc47-4e35-8624-4957ecb75386","name":"ha"},"flowProperty":{"@type":"FlowProperty","@id":"93a60a56-a3c8-19da-a746-0800200c9a66","name":"Area"}},{"@type":"Exchange","avoidedProduct":false,"input":true,"amount":0.6109857847,"amountFormula":"largefurrowshapertorpedo377","dqEntry":"LCADC data quality {A,B,A,A,A,B,B}","internalId":7,"defaultProvider":{"@type":"Process","@id":"2bb94282-4b21-3eb3-8d08-32b2120cda4e","name":"operation of Bedder (Furrow shaper, torpedo); for growing corn; at farm; 100HP tractor, 40 ft wide"},"flow":{"@type":"Flow","@id":"c84d24a6-1b8f-3fcd-bf0a-05f720a64e6e","name":"operation of Bedder (Furrow shaper, torpedo); for growing corn; at farm; 100HP tractor, 40 ft wide","flowType":"PRODUCT_FLOW"},"unit":{"@type":"Unit","@id":"debee4d9-bc47-4e35-8624-4957ecb75386","name":"ha"},"flowProperty":{"@type":"FlowProperty","@id":"93a60a56-a3c8-19da-a746-0800200c9a66","name":"Area"}},{"@type":"Exchange","avoidedProduct":false,"input":true,"amount":0.0912598677,"amountFormula":"smallbandsprayer195","dqEntry":"LCADC data quality {A,B,A,A,A,B,B}","internalId":2,"defaultProvider":{"@type":"Process","@id":"ac3de060-ea76-3f25-bf11-3e0cd9d70bdd","name":"operation of Band sprayer; for growing corn; at farm; 170HP tractor, 50 ft wide"},"flow":{"@type":"Flow","@id":"5da42102-0021-3b30-a355-e7dacc274aa9","name":"operation of Band sprayer; for growing corn; at farm; 170HP tractor, 50 ft wide","flowType":"PRODUCT_FLOW"},"unit":{"@type":"Unit","@id":"debee4d9-bc47-4e35-8624-4957ecb75386","name":"ha"},"flowProperty":{"@type":"FlowProperty","@id":"93a60a56-a3c8-19da-a746-0800200c9a66","name":"Area"}},{"@type":"Exchange","avoidedProduct":false,"input":true,"amount":0.2977543475,"amountFormula":"mediumfurrowshapertorpedo262","dqEntry":"LCADC data quality {A,B,A,A,A,B,B}","internalId":4,"defaultProvider":{"@type":"Process","@id":"2bb94282-4b21-3eb3-8d08-32b2120cda4e","name":"operation of Bedder (Furrow shaper, torpedo); for growing corn; at farm; 100HP tractor, 40 ft wide"},"flow":{"@type":"Flow","@id":"c84d24a6-1b8f-3fcd-bf0a-05f720a64e6e","name":"operation of Bedder (Furrow shaper, torpedo); for growing corn; at farm; 100HP tractor, 40 ft wide","flowType":"PRODUCT_FLOW"},"unit":{"@type":"Unit","@id":"debee4d9-bc47-4e35-8624-4957ecb75386","name":"ha"},"flowProperty":{"@type":"FlowProperty","@id":"93a60a56-a3c8-19da-a746-0800200c9a66","name":"Area"}},{"@type":"Exchange","avoidedProduct":false,"input":true,"amount":0.2977543475,"amountFormula":"mediumbandsprayer310","dqEntry":"LCADC data quality {A,B,A,A,A,B,B}","internalId":5,"defaultProvider":{"@type":"Process","@id":"ac3de060-ea76-3f25-bf11-3e0cd9d70bdd","name":"operation of Band sprayer; for growing corn; at farm; 170HP tractor, 50 ft wide"},"flow":{"@type":"Flow","@id":"5da42102-0021-3b30-a355-e7dacc274aa9","name":"operation of Band sprayer; for growing corn; at farm; 170HP tractor, 50 ft wide","flowType":"PRODUCT_FLOW"},"unit":{"@type":"Unit","@id":"debee4d9-bc47-4e35-8624-4957ecb75386","name":"ha"},"flowProperty":{"@type":"FlowProperty","@id":"93a60a56-a3c8-19da-a746-0800200c9a66","name":"Area"}}]}