{"@context":"http://greendelta.github.io/olca-schema/context.jsonld","@type":"Actor","@id":"fb76e0cb-48dd-44e4-bafc-1bbbcbefeb9f","name":"LCA Commons Crop Data Peer Review Panel","description":"A panel reviewed initial Version 1 data formatting rules and field crop production flow data estimation methods in the spring and summer of 2011. A second panel convened during March 2012, engaged additional crop production data experts in a rereview of the technical content of the Version 1 data. First review panel: Rob Anex (Biological Systems Engineering, University of Wisconsin - Madison), Rick Bergman (Forest Products Laboratory, USDA Forest Service), Bob Dubman (Economic Research Service, USDA ), Jason Hill (Bioproducts and Biosystems Engineering, University of Minnesota), Jane Johnson (Agricultural Research Service, USDA), D.K. Lee (College of Agricultural, University of Illinois at Urbana-Champaign), Shelie Miller (School of Natural Resources and Environment, University of Michigan), Greg Roth (College of Agricultural Sciences, Penn State), and Greg Thoma (Chemical Engineering, University of Arkansas).  Second review panel: Rob Anex (Biological Systems Engineering, University of Wisconsin Madison), Mike Edgerton (Monsanto), Jane Johnson (Agricultural Research Service, USDA), Tony Vyn (Agronomy Department, Purdue University), Marty Matlock (Department of Biological and Agricultural Engineering, University of Arkansas), David Muth (Biofuels and Renewable Energy, Idaho National Laboratory, USDOE), Robert Ebel (Economic Research Service, USDA), Andrew Lenssen (Agronomy Department, Iowa State University), and Sangwon Suh (Bren School of Environmental Science and Management, University of California Santa Barbara).","version":"00.00.000"}